-- phpMyAdmin SQL Dump
-- version 5.1.1
-- https://www.phpmyadmin.net/
--
-- 主機： 127.0.0.1
-- 產生時間： 2022-02-14 01:12:04
-- 伺服器版本： 10.4.20-MariaDB
-- PHP 版本： 7.3.29

SET SQL_MODE = "NO_AUTO_VALUE_ON_ZERO";
START TRANSACTION;
SET time_zone = "+00:00";


/*!40101 SET @OLD_CHARACTER_SET_CLIENT=@@CHARACTER_SET_CLIENT */;
/*!40101 SET @OLD_CHARACTER_SET_RESULTS=@@CHARACTER_SET_RESULTS */;
/*!40101 SET @OLD_COLLATION_CONNECTION=@@COLLATION_CONNECTION */;
/*!40101 SET NAMES utf8mb4 */;

--
-- 資料庫: `game`
--

-- --------------------------------------------------------

--
-- 資料表結構 `monster_tab`
--

CREATE TABLE `monster_tab` (
  `ms_id` bigint(20) NOT NULL,
  `ms_name` varchar(20) NOT NULL,
  `ms_hp` int(20) NOT NULL,
  `ms_attack` int(20) NOT NULL
) ENGINE=InnoDB DEFAULT CHARSET=utf8;

--
-- 傾印資料表的資料 `monster_tab`
--

INSERT INTO `monster_tab` (`ms_id`, `ms_name`, `ms_hp`, `ms_attack`) VALUES
(1, 'A', 10, 1),
(2, 'B', 20, 1),
(3, 'C', 25, 3),
(4, 'D', 30, 2),
(5, 'E', 35, 4),
(6, 'F', 40, 3),
(7, 'G', 45, 6),
(8, 'H', 50, 3),
(9, 'I', 55, 2),
(10, 'J', 60, 14);

-- --------------------------------------------------------

--
-- 資料表結構 `msg_tab`
--

CREATE TABLE `msg_tab` (
  `msg_id` bigint(20) NOT NULL,
  `msg_sg_id` bigint(20) NOT NULL,
  `msg_content` text NOT NULL
) ENGINE=InnoDB DEFAULT CHARSET=utf8;

--
-- 傾印資料表的資料 `msg_tab`
--

INSERT INTO `msg_tab` (`msg_id`, `msg_sg_id`, `msg_content`) VALUES
(29, 59, 'player: 攻擊 C 造成傷害 30'),
(30, 59, 'C已擊敗，玩家贏得勝利'),
(31, 59, 'player: 攻擊 A 造成傷害 30'),
(32, 59, 'A已擊敗，玩家贏得勝利'),
(33, 59, 'player: 攻擊 D 造成傷害 30'),
(34, 59, 'D已擊敗，玩家贏得勝利'),
(35, 59, 'player: 攻擊 B 造成傷害 30'),
(36, 59, 'B已擊敗，玩家贏得勝利'),
(37, 59, 'player: 攻擊 D 造成傷害 30'),
(38, 59, 'D已擊敗，玩家贏得勝利'),
(39, 59, 'player: 攻擊 C 造成傷害 30'),
(40, 59, 'C已擊敗，玩家贏得勝利'),
(41, 59, 'player: 攻擊 F 造成傷害 30'),
(42, 59, 'player: 攻擊 F 造成傷害 30'),
(43, 59, 'F已擊敗，玩家贏得勝利'),
(44, 60, 'player: 攻擊  造成傷害 30'),
(45, 60, 'player: 攻擊  造成傷害 30'),
(46, 60, '已擊敗，玩家贏得勝利'),
(47, 60, 'player: 攻擊 H 造成傷害 30'),
(48, 60, 'player: 攻擊 H 造成傷害 30'),
(49, 60, 'H已擊敗，玩家贏得勝利'),
(50, 59, 'player: 攻擊 D 造成傷害 30'),
(51, 59, 'D已擊敗，玩家贏得勝利'),
(52, 59, 'player: 攻擊 I 造成傷害 30'),
(53, 59, 'player: 攻擊 I 造成傷害 30'),
(54, 59, 'I已擊敗，玩家贏得勝利'),
(55, 59, 'player: 攻擊 A 造成傷害 30'),
(56, 59, 'A已擊敗，玩家贏得勝利'),
(57, 59, 'player: 攻擊 E 造成傷害 30'),
(58, 59, 'player: 攻擊 E 造成傷害 30'),
(59, 59, 'E已擊敗，玩家贏得勝利'),
(60, 59, 'player: 攻擊 I 造成傷害 30'),
(61, 59, 'player: 攻擊 I 造成傷害 30'),
(62, 59, 'I已擊敗，玩家贏得勝利'),
(63, 59, 'player: 攻擊 A 造成傷害 30'),
(64, 59, 'A已擊敗，玩家贏得勝利'),
(65, 0, 'player: 攻擊 B 造成傷害 30'),
(66, 0, 'B已擊敗，玩家贏得勝利'),
(67, 0, 'player: 攻擊 B 造成傷害 30'),
(68, 0, 'B已擊敗，玩家贏得勝利'),
(69, 59, 'player: 攻擊 B 造成傷害 30'),
(70, 59, 'B已擊敗，玩家贏得勝利'),
(71, 59, 'player: 攻擊 I 造成傷害 30'),
(72, 59, 'player: 攻擊 I 造成傷害 30'),
(73, 59, 'I已擊敗，玩家贏得勝利'),
(74, 59, 'player: 攻擊 A 造成傷害 30'),
(75, 59, 'A已擊敗，玩家贏得勝利'),
(76, 59, 'player: 攻擊 E 造成傷害 30'),
(77, 59, 'player: 攻擊 E 造成傷害 30'),
(78, 59, 'E已擊敗，玩家贏得勝利'),
(79, 59, 'player: 攻擊 H 造成傷害 30'),
(80, 59, 'player: 攻擊 H 造成傷害 30'),
(81, 59, 'H已擊敗，玩家贏得勝利'),
(82, 59, 'player: 攻擊 B 造成傷害 30'),
(83, 59, 'B已擊敗，玩家贏得勝利'),
(84, 59, 'player: 攻擊 C 造成傷害 30'),
(85, 59, 'C已擊敗，玩家贏得勝利'),
(86, 59, 'player: 攻擊 A 造成傷害 30'),
(87, 59, 'A已擊敗，玩家贏得勝利'),
(88, 61, 'player: 攻擊 A 造成傷害 30'),
(89, 61, 'player: 攻擊 A 造成傷害 30'),
(90, 61, 'A已擊敗，玩家贏得勝利'),
(91, 61, 'player: 攻擊 G 造成傷害 30'),
(92, 61, 'player: 攻擊 G 造成傷害 30'),
(93, 61, 'G已擊敗，玩家贏得勝利'),
(94, 61, 'player: 攻擊 G 造成傷害 30'),
(95, 61, 'player: 攻擊 G 造成傷害 5'),
(96, 61, 'player: 攻擊 G 造成傷害 5'),
(97, 61, 'player: 攻擊 G 造成傷害 5'),
(98, 61, 'G已擊敗，玩家贏得勝利'),
(99, 61, 'G: 攻擊 player 造成傷害 6'),
(100, 61, 'player: 攻擊 G 造成傷害 5'),
(101, 61, 'G: 攻擊 player 造成傷害 6'),
(102, 61, 'player: 攻擊 G 造成傷害 5'),
(103, 61, 'G: 攻擊 player 造成傷害 6'),
(104, 61, 'player: 攻擊 G 造成傷害 5'),
(105, 61, 'G: 攻擊 player 造成傷害 6'),
(106, 61, 'player: 攻擊 G 造成傷害 5'),
(107, 61, 'G: 攻擊 player 造成傷害 6'),
(108, 61, 'player: 攻擊 G 造成傷害 5'),
(109, 61, 'G: 攻擊 player 造成傷害 6'),
(110, 61, 'player: 攻擊 G 造成傷害 5'),
(111, 61, 'G: 攻擊 player 造成傷害 6'),
(112, 61, 'player: 攻擊 G 造成傷害 5'),
(113, 61, 'G: 攻擊 player 造成傷害 6'),
(114, 61, 'player: 攻擊 G 造成傷害 5'),
(115, 61, 'G: 攻擊 player 造成傷害 6'),
(116, 61, 'player: 攻擊 G 造成傷害 5'),
(117, 61, 'G: 攻擊 player 造成傷害 6'),
(118, 61, 'player: 攻擊 G 造成傷害 5'),
(119, 61, 'G: 攻擊 player 造成傷害 6'),
(120, 61, 'player: 攻擊 G 造成傷害 5'),
(121, 61, 'G: 攻擊 player 造成傷害 6'),
(122, 61, 'player: 攻擊 G 造成傷害 5'),
(123, 61, 'G: 攻擊 player 造成傷害 6'),
(124, 61, 'player: 攻擊 G 造成傷害 5'),
(125, 61, 'G: 攻擊 player 造成傷害 6'),
(126, 61, 'player: 攻擊 G 造成傷害 5'),
(127, 61, 'G: 攻擊 player 造成傷害 6'),
(128, 61, 'player: 攻擊 G 造成傷害 5'),
(129, 61, 'G: 攻擊 player 造成傷害 6'),
(130, 61, 'player: 攻擊 G 造成傷害 5'),
(131, 61, 'G: 攻擊 player 造成傷害 6'),
(132, 61, 'player: 攻擊 G 造成傷害 5'),
(133, 61, 'G: 攻擊 player 造成傷害 6'),
(134, 61, 'player: 攻擊 G 造成傷害 5'),
(135, 61, 'G: 攻擊 player 造成傷害 6'),
(136, 61, 'player: 攻擊 G 造成傷害 5'),
(137, 61, 'G: 攻擊 player 造成傷害 6'),
(138, 61, 'player: 攻擊 G 造成傷害 5'),
(139, 61, 'player: 攻擊 G 造成傷害 5'),
(140, 61, 'player: 攻擊 G 造成傷害 5'),
(141, 61, 'player: 攻擊 G 造成傷害 5'),
(142, 61, 'player: 攻擊 G 造成傷害 5'),
(143, 61, 'player: 攻擊 G 造成傷害 5'),
(144, 61, 'G已擊敗，玩家贏得勝利'),
(145, 62, 'player: 攻擊 G 造成傷害 5'),
(146, 62, 'G: 攻擊 player 造成傷害 6'),
(147, 62, 'player: 攻擊 G 造成傷害 5'),
(148, 62, 'G: 攻擊 player 造成傷害 6'),
(149, 62, 'player: 攻擊 G 造成傷害 5'),
(150, 62, 'G: 攻擊 player 造成傷害 6'),
(151, 62, 'player: 攻擊 G 造成傷害 5'),
(152, 62, 'G: 攻擊 player 造成傷害 6'),
(153, 62, 'player: 攻擊 G 造成傷害 5'),
(154, 62, 'player: 攻擊 G 造成傷害 5'),
(155, 62, 'player: 攻擊 G 造成傷害 5'),
(156, 62, 'G: 攻擊 player 造成傷害 6</br>你已死亡，遊戲結束'),
(157, 62, 'player: 攻擊 G 造成傷害 5'),
(158, 62, 'G: 攻擊 player 造成傷害 6</br>你已死亡，遊戲結束'),
(159, 62, 'player: 攻擊 G 造成傷害 5'),
(160, 62, 'G: 攻擊 player 造成傷害 6</br>你已死亡，遊戲結束'),
(161, 62, 'player: 攻擊 G 造成傷害 5'),
(162, 62, 'G: 攻擊 player 造成傷害 6</br>你已死亡，遊戲結束'),
(163, 62, 'player: 攻擊 G 造成傷害 5'),
(164, 62, 'G: 攻擊 player 造成傷害 6</br>你已死亡，遊戲結束'),
(165, 62, 'player: 攻擊 G 造成傷害 5'),
(166, 62, 'G已擊敗，玩家贏得勝利'),
(167, 62, 'player: 攻擊 J 造成傷害 5'),
(168, 62, 'J: 攻擊 player 造成傷害 14'),
(169, 62, 'player: 攻擊 J 造成傷害 5'),
(170, 62, 'J: 攻擊 player 造成傷害 14'),
(171, 62, 'player: 攻擊 J 造成傷害 5'),
(172, 62, 'J: 攻擊 player 造成傷害 14</br>你已死亡，遊戲結束'),
(173, 63, 'player: 攻擊 I 造成傷害 5'),
(174, 63, 'I: 攻擊 player 造成傷害 2'),
(175, 63, 'player: 攻擊 I 造成傷害 5'),
(176, 63, 'I: 攻擊 player 造成傷害 2'),
(177, 63, 'player: 攻擊 I 造成傷害 5'),
(178, 63, 'I: 攻擊 player 造成傷害 2'),
(179, 63, 'player: 攻擊 I 造成傷害 5'),
(180, 63, 'I: 攻擊 player 造成傷害 2'),
(181, 63, 'player: 攻擊 I 造成傷害 5'),
(182, 63, 'I: 攻擊 player 造成傷害 2'),
(183, 63, 'player: 攻擊 I 造成傷害 5'),
(184, 63, 'I: 攻擊 player 造成傷害 2'),
(185, 63, 'player: 攻擊 I 造成傷害 5'),
(186, 63, 'I: 攻擊 player 造成傷害 2'),
(187, 63, 'player: 攻擊 I 造成傷害 5'),
(188, 63, 'I: 攻擊 player 造成傷害 2'),
(189, 63, 'player: 攻擊 I 造成傷害 5'),
(190, 63, 'I: 攻擊 player 造成傷害 2'),
(191, 63, 'player: 攻擊 I 造成傷害 5'),
(192, 63, 'I: 攻擊 player 造成傷害 2'),
(193, 63, 'player: 攻擊 I 造成傷害 5'),
(194, 63, 'I已擊敗，玩家贏得勝利'),
(195, 63, 'player: 攻擊 C 造成傷害 5'),
(196, 63, 'C: 攻擊 player 造成傷害 3'),
(197, 63, 'player: 攻擊 C 造成傷害 5'),
(198, 63, 'C: 攻擊 player 造成傷害 3'),
(199, 63, 'player: 攻擊 C 造成傷害 5'),
(200, 63, 'C: 攻擊 player 造成傷害 3'),
(201, 63, 'player: 攻擊 C 造成傷害 5'),
(202, 63, 'C: 攻擊 player 造成傷害 3'),
(203, 63, 'player: 攻擊 C 造成傷害 5'),
(204, 63, 'C已擊敗，玩家贏得勝利'),
(205, 63, 'player: 攻擊 A 造成傷害 5'),
(206, 63, 'A: 攻擊 player 造成傷害 1'),
(207, 63, 'player: 攻擊 A 造成傷害 5'),
(208, 63, 'A已擊敗，玩家贏得勝利'),
(209, 63, 'player: 攻擊 I 造成傷害 5'),
(210, 63, 'I: 攻擊 player 造成傷害 2'),
(211, 63, 'player: 攻擊 I 造成傷害 5'),
(212, 63, 'I: 攻擊 player 造成傷害 2'),
(213, 63, 'player: 攻擊 I 造成傷害 5'),
(214, 63, 'I: 攻擊 player 造成傷害 2'),
(215, 63, 'player: 攻擊 I 造成傷害 5'),
(216, 63, 'I: 攻擊 player 造成傷害 2'),
(217, 63, 'player: 攻擊 I 造成傷害 5'),
(218, 63, 'I: 攻擊 player 造成傷害 2'),
(219, 63, 'player: 攻擊 I 造成傷害 5'),
(220, 63, 'I: 攻擊 player 造成傷害 2'),
(221, 63, 'player: 攻擊 I 造成傷害 5'),
(222, 63, 'I: 攻擊 player 造成傷害 2'),
(223, 63, 'player: 攻擊 I 造成傷害 5'),
(224, 63, 'I: 攻擊 player 造成傷害 2'),
(225, 63, 'player: 攻擊 I 造成傷害 5'),
(226, 63, 'I: 攻擊 player 造成傷害 2'),
(227, 63, 'player: 攻擊 I 造成傷害 5'),
(228, 63, 'I: 攻擊 player 造成傷害 2'),
(229, 63, 'player: 攻擊 I 造成傷害 5'),
(230, 63, 'I已擊敗，玩家贏得勝利'),
(231, 63, 'player: 攻擊 I 造成傷害 5'),
(232, 63, 'I: 攻擊 player 造成傷害 2'),
(233, 63, 'player: 攻擊 I 造成傷害 5'),
(234, 63, 'player: 攻擊 I 造成傷害 5'),
(235, 63, 'I: 攻擊 player 造成傷害 2'),
(236, 63, 'player: 攻擊 I 造成傷害 5'),
(237, 63, 'I: 攻擊 player 造成傷害 2'),
(238, 63, 'player: 攻擊 I 造成傷害 5'),
(239, 63, 'I: 攻擊 player 造成傷害 2'),
(240, 63, 'player: 攻擊 I 造成傷害 5'),
(241, 63, 'I: 攻擊 player 造成傷害 2'),
(242, 63, 'player: 攻擊 I 造成傷害 5'),
(243, 63, 'I: 攻擊 player 造成傷害 2'),
(244, 63, 'player: 攻擊 I 造成傷害 5'),
(245, 63, 'I: 攻擊 player 造成傷害 2'),
(246, 63, 'player: 攻擊 I 造成傷害 5'),
(247, 63, 'I: 攻擊 player 造成傷害 2'),
(248, 63, 'player: 攻擊 I 造成傷害 5'),
(249, 63, 'player: 攻擊 I 造成傷害 5'),
(250, 63, 'I: 攻擊 player 造成傷害 2'),
(251, 63, 'I: 攻擊 player 造成傷害 2'),
(252, 63, 'player: 攻擊 I 造成傷害 5'),
(253, 63, 'I: 攻擊 player 造成傷害 2'),
(254, 63, 'player: 攻擊 I 造成傷害 5'),
(255, 63, 'I已擊敗，玩家贏得勝利'),
(256, 63, 'player: 攻擊 I 造成傷害 5'),
(257, 63, 'I: 攻擊 player 造成傷害 2'),
(258, 63, 'player: 攻擊 I 造成傷害 5'),
(259, 63, 'I: 攻擊 player 造成傷害 2'),
(260, 63, 'player: 攻擊 I 造成傷害 5'),
(261, 63, 'I: 攻擊 player 造成傷害 2'),
(262, 63, 'player: 攻擊 I 造成傷害 5'),
(263, 63, 'I: 攻擊 player 造成傷害 2'),
(264, 63, 'player: 攻擊 I 造成傷害 5'),
(265, 63, 'I: 攻擊 player 造成傷害 2'),
(266, 63, 'player: 攻擊 I 造成傷害 5'),
(267, 63, 'I: 攻擊 player 造成傷害 2'),
(268, 63, 'player: 攻擊 I 造成傷害 5'),
(269, 63, 'I: 攻擊 player 造成傷害 2'),
(270, 63, 'player: 攻擊 I 造成傷害 5'),
(271, 63, 'I: 攻擊 player 造成傷害 2'),
(272, 63, 'player: 攻擊 I 造成傷害 5'),
(273, 63, 'I: 攻擊 player 造成傷害 2'),
(274, 63, 'player: 攻擊 I 造成傷害 5'),
(275, 63, 'I: 攻擊 player 造成傷害 2'),
(276, 63, 'player: 攻擊 I 造成傷害 5'),
(277, 63, 'I已擊敗，玩家贏得勝利'),
(278, 63, 'player: 攻擊 H 造成傷害 5'),
(279, 63, 'H: 攻擊 player 造成傷害 3'),
(280, 63, 'player: 攻擊 H 造成傷害 5'),
(281, 63, 'H: 攻擊 player 造成傷害 3'),
(282, 63, 'player: 攻擊 H 造成傷害 5'),
(283, 63, 'H: 攻擊 player 造成傷害 3'),
(284, 63, 'player: 攻擊 H 造成傷害 5'),
(285, 63, 'H: 攻擊 player 造成傷害 3'),
(286, 63, 'player: 攻擊 H 造成傷害 5'),
(287, 63, 'H: 攻擊 player 造成傷害 3'),
(288, 63, 'player: 攻擊 H 造成傷害 5'),
(289, 63, 'H: 攻擊 player 造成傷害 3'),
(290, 63, 'player: 攻擊 H 造成傷害 5'),
(291, 63, 'H: 攻擊 player 造成傷害 3'),
(292, 63, 'player: 攻擊 H 造成傷害 5'),
(293, 63, 'H: 攻擊 player 造成傷害 3'),
(294, 63, 'player: 攻擊 H 造成傷害 5'),
(295, 63, 'H: 攻擊 player 造成傷害 3'),
(296, 63, 'player: 攻擊 H 造成傷害 5'),
(297, 63, 'H已擊敗，玩家贏得勝利'),
(298, 63, 'player: 攻擊 G 造成傷害 5'),
(299, 63, 'G: 攻擊 player 造成傷害 6'),
(300, 63, 'player: 攻擊 G 造成傷害 5'),
(301, 63, 'G: 攻擊 player 造成傷害 6'),
(302, 63, 'player: 攻擊 G 造成傷害 5'),
(303, 63, 'G: 攻擊 player 造成傷害 6'),
(304, 63, 'player: 攻擊 G 造成傷害 5'),
(305, 63, 'G: 攻擊 player 造成傷害 6'),
(306, 63, 'player: 攻擊 G 造成傷害 5'),
(307, 63, 'G: 攻擊 player 造成傷害 6</br>你已死亡，遊戲結束'),
(308, 64, 'player: 攻擊 B 造成傷害 5'),
(309, 64, 'B: 攻擊 player 造成傷害 1'),
(310, 64, 'player: 攻擊 B 造成傷害 5'),
(311, 64, 'B: 攻擊 player 造成傷害 1'),
(312, 64, 'player: 攻擊 B 造成傷害 5'),
(313, 64, 'B: 攻擊 player 造成傷害 1'),
(314, 64, 'player: 攻擊 B 造成傷害 5'),
(315, 64, 'B已擊敗，玩家贏得勝利'),
(316, 64, 'player: 攻擊 D 造成傷害 5'),
(317, 64, 'D: 攻擊 player 造成傷害 2'),
(318, 64, 'player: 攻擊 D 造成傷害 5'),
(319, 64, 'D: 攻擊 player 造成傷害 2'),
(320, 64, 'player: 攻擊 D 造成傷害 5'),
(321, 64, 'D: 攻擊 player 造成傷害 2'),
(322, 64, 'player: 攻擊 D 造成傷害 5'),
(323, 64, 'D: 攻擊 player 造成傷害 2'),
(324, 64, 'player: 攻擊 D 造成傷害 5'),
(325, 64, 'D: 攻擊 player 造成傷害 2'),
(326, 64, 'player: 攻擊 D 造成傷害 5'),
(327, 64, 'D已擊敗，玩家贏得勝利'),
(328, 64, 'player: 攻擊 A 造成傷害 5'),
(329, 64, 'A: 攻擊 player 造成傷害 1'),
(330, 64, 'player: 攻擊 A 造成傷害 5'),
(331, 64, 'A已擊敗，玩家贏得勝利'),
(332, 64, 'player: 攻擊 I 造成傷害 5'),
(333, 64, 'I: 攻擊 player 造成傷害 2'),
(334, 64, 'player: 攻擊 I 造成傷害 5'),
(335, 64, 'I: 攻擊 player 造成傷害 2'),
(336, 64, 'player: 攻擊 I 造成傷害 5'),
(337, 64, 'player: 攻擊 I 造成傷害 5'),
(338, 64, 'I: 攻擊 player 造成傷害 2'),
(339, 64, 'I: 攻擊 player 造成傷害 2'),
(340, 64, 'player: 攻擊 I 造成傷害 5'),
(341, 64, 'I: 攻擊 player 造成傷害 2'),
(342, 64, 'player: 攻擊 I 造成傷害 5'),
(343, 64, 'I: 攻擊 player 造成傷害 2'),
(344, 64, 'player: 攻擊 I 造成傷害 5'),
(345, 64, 'player: 攻擊 I 造成傷害 5'),
(346, 64, 'I: 攻擊 player 造成傷害 2'),
(347, 64, 'player: 攻擊 I 造成傷害 5'),
(348, 64, 'I: 攻擊 player 造成傷害 2'),
(349, 64, 'player: 攻擊 I 造成傷害 5'),
(350, 64, 'I: 攻擊 player 造成傷害 2'),
(351, 64, 'player: 攻擊 I 造成傷害 5'),
(352, 64, 'I: 攻擊 player 造成傷害 2'),
(353, 64, 'player: 攻擊 I 造成傷害 5'),
(354, 64, 'I: 攻擊 player 造成傷害 2'),
(355, 64, 'player: 攻擊 I 造成傷害 5'),
(356, 64, 'I已擊敗，玩家贏得勝利'),
(357, 64, 'player: 攻擊 E 造成傷害 5'),
(358, 64, 'E: 攻擊 player 造成傷害 4'),
(359, 64, 'player: 攻擊 E 造成傷害 5'),
(360, 64, 'E: 攻擊 player 造成傷害 4'),
(361, 64, 'player: 攻擊 E 造成傷害 5'),
(362, 64, 'E: 攻擊 player 造成傷害 4'),
(363, 64, 'player: 攻擊 E 造成傷害 5'),
(364, 64, 'E: 攻擊 player 造成傷害 4'),
(365, 64, 'player: 攻擊 E 造成傷害 5'),
(366, 64, 'E: 攻擊 player 造成傷害 4'),
(367, 64, 'player: 攻擊 E 造成傷害 5'),
(368, 64, 'E: 攻擊 player 造成傷害 4'),
(369, 64, 'player: 攻擊 E 造成傷害 5'),
(370, 64, 'E已擊敗，玩家贏得勝利'),
(371, 64, 'player: 攻擊 I 造成傷害 5'),
(372, 64, 'I: 攻擊 player 造成傷害 2'),
(373, 64, 'player: 攻擊 I 造成傷害 5'),
(374, 64, 'I: 攻擊 player 造成傷害 2'),
(375, 64, 'player: 攻擊 I 造成傷害 5'),
(376, 64, 'player: 攻擊 I 造成傷害 5'),
(377, 64, 'I: 攻擊 player 造成傷害 2'),
(378, 64, 'player: 攻擊 I 造成傷害 5'),
(379, 64, 'I: 攻擊 player 造成傷害 2'),
(380, 64, 'player: 攻擊 I 造成傷害 5'),
(381, 64, 'I: 攻擊 player 造成傷害 2'),
(382, 64, 'player: 攻擊 I 造成傷害 5'),
(383, 64, 'I: 攻擊 player 造成傷害 2'),
(384, 64, 'player: 攻擊 I 造成傷害 5'),
(385, 64, 'I: 攻擊 player 造成傷害 2'),
(386, 64, 'player: 攻擊 I 造成傷害 5'),
(387, 64, 'I: 攻擊 player 造成傷害 2'),
(388, 64, 'player: 攻擊 I 造成傷害 5'),
(389, 64, 'I: 攻擊 player 造成傷害 2'),
(390, 64, 'player: 攻擊 I 造成傷害 5'),
(391, 64, 'I: 攻擊 player 造成傷害 2'),
(392, 64, 'player: 攻擊 I 造成傷害 5'),
(393, 64, 'I已擊敗，玩家贏得勝利'),
(394, 64, 'player: 攻擊 G 造成傷害 5'),
(395, 64, 'G: 攻擊 player 造成傷害 6'),
(396, 64, 'player: 攻擊 G 造成傷害 5'),
(397, 64, 'G: 攻擊 player 造成傷害 6'),
(398, 64, 'player: 攻擊 G 造成傷害 5'),
(399, 64, 'G: 攻擊 player 造成傷害 6'),
(400, 64, 'player: 攻擊 G 造成傷害 5'),
(401, 64, 'G: 攻擊 player 造成傷害 6'),
(402, 64, 'player: 攻擊 G 造成傷害 5'),
(403, 64, 'G: 攻擊 player 造成傷害 6</br>你已死亡，遊戲結束'),
(404, 67, 'player: 攻擊 J 造成傷害 5'),
(405, 67, 'player: 攻擊 J 造成傷害 5'),
(406, 67, 'J: 攻擊 player 造成傷害 14'),
(407, 67, 'player: 攻擊 J 造成傷害 5'),
(408, 67, 'J: 攻擊 player 造成傷害 14'),
(409, 67, 'player: 攻擊 J 造成傷害 5'),
(410, 67, 'J: 攻擊 player 造成傷害 14'),
(411, 67, 'player: 攻擊 J 造成傷害 5'),
(412, 67, 'J: 攻擊 player 造成傷害 14'),
(413, 67, 'player: 攻擊 J 造成傷害 5'),
(414, 67, 'J: 攻擊 player 造成傷害 14'),
(415, 67, 'player: 攻擊 J 造成傷害 5'),
(416, 67, 'J: 攻擊 player 造成傷害 14'),
(417, 67, 'player: 攻擊 J 造成傷害 5'),
(418, 67, 'J: 攻擊 player 造成傷害 14'),
(419, 67, 'player: 攻擊 J 造成傷害 5'),
(420, 67, 'J: 攻擊 player 造成傷害 14'),
(421, 67, 'player: 攻擊 J 造成傷害 5'),
(422, 67, 'J: 攻擊 player 造成傷害 14'),
(423, 67, 'player: 攻擊 J 造成傷害 5'),
(424, 67, 'J: 攻擊 player 造成傷害 14'),
(425, 67, 'player: 攻擊 J 造成傷害 5'),
(426, 67, 'J已擊敗，玩家贏得勝利'),
(427, 68, 'player: 攻擊 J 造成傷害 5'),
(428, 68, 'J: 攻擊 player 造成傷害 14'),
(429, 68, 'player: 攻擊 J 造成傷害 5'),
(430, 68, 'J: 攻擊 player 造成傷害 14'),
(431, 65, 'player: 攻擊 C 造成傷害 5'),
(432, 65, 'C: 攻擊 player 造成傷害 3'),
(433, 65, 'player: 攻擊 C 造成傷害 5'),
(434, 65, 'C: 攻擊 player 造成傷害 3'),
(435, 65, 'player: 攻擊 C 造成傷害 5'),
(436, 65, 'C: 攻擊 player 造成傷害 3'),
(437, 65, 'player: 攻擊 C 造成傷害 5'),
(438, 65, 'C: 攻擊 player 造成傷害 3'),
(439, 65, 'player: 攻擊 C 造成傷害 5'),
(440, 65, 'C已擊敗，玩家贏得勝利'),
(441, 69, 'player: 攻擊 C 造成傷害 5'),
(442, 69, 'C: 攻擊 player 造成傷害 3'),
(443, 69, 'player: 攻擊 C 造成傷害 5'),
(444, 69, 'C: 攻擊 player 造成傷害 3'),
(445, 69, 'player: 攻擊 C 造成傷害 5'),
(446, 69, 'C: 攻擊 player 造成傷害 3'),
(447, 68, 'player: 攻擊 J 造成傷害 5'),
(448, 68, 'J: 攻擊 player 造成傷害 14'),
(449, 68, 'player: 攻擊 J 造成傷害 5'),
(450, 68, 'J已擊敗，玩家贏得勝利'),
(451, 68, 'player: 攻擊 J 造成傷害 5'),
(452, 68, 'J已擊敗，玩家贏得勝利'),
(453, 68, 'player: 攻擊 J 造成傷害 5'),
(454, 68, 'J已擊敗，玩家贏得勝利'),
(455, 68, 'player: 攻擊 J 造成傷害 5'),
(456, 68, 'J已擊敗，玩家贏得勝利'),
(457, 68, 'player: 攻擊 J 造成傷害 5'),
(458, 68, 'J已擊敗，玩家贏得勝利'),
(459, 68, 'player: 攻擊 J 造成傷害 5'),
(460, 68, 'J已擊敗，玩家贏得勝利'),
(461, 70, 'player: 攻擊 J 造成傷害 5'),
(462, 70, 'J: 攻擊 player 造成傷害 14'),
(463, 70, 'player: 攻擊 J 造成傷害 5'),
(464, 70, 'J: 攻擊 player 造成傷害 14'),
(465, 70, 'player: 攻擊 J 造成傷害 5'),
(466, 70, 'J: 攻擊 player 造成傷害 14'),
(467, 70, 'player: 攻擊 J 造成傷害 5'),
(468, 70, 'J: 攻擊 player 造成傷害 14'),
(469, 70, 'player: 攻擊 J 造成傷害 5'),
(470, 70, 'J: 攻擊 player 造成傷害 14</br>你已死亡，遊戲結束'),
(471, 71, 'player: 攻擊 E 造成傷害 5'),
(472, 71, 'E: 攻擊 player 造成傷害 4'),
(473, 71, 'player: 攻擊 E 造成傷害 5'),
(474, 71, 'E: 攻擊 player 造成傷害 4'),
(475, 71, 'player: 攻擊 E 造成傷害 5'),
(476, 71, 'E: 攻擊 player 造成傷害 4'),
(477, 71, 'player: 攻擊 E 造成傷害 5'),
(478, 71, 'E: 攻擊 player 造成傷害 4'),
(479, 71, 'player: 攻擊 E 造成傷害 5'),
(480, 71, 'E: 攻擊 player 造成傷害 4'),
(481, 71, 'player: 攻擊 E 造成傷害 5'),
(482, 71, 'E: 攻擊 player 造成傷害 4'),
(483, 71, 'player: 攻擊 E 造成傷害 5'),
(484, 71, 'E已擊敗，玩家贏得勝利'),
(485, 71, 'player: 攻擊 F 造成傷害 5'),
(486, 71, 'F: 攻擊 player 造成傷害 3'),
(487, 71, 'player: 攻擊 F 造成傷害 5'),
(488, 71, 'F: 攻擊 player 造成傷害 3'),
(489, 71, 'player: 攻擊 F 造成傷害 5'),
(490, 71, 'F: 攻擊 player 造成傷害 3'),
(491, 71, 'player: 攻擊 F 造成傷害 5'),
(492, 71, 'F: 攻擊 player 造成傷害 3'),
(493, 69, 'player: 攻擊 C 造成傷害 5'),
(494, 69, 'C: 攻擊 player 造成傷害 3'),
(495, 69, 'player: 攻擊 C 造成傷害 5'),
(496, 69, 'C: 攻擊 player 造成傷害 3'),
(497, 69, 'player: 攻擊 C 造成傷害 5'),
(498, 69, 'C: 攻擊 player 造成傷害 3'),
(499, 71, 'player: 攻擊 F 造成傷害 5'),
(500, 71, 'F: 攻擊 player 造成傷害 3'),
(501, 71, 'player: 攻擊 F 造成傷害 5'),
(502, 71, 'F: 攻擊 player 造成傷害 3'),
(503, 71, 'player: 攻擊 F 造成傷害 5'),
(504, 71, 'F: 攻擊 player 造成傷害 3'),
(505, 71, 'player: 攻擊 F 造成傷害 5'),
(506, 71, 'F已擊敗，玩家贏得勝利'),
(507, 71, 'player: 攻擊 B 造成傷害 5'),
(508, 71, 'B: 攻擊 player 造成傷害 1'),
(509, 71, 'player: 攻擊 B 造成傷害 5'),
(510, 71, 'B: 攻擊 player 造成傷害 1'),
(511, 71, 'player: 攻擊 B 造成傷害 5'),
(512, 71, 'B: 攻擊 player 造成傷害 1'),
(513, 71, 'player: 攻擊 B 造成傷害 5'),
(514, 71, 'B已擊敗，玩家贏得勝利'),
(515, 71, 'player: 攻擊 A 造成傷害 5'),
(516, 71, 'A: 攻擊 player 造成傷害 1'),
(517, 71, 'player: 攻擊 A 造成傷害 5'),
(518, 71, 'A已擊敗，玩家贏得勝利'),
(519, 71, 'player: 攻擊 J 造成傷害 5'),
(520, 71, 'J: 攻擊 player 造成傷害 14'),
(521, 71, 'player: 攻擊 J 造成傷害 5'),
(522, 71, 'J: 攻擊 player 造成傷害 14'),
(523, 71, 'player: 攻擊 J 造成傷害 5'),
(524, 71, 'J: 攻擊 player 造成傷害 14</br>你已死亡，遊戲結束'),
(525, 72, 'player: 攻擊 I 造成傷害 5'),
(526, 72, 'I: 攻擊 player 造成傷害 2'),
(527, 72, 'player: 攻擊 I 造成傷害 5'),
(528, 72, 'I: 攻擊 player 造成傷害 2'),
(529, 72, 'player: 攻擊 I 造成傷害 5'),
(530, 72, 'I: 攻擊 player 造成傷害 2'),
(531, 72, 'player: 攻擊 I 造成傷害 5'),
(532, 72, 'I: 攻擊 player 造成傷害 2'),
(533, 72, 'player: 攻擊 I 造成傷害 5'),
(534, 72, 'I: 攻擊 player 造成傷害 2'),
(535, 72, 'player: 攻擊 I 造成傷害 5'),
(536, 72, 'I: 攻擊 player 造成傷害 2'),
(537, 72, 'player: 攻擊 I 造成傷害 5'),
(538, 72, 'I: 攻擊 player 造成傷害 2'),
(539, 72, 'player: 攻擊 I 造成傷害 5'),
(540, 72, 'I: 攻擊 player 造成傷害 2'),
(541, 72, 'player: 攻擊 I 造成傷害 5'),
(542, 72, 'I: 攻擊 player 造成傷害 2'),
(543, 72, 'player: 攻擊 I 造成傷害 5'),
(544, 72, 'I: 攻擊 player 造成傷害 2'),
(545, 72, 'player: 攻擊 I 造成傷害 5'),
(546, 72, 'I已擊敗，玩家贏得勝利'),
(547, 72, 'player: 攻擊 J 造成傷害 5'),
(548, 72, 'J: 攻擊 player 造成傷害 14'),
(549, 72, 'player: 攻擊 J 造成傷害 5'),
(550, 72, 'J: 攻擊 player 造成傷害 14'),
(551, 72, 'player: 攻擊 J 造成傷害 5'),
(552, 72, 'J: 攻擊 player 造成傷害 14</br>你已死亡，遊戲結束'),
(553, 73, 'player: 攻擊 E 造成傷害 5'),
(554, 73, 'E: 攻擊 player 造成傷害 4'),
(555, 73, 'player: 攻擊 E 造成傷害 5'),
(556, 73, 'E: 攻擊 player 造成傷害 4'),
(557, 73, 'player: 攻擊 E 造成傷害 5'),
(558, 73, 'E: 攻擊 player 造成傷害 4'),
(559, 73, 'player: 攻擊 E 造成傷害 5'),
(560, 73, 'E: 攻擊 player 造成傷害 4'),
(561, 73, 'player: 攻擊 E 造成傷害 5'),
(562, 73, 'E: 攻擊 player 造成傷害 4'),
(563, 73, 'player: 攻擊 E 造成傷害 5'),
(564, 73, 'E: 攻擊 player 造成傷害 4'),
(565, 73, 'player: 攻擊 E 造成傷害 5'),
(566, 73, 'E已擊敗，玩家贏得勝利'),
(567, 73, 'player: 攻擊 B 造成傷害 5'),
(568, 73, 'B: 攻擊 player 造成傷害 1'),
(569, 73, 'player: 攻擊 B 造成傷害 5'),
(570, 73, 'B: 攻擊 player 造成傷害 1'),
(571, 73, 'player: 攻擊 B 造成傷害 5'),
(572, 73, 'B: 攻擊 player 造成傷害 1'),
(573, 73, 'player: 攻擊 B 造成傷害 5'),
(574, 73, 'B已擊敗，玩家贏得勝利'),
(575, 73, 'player: 攻擊 G 造成傷害 5'),
(576, 73, 'G: 攻擊 player 造成傷害 6'),
(577, 75, 'player: 攻擊 C 造成傷害 5'),
(578, 75, 'C: 攻擊 player 造成傷害 3'),
(579, 75, 'player: 攻擊 C 造成傷害 5'),
(580, 75, 'C: 攻擊 player 造成傷害 3'),
(581, 75, 'player: 攻擊 C 造成傷害 5'),
(582, 75, 'C: 攻擊 player 造成傷害 3'),
(583, 75, 'player: 攻擊 C 造成傷害 5'),
(584, 75, 'C: 攻擊 player 造成傷害 3'),
(585, 77, 'player: 攻擊 J 造成傷害 5'),
(586, 77, 'J: 攻擊 player 造成傷害 14'),
(587, 77, 'player: 攻擊 J 造成傷害 5'),
(588, 77, 'J: 攻擊 player 造成傷害 14'),
(589, 77, 'player: 攻擊 J 造成傷害 5'),
(590, 77, 'J: 攻擊 player 造成傷害 14</br>你已死亡，遊戲結束'),
(591, 78, 'player: 攻擊 H 造成傷害 5'),
(592, 78, 'H: 攻擊 player 造成傷害 3'),
(593, 78, 'player: 攻擊 H 造成傷害 5'),
(594, 78, 'H: 攻擊 player 造成傷害 3'),
(595, 78, 'player: 攻擊 H 造成傷害 5'),
(596, 78, 'H: 攻擊 player 造成傷害 3'),
(597, 78, 'player: 攻擊 H 造成傷害 5'),
(598, 78, 'H: 攻擊 player 造成傷害 3'),
(599, 79, 'player: 攻擊  造成傷害 5'),
(600, 79, ': 攻擊 player 造成傷害 '),
(601, 79, 'player: 攻擊  造成傷害 5'),
(602, 79, ': 攻擊 player 造成傷害 '),
(603, 79, 'player: 攻擊  造成傷害 5'),
(604, 79, ': 攻擊 player 造成傷害 '),
(605, 73, 'player: 攻擊 G 造成傷害 5'),
(606, 73, 'G: 攻擊 player 造成傷害 6'),
(607, 73, 'player: 攻擊 G 造成傷害 5'),
(608, 73, 'G: 攻擊 player 造成傷害 6'),
(609, 73, 'player: 攻擊 G 造成傷害 5'),
(610, 73, 'G: 攻擊 player 造成傷害 6'),
(611, 73, 'player: 攻擊 G 造成傷害 5'),
(612, 73, 'G: 攻擊 player 造成傷害 6</br>你已死亡，遊戲結束'),
(613, 80, 'player: 攻擊 D 造成傷害 5'),
(614, 80, 'D: 攻擊 player 造成傷害 2'),
(615, 80, 'player: 攻擊 D 造成傷害 5'),
(616, 80, 'D: 攻擊 player 造成傷害 2'),
(617, 80, 'player: 攻擊 D 造成傷害 5'),
(618, 80, 'D: 攻擊 player 造成傷害 2'),
(619, 80, 'player: 攻擊 D 造成傷害 5'),
(620, 80, 'D: 攻擊 player 造成傷害 2'),
(621, 80, 'player: 攻擊 D 造成傷害 5'),
(622, 80, 'D: 攻擊 player 造成傷害 2'),
(623, 80, 'player: 攻擊 D 造成傷害 5'),
(624, 80, 'D已擊敗，玩家贏得勝利'),
(625, 81, 'player: 攻擊 D 造成傷害 5'),
(626, 81, 'D: 攻擊 player 造成傷害 2'),
(627, 81, 'player: 攻擊 D 造成傷害 5'),
(628, 81, 'D: 攻擊 player 造成傷害 2'),
(629, 81, 'player: 攻擊 D 造成傷害 5'),
(630, 81, 'D: 攻擊 player 造成傷害 2'),
(631, 81, 'player: 攻擊 D 造成傷害 5'),
(632, 81, 'D: 攻擊 player 造成傷害 2'),
(633, 81, 'player: 攻擊 D 造成傷害 5'),
(634, 81, 'D: 攻擊 player 造成傷害 2'),
(635, 81, 'player: 攻擊 D 造成傷害 5'),
(636, 81, 'D: 攻擊 player 造成傷害 2'),
(637, 81, 'player: 攻擊 D 造成傷害 5'),
(638, 81, 'D: 攻擊 player 造成傷害 2'),
(639, 81, 'player: 攻擊 D 造成傷害 5'),
(640, 81, 'D已擊敗，玩家贏得勝利'),
(641, 82, 'player: 攻擊 D 造成傷害 5'),
(642, 82, 'D: 攻擊 player 造成傷害 2'),
(643, 82, 'player: 攻擊 D 造成傷害 5'),
(644, 82, 'D: 攻擊 player 造成傷害 2'),
(645, 82, 'player: 攻擊 D 造成傷害 5'),
(646, 82, 'D: 攻擊 player 造成傷害 2'),
(647, 82, 'player: 攻擊 D 造成傷害 5'),
(648, 82, 'D: 攻擊 player 造成傷害 2'),
(649, 82, 'player: 攻擊 D 造成傷害 5'),
(650, 82, 'D: 攻擊 player 造成傷害 2'),
(651, 82, 'player: 攻擊 D 造成傷害 5'),
(652, 82, 'D: 攻擊 player 造成傷害 2'),
(653, 82, 'player: 攻擊 D 造成傷害 5'),
(654, 82, 'D: 攻擊 player 造成傷害 2'),
(655, 82, 'player: 攻擊 D 造成傷害 5'),
(656, 82, 'D: 攻擊 player 造成傷害 2'),
(657, 82, 'player: 攻擊 D 造成傷害 5'),
(658, 82, 'D已擊敗，玩家贏得勝利'),
(659, 82, 'player: 攻擊 D 造成傷害 5'),
(660, 82, 'D: 攻擊 player 造成傷害 2'),
(661, 82, 'player: 攻擊 D 造成傷害 5'),
(662, 82, 'D: 攻擊 player 造成傷害 2'),
(663, 82, 'player: 攻擊 D 造成傷害 5'),
(664, 82, 'D: 攻擊 player 造成傷害 2'),
(665, 82, 'player: 攻擊 D 造成傷害 5'),
(666, 82, 'D: 攻擊 player 造成傷害 2'),
(667, 82, 'player: 攻擊 D 造成傷害 5'),
(668, 82, 'D: 攻擊 player 造成傷害 2'),
(669, 82, 'player: 攻擊 D 造成傷害 5'),
(670, 82, 'D已擊敗，玩家贏得勝利'),
(671, 82, 'player: 攻擊 C 造成傷害 5'),
(672, 82, 'C: 攻擊 player 造成傷害 3'),
(673, 82, 'player: 攻擊 C 造成傷害 5'),
(674, 82, 'player: 攻擊 C 造成傷害 5'),
(675, 82, 'C: 攻擊 player 造成傷害 3'),
(676, 82, 'player: 攻擊 C 造成傷害 5'),
(677, 82, 'C: 攻擊 player 造成傷害 3'),
(678, 82, 'player: 攻擊 C 造成傷害 5'),
(679, 82, 'C: 攻擊 player 造成傷害 3'),
(680, 82, 'player: 攻擊 C 造成傷害 5'),
(681, 82, 'C已擊敗，玩家贏得勝利'),
(682, 83, 'player: 攻擊 C 造成傷害 5'),
(683, 83, 'C: 攻擊 player 造成傷害 3'),
(684, 83, 'player: 攻擊 C 造成傷害 5'),
(685, 83, 'C: 攻擊 player 造成傷害 3'),
(686, 83, 'player: 攻擊 C 造成傷害 5'),
(687, 83, 'C: 攻擊 player 造成傷害 3'),
(688, 83, 'player: 攻擊 C 造成傷害 5'),
(689, 83, 'C: 攻擊 player 造成傷害 3'),
(690, 83, 'player: 攻擊 C 造成傷害 5'),
(691, 83, 'C: 攻擊 player 造成傷害 3'),
(692, 83, 'player: 攻擊 C 造成傷害 5'),
(693, 83, 'C: 攻擊 player 造成傷害 3'),
(694, 83, 'player: 攻擊 C 造成傷害 5'),
(695, 83, 'C已擊敗，玩家贏得勝利'),
(696, 84, 'player: 攻擊 C 造成傷害 5'),
(697, 84, 'C: 攻擊 player 造成傷害 3'),
(698, 84, 'player: 攻擊 C 造成傷害 5'),
(699, 84, 'C: 攻擊 player 造成傷害 3'),
(700, 84, 'player: 攻擊 C 造成傷害 5'),
(701, 84, 'C: 攻擊 player 造成傷害 3'),
(702, 84, 'player: 攻擊 C 造成傷害 5'),
(703, 84, 'C已擊敗，玩家贏得勝利'),
(704, 69, 'player: 攻擊 C 造成傷害 5'),
(705, 69, 'C: 攻擊 player 造成傷害 3'),
(706, 69, 'player: 攻擊 C 造成傷害 5'),
(707, 69, 'C: 攻擊 player 造成傷害 3'),
(708, 69, 'player: 攻擊 C 造成傷害 5'),
(709, 69, 'C: 攻擊 player 造成傷害 3'),
(710, 69, 'player: 攻擊 C 造成傷害 5'),
(711, 69, 'C: 攻擊 player 造成傷害 3</br>你已死亡，遊戲結束'),
(712, 85, 'player: 攻擊 E 造成傷害 5'),
(713, 85, 'E: 攻擊 player 造成傷害 4'),
(714, 85, 'player: 攻擊 E 造成傷害 5'),
(715, 85, 'E: 攻擊 player 造成傷害 4'),
(716, 85, 'player: 攻擊 E 造成傷害 5'),
(717, 85, 'E: 攻擊 player 造成傷害 4'),
(718, 85, 'player: 攻擊 E 造成傷害 5'),
(719, 85, 'E: 攻擊 player 造成傷害 4'),
(720, 85, 'player: 攻擊 E 造成傷害 5'),
(721, 85, 'E: 攻擊 player 造成傷害 4'),
(722, 85, 'player: 攻擊 E 造成傷害 5'),
(723, 85, 'E: 攻擊 player 造成傷害 4'),
(724, 85, 'player: 攻擊 E 造成傷害 5'),
(725, 85, 'E已擊敗，玩家贏得勝利'),
(726, 86, 'player: 攻擊 E 造成傷害 5'),
(727, 86, 'E: 攻擊 player 造成傷害 4'),
(728, 86, 'player: 攻擊 E 造成傷害 5'),
(729, 86, 'E: 攻擊 player 造成傷害 4'),
(730, 86, 'player: 攻擊 E 造成傷害 5'),
(731, 86, 'E: 攻擊 player 造成傷害 4'),
(732, 86, 'player: 攻擊 E 造成傷害 5'),
(733, 86, 'E: 攻擊 player 造成傷害 4'),
(734, 86, 'player: 攻擊 E 造成傷害 5'),
(735, 86, 'E: 攻擊 player 造成傷害 4'),
(736, 86, 'player: 攻擊 E 造成傷害 5'),
(737, 86, 'E: 攻擊 player 造成傷害 4'),
(738, 86, 'player: 攻擊 E 造成傷害 5'),
(739, 86, 'E: 攻擊 player 造成傷害 4'),
(740, 86, 'player: 攻擊 E 造成傷害 5'),
(741, 86, 'E: 攻擊 player 造成傷害 4'),
(742, 86, 'player: 攻擊 E 造成傷害 5'),
(743, 86, 'E已擊敗，玩家贏得勝利'),
(744, 87, 'player: 攻擊  造成傷害 5'),
(745, 87, ': 攻擊 player 造成傷害 '),
(746, 87, 'player: 攻擊  造成傷害 5'),
(747, 87, '已擊敗，玩家贏得勝利'),
(748, 87, 'player: 攻擊 F 造成傷害 5'),
(749, 87, 'F: 攻擊 player 造成傷害 3'),
(750, 87, 'player: 攻擊 F 造成傷害 5'),
(751, 87, 'F: 攻擊 player 造成傷害 3'),
(752, 87, 'player: 攻擊 F 造成傷害 5'),
(753, 87, 'F: 攻擊 player 造成傷害 3'),
(754, 87, 'player: 攻擊 F 造成傷害 5'),
(755, 87, 'F: 攻擊 player 造成傷害 3'),
(756, 87, 'player: 攻擊 F 造成傷害 5'),
(757, 87, 'F: 攻擊 player 造成傷害 3'),
(758, 87, 'player: 攻擊 F 造成傷害 5'),
(759, 87, 'F: 攻擊 player 造成傷害 3'),
(760, 87, 'player: 攻擊 F 造成傷害 5'),
(761, 87, 'F: 攻擊 player 造成傷害 3'),
(762, 87, 'player: 攻擊 F 造成傷害 5'),
(763, 87, 'F已擊敗，玩家贏得勝利'),
(764, 87, 'player: 攻擊 I 造成傷害 5'),
(765, 87, 'I: 攻擊 player 造成傷害 2'),
(766, 87, 'player: 攻擊 I 造成傷害 5'),
(767, 87, 'I: 攻擊 player 造成傷害 2'),
(768, 87, 'player: 攻擊 I 造成傷害 5'),
(769, 87, 'player: 攻擊 I 造成傷害 5'),
(770, 87, 'player: 攻擊 I 造成傷害 5'),
(771, 87, 'I: 攻擊 player 造成傷害 2'),
(772, 87, 'player: 攻擊 I 造成傷害 5'),
(773, 87, 'I: 攻擊 player 造成傷害 2'),
(774, 87, 'I: 攻擊 player 造成傷害 2'),
(775, 87, 'player: 攻擊 I 造成傷害 5'),
(776, 87, 'I: 攻擊 player 造成傷害 2'),
(777, 87, 'player: 攻擊 I 造成傷害 5'),
(778, 87, 'I: 攻擊 player 造成傷害 2'),
(779, 87, 'player: 攻擊 I 造成傷害 5'),
(780, 87, 'I: 攻擊 player 造成傷害 2'),
(781, 87, 'player: 攻擊 I 造成傷害 5'),
(782, 87, 'I: 攻擊 player 造成傷害 2'),
(783, 87, 'player: 攻擊 I 造成傷害 5'),
(784, 87, 'I: 攻擊 player 造成傷害 2'),
(785, 87, 'player: 攻擊 I 造成傷害 5'),
(786, 87, 'I: 攻擊 player 造成傷害 2'),
(787, 87, 'player: 攻擊 I 造成傷害 5'),
(788, 87, 'I已擊敗，玩家贏得勝利'),
(789, 87, 'player: 攻擊 G 造成傷害 5'),
(790, 87, 'G: 攻擊 player 造成傷害 6'),
(791, 87, 'player: 攻擊 G 造成傷害 5'),
(792, 87, 'G: 攻擊 player 造成傷害 6'),
(793, 87, 'player: 攻擊 G 造成傷害 5'),
(794, 87, 'G: 攻擊 player 造成傷害 6'),
(795, 87, 'player: 攻擊 G 造成傷害 5'),
(796, 87, 'G: 攻擊 player 造成傷害 6'),
(797, 87, 'player: 攻擊 G 造成傷害 5'),
(798, 87, 'G: 攻擊 player 造成傷害 6</br>你已死亡，遊戲結束'),
(799, 88, 'player: 攻擊 I 造成傷害 5'),
(800, 88, 'I: 攻擊 player 造成傷害 2'),
(801, 88, 'player: 攻擊 I 造成傷害 5'),
(802, 88, 'I: 攻擊 player 造成傷害 2'),
(803, 88, 'player: 攻擊 I 造成傷害 5'),
(804, 88, 'I: 攻擊 player 造成傷害 2'),
(805, 88, 'player: 攻擊 I 造成傷害 5'),
(806, 88, 'I: 攻擊 player 造成傷害 2'),
(807, 88, 'player: 攻擊 I 造成傷害 5'),
(808, 88, 'I: 攻擊 player 造成傷害 2'),
(809, 88, 'player: 攻擊 I 造成傷害 5'),
(810, 88, 'I: 攻擊 player 造成傷害 2'),
(811, 88, 'player: 攻擊 I 造成傷害 5'),
(812, 88, 'I: 攻擊 player 造成傷害 2'),
(813, 88, 'player: 攻擊 I 造成傷害 5'),
(814, 88, 'I: 攻擊 player 造成傷害 2'),
(815, 88, 'player: 攻擊 I 造成傷害 5'),
(816, 88, 'I: 攻擊 player 造成傷害 2'),
(817, 88, 'player: 攻擊 I 造成傷害 5'),
(818, 88, 'I: 攻擊 player 造成傷害 2'),
(819, 88, 'player: 攻擊 I 造成傷害 5'),
(820, 88, 'I已擊敗，玩家贏得勝利'),
(821, 88, 'player: 攻擊 J 造成傷害 5'),
(822, 88, 'J: 攻擊 player 造成傷害 14'),
(823, 88, 'player: 攻擊 J 造成傷害 5'),
(824, 88, 'J: 攻擊 player 造成傷害 14'),
(825, 88, 'player: 攻擊 J 造成傷害 5'),
(826, 88, 'J: 攻擊 player 造成傷害 14</br>你已死亡，遊戲結束'),
(827, 89, 'player: 攻擊 C 造成傷害 5'),
(828, 89, 'C: 攻擊 player 造成傷害 3'),
(829, 89, 'player: 攻擊 C 造成傷害 5'),
(830, 89, 'C: 攻擊 player 造成傷害 3'),
(831, 89, 'player: 攻擊 C 造成傷害 5'),
(832, 89, 'C: 攻擊 player 造成傷害 3'),
(833, 89, 'player: 攻擊 C 造成傷害 5'),
(834, 89, 'player: 攻擊 C 造成傷害 5'),
(835, 89, 'C: 攻擊 player 造成傷害 3'),
(836, 89, 'player: 攻擊 C 造成傷害 5'),
(837, 89, 'C已擊敗，玩家贏得勝利'),
(838, 90, 'player: 攻擊 C 造成傷害 5'),
(839, 90, 'C: 攻擊 player 造成傷害 3'),
(840, 90, 'player: 攻擊 C 造成傷害 5'),
(841, 90, 'C: 攻擊 player 造成傷害 3'),
(842, 90, 'player: 攻擊 C 造成傷害 5'),
(843, 90, 'C: 攻擊 player 造成傷害 3'),
(844, 90, 'player: 攻擊 C 造成傷害 5'),
(845, 90, 'C: 攻擊 player 造成傷害 3'),
(846, 90, 'player: 攻擊 C 造成傷害 5'),
(847, 90, 'C: 攻擊 player 造成傷害 3'),
(848, 90, 'player: 攻擊 C 造成傷害 5'),
(849, 90, 'C: 攻擊 player 造成傷害 3'),
(850, 90, 'player: 攻擊 C 造成傷害 5'),
(851, 90, 'C: 攻擊 player 造成傷害 3'),
(852, 90, 'player: 攻擊 C 造成傷害 5'),
(853, 90, 'C: 攻擊 player 造成傷害 3'),
(854, 90, 'player: 攻擊 C 造成傷害 5'),
(855, 90, 'C: 攻擊 player 造成傷害 3'),
(856, 90, 'player: 攻擊 C 造成傷害 5'),
(857, 90, 'player: 攻擊 C 造成傷害 5'),
(858, 90, 'C: 攻擊 player 造成傷害 3</br>你已死亡，遊戲結束'),
(859, 91, 'player: 攻擊 A 造成傷害 5'),
(860, 91, 'A: 攻擊 player 造成傷害 1'),
(861, 91, 'player: 攻擊 A 造成傷害 5'),
(862, 91, 'A已擊敗，玩家贏得勝利'),
(863, 92, 'player: 攻擊 A 造成傷害 5'),
(864, 92, 'A: 攻擊 player 造成傷害 1'),
(865, 92, 'player: 攻擊 A 造成傷害 5'),
(866, 92, 'A: 攻擊 player 造成傷害 1'),
(867, 92, 'player: 攻擊 A 造成傷害 5'),
(868, 92, 'A: 攻擊 player 造成傷害 1'),
(869, 92, 'player: 攻擊 A 造成傷害 5'),
(870, 92, 'A: 攻擊 player 造成傷害 1'),
(871, 92, 'player: 攻擊 A 造成傷害 5'),
(872, 92, 'A已擊敗，玩家贏得勝利'),
(873, 93, 'player: 攻擊 A 造成傷害 5'),
(874, 93, 'A: 攻擊 player 造成傷害 1'),
(875, 93, 'player: 攻擊 A 造成傷害 5'),
(876, 93, 'A: 攻擊 player 造成傷害 1'),
(877, 93, 'player: 攻擊 A 造成傷害 5'),
(878, 93, 'A: 攻擊 player 造成傷害 1'),
(879, 93, 'player: 攻擊 A 造成傷害 5'),
(880, 93, 'player: 攻擊 A 造成傷害 5'),
(881, 93, 'A: 攻擊 player 造成傷害 1'),
(882, 93, 'player: 攻擊 A 造成傷害 5'),
(883, 93, 'A: 攻擊 player 造成傷害 1'),
(884, 93, 'player: 攻擊 A 造成傷害 5'),
(885, 93, 'A已擊敗，玩家贏得勝利'),
(886, 94, 'player: 攻擊 A 造成傷害 5'),
(887, 94, 'A: 攻擊 player 造成傷害 1'),
(888, 94, 'player: 攻擊 A 造成傷害 5'),
(889, 94, 'A: 攻擊 player 造成傷害 1'),
(890, 94, 'player: 攻擊 A 造成傷害 5'),
(891, 94, 'player: 攻擊 A 造成傷害 5'),
(892, 94, 'A: 攻擊 player 造成傷害 1'),
(893, 94, 'player: 攻擊 A 造成傷害 5'),
(894, 94, 'A: 攻擊 player 造成傷害 1'),
(895, 94, 'player: 攻擊 A 造成傷害 5'),
(896, 94, 'A: 攻擊 player 造成傷害 1'),
(897, 94, 'player: 攻擊 A 造成傷害 5'),
(898, 94, 'A: 攻擊 player 造成傷害 1'),
(899, 94, 'player: 攻擊 A 造成傷害 5'),
(900, 94, 'A: 攻擊 player 造成傷害 1'),
(901, 94, 'player: 攻擊 A 造成傷害 5'),
(902, 94, 'A已擊敗，玩家贏得勝利'),
(903, 94, 'player: 攻擊 F 造成傷害 5'),
(904, 94, 'F: 攻擊 player 造成傷害 3'),
(905, 94, 'player: 攻擊 F 造成傷害 5'),
(906, 94, 'F: 攻擊 player 造成傷害 3'),
(907, 94, 'player: 攻擊 F 造成傷害 5'),
(908, 94, 'F: 攻擊 player 造成傷害 3'),
(909, 86, 'player: 攻擊 B 造成傷害 5'),
(910, 86, 'B: 攻擊 player 造成傷害 1'),
(911, 86, 'player: 攻擊 B 造成傷害 5'),
(912, 86, 'player: 攻擊 B 造成傷害 5'),
(913, 86, 'B: 攻擊 player 造成傷害 1'),
(914, 86, 'player: 攻擊 B 造成傷害 5'),
(915, 86, 'B: 攻擊 player 造成傷害 1'),
(916, 86, 'player: 攻擊 B 造成傷害 5'),
(917, 86, 'B已擊敗，玩家贏得勝利'),
(918, 95, 'player: 攻擊 B 造成傷害 5'),
(919, 95, 'B: 攻擊 player 造成傷害 1'),
(920, 95, 'player: 攻擊 B 造成傷害 5'),
(921, 95, 'B: 攻擊 player 造成傷害 1'),
(922, 95, 'player: 攻擊 B 造成傷害 5'),
(923, 95, 'B: 攻擊 player 造成傷害 1'),
(924, 95, 'player: 攻擊 B 造成傷害 5'),
(925, 95, 'B: 攻擊 player 造成傷害 1'),
(926, 95, 'player: 攻擊 B 造成傷害 5'),
(927, 95, 'B: 攻擊 player 造成傷害 1'),
(928, 95, 'player: 攻擊 B 造成傷害 5'),
(929, 95, 'B: 攻擊 player 造成傷害 1'),
(930, 95, 'player: 攻擊 B 造成傷害 5'),
(931, 95, 'B: 攻擊 player 造成傷害 1'),
(932, 95, 'player: 攻擊 B 造成傷害 5'),
(933, 95, 'B: 攻擊 player 造成傷害 1'),
(934, 95, 'player: 攻擊 B 造成傷害 5'),
(935, 95, 'B已擊敗，玩家贏得勝利'),
(936, 95, 'player: 攻擊 A 造成傷害 5'),
(937, 95, 'A: 攻擊 player 造成傷害 1'),
(938, 95, 'player: 攻擊 A 造成傷害 5'),
(939, 95, 'A已擊敗，玩家贏得勝利'),
(940, 95, 'player: 攻擊 A 造成傷害 5'),
(941, 95, 'A已擊敗，玩家贏得勝利'),
(942, 96, 'player: 攻擊 A 造成傷害 5'),
(943, 96, 'A: 攻擊 player 造成傷害 1'),
(944, 96, 'player: 攻擊 A 造成傷害 5'),
(945, 96, 'A: 攻擊 player 造成傷害 1'),
(946, 96, 'player: 攻擊 A 造成傷害 5'),
(947, 96, 'player: 攻擊 A 造成傷害 5'),
(948, 96, 'A: 攻擊 player 造成傷害 1'),
(949, 96, 'player: 攻擊 A 造成傷害 5'),
(950, 96, 'A: 攻擊 player 造成傷害 1'),
(951, 96, 'player: 攻擊 A 造成傷害 5'),
(952, 96, 'A: 攻擊 player 造成傷害 1'),
(953, 96, 'player: 攻擊 A 造成傷害 5'),
(954, 96, 'A: 攻擊 player 造成傷害 1'),
(955, 96, 'player: 攻擊 A 造成傷害 5'),
(956, 96, 'A: 攻擊 player 造成傷害 1'),
(957, 96, 'player: 攻擊 A 造成傷害 5'),
(958, 96, 'A: 攻擊 player 造成傷害 1'),
(959, 96, 'player: 攻擊 A 造成傷害 5'),
(960, 96, 'A: 攻擊 player 造成傷害 1'),
(961, 96, 'player: 攻擊 A 造成傷害 5'),
(962, 96, 'A已擊敗，玩家贏得勝利'),
(963, 97, 'player: 攻擊 A 造成傷害 5'),
(964, 97, 'A: 攻擊 player 造成傷害 1'),
(965, 97, 'player: 攻擊 A 造成傷害 5'),
(966, 97, 'A: 攻擊 player 造成傷害 1'),
(967, 97, 'player: 攻擊 A 造成傷害 5'),
(968, 97, 'A: 攻擊 player 造成傷害 1'),
(969, 97, 'player: 攻擊 A 造成傷害 5'),
(970, 97, 'A: 攻擊 player 造成傷害 1'),
(971, 97, 'player: 攻擊 A 造成傷害 5'),
(972, 97, 'A: 攻擊 player 造成傷害 1'),
(973, 97, 'player: 攻擊 A 造成傷害 5'),
(974, 97, 'A: 攻擊 player 造成傷害 1'),
(975, 97, 'player: 攻擊 A 造成傷害 5'),
(976, 97, 'A: 攻擊 player 造成傷害 1'),
(977, 97, 'player: 攻擊 A 造成傷害 5'),
(978, 97, 'A: 攻擊 player 造成傷害 1'),
(979, 97, 'player: 攻擊 A 造成傷害 5'),
(980, 97, 'A: 攻擊 player 造成傷害 1'),
(981, 97, 'player: 攻擊 A 造成傷害 5'),
(982, 97, 'A已擊敗，玩家贏得勝利'),
(983, 97, 'player: 攻擊 F 造成傷害 60'),
(984, 97, 'F已擊敗，玩家贏得勝利'),
(985, 97, 'player: 攻擊 A 造成傷害 60'),
(986, 97, 'A已擊敗，玩家贏得勝利'),
(987, 98, 'player: 攻擊 A 造成傷害 60'),
(988, 98, 'A已擊敗，玩家贏得勝利'),
(989, 98, 'player: 攻擊 E 造成傷害 60'),
(990, 98, 'E已擊敗，玩家贏得勝利'),
(991, 98, 'player: 攻擊 I 造成傷害 5'),
(992, 98, 'I: 攻擊 player 造成傷害 2'),
(993, 98, 'player: 攻擊 I 造成傷害 5'),
(994, 98, 'I: 攻擊 player 造成傷害 2'),
(995, 98, 'player: 攻擊 I 造成傷害 5'),
(996, 98, 'I: 攻擊 player 造成傷害 2'),
(997, 98, 'player: 攻擊 I 造成傷害 5'),
(998, 98, 'player: 攻擊 I 造成傷害 5'),
(999, 98, 'I: 攻擊 player 造成傷害 2'),
(1000, 98, 'I: 攻擊 player 造成傷害 2'),
(1001, 98, 'player: 攻擊 I 造成傷害 5'),
(1002, 98, 'I: 攻擊 player 造成傷害 2'),
(1003, 98, 'player: 攻擊 I 造成傷害 5'),
(1004, 98, 'I: 攻擊 player 造成傷害 2'),
(1005, 98, 'player: 攻擊 I 造成傷害 5'),
(1006, 98, 'I: 攻擊 player 造成傷害 2'),
(1007, 98, 'player: 攻擊 I 造成傷害 5'),
(1008, 98, 'I: 攻擊 player 造成傷害 2'),
(1009, 98, 'player: 攻擊 I 造成傷害 5'),
(1010, 98, 'I: 攻擊 player 造成傷害 2'),
(1011, 98, 'player: 攻擊 I 造成傷害 5'),
(1012, 98, 'I: 攻擊 player 造成傷害 2'),
(1013, 98, 'player: 攻擊 I 造成傷害 5'),
(1014, 98, 'I已擊敗，玩家贏得勝利'),
(1015, 99, 'player: 攻擊 I 造成傷害 5'),
(1016, 99, 'I: 攻擊 player 造成傷害 2'),
(1017, 99, 'player: 攻擊 I 造成傷害 5'),
(1018, 99, 'I: 攻擊 player 造成傷害 2'),
(1019, 99, 'player: 攻擊 I 造成傷害 5'),
(1020, 99, 'I: 攻擊 player 造成傷害 2'),
(1021, 99, 'player: 攻擊 I 造成傷害 5'),
(1022, 99, 'I: 攻擊 player 造成傷害 2'),
(1023, 99, 'player: 攻擊 I 造成傷害 5'),
(1024, 99, 'I: 攻擊 player 造成傷害 2'),
(1025, 99, 'player: 攻擊 I 造成傷害 5'),
(1026, 99, 'I: 攻擊 player 造成傷害 2'),
(1027, 84, 'player: 攻擊 I 造成傷害 5'),
(1028, 84, 'I: 攻擊 player 造成傷害 2'),
(1029, 84, 'player: 攻擊 I 造成傷害 5'),
(1030, 84, 'I: 攻擊 player 造成傷害 2'),
(1031, 84, 'player: 攻擊 I 造成傷害 5'),
(1032, 84, 'I: 攻擊 player 造成傷害 2'),
(1033, 84, 'player: 攻擊 I 造成傷害 5'),
(1034, 84, 'I: 攻擊 player 造成傷害 2'),
(1035, 84, 'player: 攻擊 I 造成傷害 5'),
(1036, 84, 'I: 攻擊 player 造成傷害 2'),
(1037, 84, 'player: 攻擊 I 造成傷害 5'),
(1038, 84, 'I: 攻擊 player 造成傷害 2'),
(1039, 84, 'player: 攻擊 I 造成傷害 5'),
(1040, 84, 'I: 攻擊 player 造成傷害 2'),
(1041, 84, 'player: 攻擊 I 造成傷害 5'),
(1042, 84, 'I: 攻擊 player 造成傷害 2'),
(1043, 84, 'player: 攻擊 I 造成傷害 5'),
(1044, 84, 'I: 攻擊 player 造成傷害 2'),
(1045, 84, 'player: 攻擊 I 造成傷害 5'),
(1046, 84, 'I: 攻擊 player 造成傷害 2'),
(1047, 84, 'player: 攻擊 I 造成傷害 5'),
(1048, 84, 'I已擊敗，玩家贏得勝利'),
(1049, 100, 'player: 攻擊 D 造成傷害 5'),
(1050, 100, 'D: 攻擊 player 造成傷害 2'),
(1051, 100, 'player: 攻擊 D 造成傷害 5'),
(1052, 100, 'D: 攻擊 player 造成傷害 2'),
(1053, 100, 'player: 攻擊 D 造成傷害 5'),
(1054, 100, 'D: 攻擊 player 造成傷害 2'),
(1055, 100, 'player: 攻擊 D 造成傷害 5'),
(1056, 100, 'D: 攻擊 player 造成傷害 2'),
(1057, 100, 'player: 攻擊 D 造成傷害 5'),
(1058, 100, 'D: 攻擊 player 造成傷害 2'),
(1059, 100, 'player: 攻擊 D 造成傷害 5'),
(1060, 100, 'D已擊敗，玩家贏得勝利'),
(1061, 100, 'player: 攻擊 D 造成傷害 5'),
(1062, 100, 'D: 攻擊 player 造成傷害 2'),
(1063, 100, 'player: 攻擊 D 造成傷害 5'),
(1064, 100, 'D: 攻擊 player 造成傷害 2'),
(1065, 100, 'player: 攻擊 D 造成傷害 5'),
(1066, 100, 'player: 攻擊 D 造成傷害 5'),
(1067, 100, 'D: 攻擊 player 造成傷害 2'),
(1068, 100, 'player: 攻擊 D 造成傷害 5'),
(1069, 100, 'D: 攻擊 player 造成傷害 2'),
(1070, 100, 'player: 攻擊 D 造成傷害 5'),
(1071, 100, 'D: 攻擊 player 造成傷害 2'),
(1072, 100, 'player: 攻擊 D 造成傷害 5'),
(1073, 100, 'D已擊敗，玩家贏得勝利'),
(1074, 100, 'player: 攻擊 D 造成傷害 5'),
(1075, 100, 'player: 攻擊 D 造成傷害 5'),
(1076, 100, 'D: 攻擊 player 造成傷害 2'),
(1077, 100, 'D: 攻擊 player 造成傷害 2'),
(1078, 100, 'player: 攻擊 D 造成傷害 5'),
(1079, 100, 'D: 攻擊 player 造成傷害 2'),
(1080, 100, 'player: 攻擊 D 造成傷害 5'),
(1081, 100, 'D: 攻擊 player 造成傷害 2'),
(1082, 100, 'player: 攻擊 D 造成傷害 5'),
(1083, 100, 'D: 攻擊 player 造成傷害 2'),
(1084, 100, 'player: 攻擊 D 造成傷害 5'),
(1085, 100, 'D: 攻擊 player 造成傷害 2'),
(1086, 100, 'player: 攻擊 D 造成傷害 5'),
(1087, 100, 'D已擊敗，玩家贏得勝利'),
(1088, 100, 'player: 攻擊 D 造成傷害 5'),
(1089, 100, 'D: 攻擊 player 造成傷害 2'),
(1090, 100, 'player: 攻擊 D 造成傷害 5'),
(1091, 100, 'D: 攻擊 player 造成傷害 2'),
(1092, 100, 'player: 攻擊 D 造成傷害 5'),
(1093, 100, 'D: 攻擊 player 造成傷害 2'),
(1094, 100, 'player: 攻擊 D 造成傷害 5'),
(1095, 100, 'D: 攻擊 player 造成傷害 2'),
(1096, 100, 'player: 攻擊 D 造成傷害 5'),
(1097, 100, 'D: 攻擊 player 造成傷害 2'),
(1098, 100, 'player: 攻擊 D 造成傷害 5'),
(1099, 100, 'D已擊敗，玩家贏得勝利'),
(1100, 100, 'player: 攻擊 H 造成傷害 5'),
(1101, 100, 'H: 攻擊 player 造成傷害 3'),
(1102, 100, 'player: 攻擊 H 造成傷害 5'),
(1103, 100, 'H: 攻擊 player 造成傷害 3'),
(1104, 100, 'player: 攻擊 H 造成傷害 5'),
(1105, 100, 'H: 攻擊 player 造成傷害 3'),
(1106, 100, 'player: 攻擊 H 造成傷害 5'),
(1107, 100, 'H: 攻擊 player 造成傷害 3'),
(1108, 100, 'player: 攻擊 H 造成傷害 5'),
(1109, 100, 'H: 攻擊 player 造成傷害 3'),
(1110, 100, 'player: 攻擊 H 造成傷害 5'),
(1111, 100, 'H: 攻擊 player 造成傷害 3'),
(1112, 100, 'player: 攻擊 H 造成傷害 5'),
(1113, 100, 'H: 攻擊 player 造成傷害 3'),
(1114, 100, 'player: 攻擊 H 造成傷害 5'),
(1115, 100, 'H: 攻擊 player 造成傷害 3'),
(1116, 100, 'player: 攻擊 H 造成傷害 5'),
(1117, 100, 'H: 攻擊 player 造成傷害 3'),
(1118, 100, 'player: 攻擊 H 造成傷害 5'),
(1119, 100, 'H已擊敗，玩家贏得勝利'),
(1120, 100, 'player: 攻擊 H 造成傷害 5'),
(1121, 100, 'H: 攻擊 player 造成傷害 3'),
(1122, 100, 'player: 攻擊 H 造成傷害 5'),
(1123, 100, 'player: 攻擊 H 造成傷害 5'),
(1124, 100, 'H: 攻擊 player 造成傷害 3'),
(1125, 100, 'player: 攻擊 H 造成傷害 5'),
(1126, 100, 'H: 攻擊 player 造成傷害 3'),
(1127, 100, 'player: 攻擊 H 造成傷害 5'),
(1128, 100, 'H: 攻擊 player 造成傷害 3'),
(1129, 100, 'player: 攻擊 H 造成傷害 5'),
(1130, 100, 'H: 攻擊 player 造成傷害 3'),
(1131, 100, 'player: 攻擊 H 造成傷害 5'),
(1132, 100, 'H: 攻擊 player 造成傷害 3'),
(1133, 100, 'player: 攻擊 H 造成傷害 5'),
(1134, 100, 'H: 攻擊 player 造成傷害 3'),
(1135, 100, 'player: 攻擊 H 造成傷害 5'),
(1136, 100, 'H: 攻擊 player 造成傷害 3'),
(1137, 100, 'player: 攻擊 H 造成傷害 5'),
(1138, 100, 'H: 攻擊 player 造成傷害 3'),
(1139, 100, 'player: 攻擊 H 造成傷害 5'),
(1140, 100, 'H已擊敗，玩家贏得勝利'),
(1141, 100, 'player: 攻擊 E 造成傷害 5'),
(1142, 100, 'E: 攻擊 player 造成傷害 4'),
(1143, 100, 'player: 攻擊 E 造成傷害 5'),
(1144, 100, 'E: 攻擊 player 造成傷害 4'),
(1145, 100, 'player: 攻擊 E 造成傷害 5'),
(1146, 100, 'E: 攻擊 player 造成傷害 4'),
(1147, 100, 'player: 攻擊 E 造成傷害 5'),
(1148, 100, 'E: 攻擊 player 造成傷害 4'),
(1149, 100, 'player: 攻擊 E 造成傷害 5'),
(1150, 100, 'E: 攻擊 player 造成傷害 4'),
(1151, 100, 'player: 攻擊 E 造成傷害 5'),
(1152, 100, 'E: 攻擊 player 造成傷害 4'),
(1153, 100, 'player: 攻擊 E 造成傷害 5'),
(1154, 100, 'E已擊敗，玩家贏得勝利'),
(1155, 100, 'player: 攻擊 E 造成傷害 5'),
(1156, 100, 'E已擊敗，玩家贏得勝利'),
(1157, 100, 'player: 攻擊 E 造成傷害 5'),
(1158, 100, 'E: 攻擊 player 造成傷害 4'),
(1159, 100, 'player: 攻擊 E 造成傷害 5'),
(1160, 100, 'E: 攻擊 player 造成傷害 4'),
(1161, 100, 'player: 攻擊 E 造成傷害 5'),
(1162, 100, 'E: 攻擊 player 造成傷害 4'),
(1163, 100, 'player: 攻擊 E 造成傷害 5'),
(1164, 100, 'E: 攻擊 player 造成傷害 4'),
(1165, 100, 'player: 攻擊 E 造成傷害 5'),
(1166, 100, 'E: 攻擊 player 造成傷害 4'),
(1167, 100, 'player: 攻擊 E 造成傷害 5'),
(1168, 100, 'E: 攻擊 player 造成傷害 4'),
(1169, 100, 'player: 攻擊 E 造成傷害 5'),
(1170, 100, 'E已擊敗，玩家贏得勝利'),
(1171, 100, 'player: 攻擊 D 造成傷害 5'),
(1172, 100, 'D: 攻擊 player 造成傷害 2'),
(1173, 100, 'player: 攻擊 D 造成傷害 5'),
(1174, 100, 'player: 攻擊 D 造成傷害 5'),
(1175, 100, 'D: 攻擊 player 造成傷害 2'),
(1176, 100, 'player: 攻擊 D 造成傷害 5'),
(1177, 100, 'D: 攻擊 player 造成傷害 2'),
(1178, 100, 'player: 攻擊 D 造成傷害 5'),
(1179, 100, 'D: 攻擊 player 造成傷害 2'),
(1180, 100, 'player: 攻擊 D 造成傷害 5'),
(1181, 100, 'D: 攻擊 player 造成傷害 2'),
(1182, 100, 'player: 攻擊 D 造成傷害 5'),
(1183, 100, 'D已擊敗，玩家贏得勝利'),
(1184, 100, 'player: 攻擊 E 造成傷害 5'),
(1185, 100, 'player: 攻擊 E 造成傷害 5'),
(1186, 100, 'E: 攻擊 player 造成傷害 4'),
(1187, 100, 'E: 攻擊 player 造成傷害 4'),
(1188, 100, 'player: 攻擊 E 造成傷害 5'),
(1189, 100, 'E: 攻擊 player 造成傷害 4'),
(1190, 100, 'player: 攻擊 E 造成傷害 5'),
(1191, 100, 'E: 攻擊 player 造成傷害 4'),
(1192, 100, 'player: 攻擊 E 造成傷害 5'),
(1193, 100, 'E: 攻擊 player 造成傷害 4'),
(1194, 100, 'player: 攻擊 E 造成傷害 5'),
(1195, 100, 'E: 攻擊 player 造成傷害 4'),
(1196, 100, 'player: 攻擊 E 造成傷害 5'),
(1197, 100, 'E: 攻擊 player 造成傷害 4'),
(1198, 100, 'player: 攻擊 E 造成傷害 5'),
(1199, 100, 'E已擊敗，玩家贏得勝利'),
(1200, 100, 'player: 攻擊 H 造成傷害 5'),
(1201, 100, 'H: 攻擊 player 造成傷害 3'),
(1202, 100, 'player: 攻擊 H 造成傷害 5'),
(1203, 100, 'H: 攻擊 player 造成傷害 3'),
(1204, 100, 'player: 攻擊 H 造成傷害 5'),
(1205, 100, 'H: 攻擊 player 造成傷害 3'),
(1206, 100, 'player: 攻擊 H 造成傷害 5'),
(1207, 100, 'H: 攻擊 player 造成傷害 3'),
(1208, 100, 'player: 攻擊 H 造成傷害 5'),
(1209, 100, 'H: 攻擊 player 造成傷害 3'),
(1210, 100, 'player: 攻擊 H 造成傷害 5'),
(1211, 100, 'H: 攻擊 player 造成傷害 3'),
(1212, 100, 'player: 攻擊 H 造成傷害 5'),
(1213, 100, 'H: 攻擊 player 造成傷害 3'),
(1214, 100, 'player: 攻擊 H 造成傷害 5'),
(1215, 100, 'H: 攻擊 player 造成傷害 3'),
(1216, 100, 'player: 攻擊 H 造成傷害 5'),
(1217, 100, 'H: 攻擊 player 造成傷害 3'),
(1218, 100, 'player: 攻擊 H 造成傷害 5'),
(1219, 100, 'H已擊敗，玩家贏得勝利'),
(1220, 100, 'player: 攻擊 H 造成傷害 5'),
(1221, 100, 'H: 攻擊 player 造成傷害 3'),
(1222, 100, 'player: 攻擊 H 造成傷害 5'),
(1223, 100, 'H: 攻擊 player 造成傷害 3'),
(1224, 100, 'player: 攻擊 H 造成傷害 5'),
(1225, 100, 'H: 攻擊 player 造成傷害 3'),
(1226, 100, 'player: 攻擊 H 造成傷害 5'),
(1227, 100, 'H: 攻擊 player 造成傷害 3'),
(1228, 100, 'player: 攻擊 H 造成傷害 5'),
(1229, 100, 'H: 攻擊 player 造成傷害 3'),
(1230, 100, 'player: 攻擊 H 造成傷害 5'),
(1231, 100, 'H: 攻擊 player 造成傷害 3'),
(1232, 100, 'player: 攻擊 H 造成傷害 5'),
(1233, 100, 'player: 攻擊 H 造成傷害 5'),
(1234, 100, 'H: 攻擊 player 造成傷害 3'),
(1235, 100, 'player: 攻擊 H 造成傷害 5'),
(1236, 100, 'H: 攻擊 player 造成傷害 3'),
(1237, 100, 'player: 攻擊 H 造成傷害 5'),
(1238, 100, 'H: 攻擊 player 造成傷害 3'),
(1239, 100, 'player: 攻擊 H 造成傷害 5'),
(1240, 100, 'H已擊敗，玩家贏得勝利'),
(1241, 101, 'player: 攻擊 A 造成傷害 5'),
(1242, 101, 'A: 攻擊 player 造成傷害 1'),
(1243, 101, 'player: 攻擊 A 造成傷害 5'),
(1244, 101, 'A已擊敗，玩家贏得勝利'),
(1245, 101, 'player: 攻擊 I 造成傷害 5'),
(1246, 101, 'I: 攻擊 player 造成傷害 2'),
(1247, 101, 'player: 攻擊 I 造成傷害 5'),
(1248, 101, 'I: 攻擊 player 造成傷害 2'),
(1249, 101, 'player: 攻擊 I 造成傷害 5'),
(1250, 101, 'I: 攻擊 player 造成傷害 2'),
(1251, 101, 'player: 攻擊 I 造成傷害 5'),
(1252, 101, 'I: 攻擊 player 造成傷害 2'),
(1253, 101, 'player: 攻擊 I 造成傷害 5'),
(1254, 101, 'I: 攻擊 player 造成傷害 2'),
(1255, 101, 'player: 攻擊 I 造成傷害 5'),
(1256, 101, 'I: 攻擊 player 造成傷害 2'),
(1257, 101, 'player: 攻擊 I 造成傷害 5'),
(1258, 101, 'I: 攻擊 player 造成傷害 2'),
(1259, 101, 'player: 攻擊 I 造成傷害 5'),
(1260, 101, 'I: 攻擊 player 造成傷害 2'),
(1261, 101, 'player: 攻擊 I 造成傷害 5'),
(1262, 101, 'I: 攻擊 player 造成傷害 2'),
(1263, 101, 'player: 攻擊 I 造成傷害 5'),
(1264, 101, 'I: 攻擊 player 造成傷害 2'),
(1265, 101, 'player: 攻擊 I 造成傷害 5'),
(1266, 101, 'I已擊敗，玩家贏得勝利'),
(1267, 101, 'player: 攻擊 A 造成傷害 5'),
(1268, 101, 'A: 攻擊 player 造成傷害 1'),
(1269, 101, 'player: 攻擊 A 造成傷害 5'),
(1270, 101, 'A已擊敗，玩家贏得勝利'),
(1271, 101, 'player: 攻擊 I 造成傷害 5'),
(1272, 101, 'I: 攻擊 player 造成傷害 2'),
(1273, 101, 'player: 攻擊 I 造成傷害 5'),
(1274, 101, 'I: 攻擊 player 造成傷害 2'),
(1275, 101, 'player: 攻擊 I 造成傷害 5'),
(1276, 101, 'I: 攻擊 player 造成傷害 2'),
(1277, 101, 'player: 攻擊 I 造成傷害 5'),
(1278, 101, 'I: 攻擊 player 造成傷害 2'),
(1279, 101, 'player: 攻擊 I 造成傷害 5'),
(1280, 101, 'I: 攻擊 player 造成傷害 2'),
(1281, 101, 'player: 攻擊 I 造成傷害 5'),
(1282, 101, 'I: 攻擊 player 造成傷害 2'),
(1283, 101, 'player: 攻擊 I 造成傷害 5'),
(1284, 101, 'player: 攻擊 I 造成傷害 5'),
(1285, 101, 'I: 攻擊 player 造成傷害 2'),
(1286, 101, 'player: 攻擊 I 造成傷害 5'),
(1287, 101, 'I: 攻擊 player 造成傷害 2'),
(1288, 101, 'player: 攻擊 I 造成傷害 5'),
(1289, 101, 'I: 攻擊 player 造成傷害 2'),
(1290, 101, 'player: 攻擊 I 造成傷害 5'),
(1291, 101, 'I: 攻擊 player 造成傷害 2'),
(1292, 101, 'player: 攻擊 I 造成傷害 5'),
(1293, 101, 'I已擊敗，玩家贏得勝利'),
(1294, 101, 'player: 攻擊 A 造成傷害 5'),
(1295, 101, 'A: 攻擊 player 造成傷害 1'),
(1296, 101, 'player: 攻擊 A 造成傷害 5'),
(1297, 101, 'A已擊敗，玩家贏得勝利'),
(1298, 101, 'player: 攻擊 H 造成傷害 5'),
(1299, 101, 'H: 攻擊 player 造成傷害 3'),
(1300, 101, 'player: 攻擊 H 造成傷害 5'),
(1301, 101, 'H: 攻擊 player 造成傷害 3'),
(1302, 101, 'player: 攻擊 H 造成傷害 5'),
(1303, 101, 'H: 攻擊 player 造成傷害 3'),
(1304, 101, 'player: 攻擊 H 造成傷害 5'),
(1305, 101, 'H: 攻擊 player 造成傷害 3'),
(1306, 101, 'player: 攻擊 H 造成傷害 5'),
(1307, 101, 'H: 攻擊 player 造成傷害 3'),
(1308, 101, 'player: 攻擊 H 造成傷害 5'),
(1309, 101, 'H: 攻擊 player 造成傷害 3'),
(1310, 101, 'player: 攻擊 H 造成傷害 5'),
(1311, 101, 'H: 攻擊 player 造成傷害 3'),
(1312, 101, 'player: 攻擊 H 造成傷害 5'),
(1313, 101, 'H: 攻擊 player 造成傷害 3'),
(1314, 101, 'player: 攻擊 H 造成傷害 5'),
(1315, 101, 'H: 攻擊 player 造成傷害 3'),
(1316, 101, 'player: 攻擊 H 造成傷害 5'),
(1317, 101, 'H已擊敗，玩家贏得勝利'),
(1318, 101, 'player: 攻擊 J 造成傷害 5'),
(1319, 101, 'J: 攻擊 player 造成傷害 14'),
(1320, 101, 'player: 攻擊 J 造成傷害 5'),
(1321, 101, 'J: 攻擊 player 造成傷害 14'),
(1322, 101, 'player: 攻擊 J 造成傷害 5'),
(1323, 101, 'J: 攻擊 player 造成傷害 14</br>你已死亡，遊戲結束'),
(1324, 102, 'player: 攻擊 E 造成傷害 5'),
(1325, 102, 'E: 攻擊 player 造成傷害 4'),
(1326, 102, 'player: 攻擊 E 造成傷害 5'),
(1327, 102, 'E: 攻擊 player 造成傷害 4'),
(1328, 102, 'player: 攻擊 E 造成傷害 5'),
(1329, 102, 'E: 攻擊 player 造成傷害 4'),
(1330, 102, 'player: 攻擊 E 造成傷害 5'),
(1331, 102, 'E: 攻擊 player 造成傷害 4'),
(1332, 102, 'player: 攻擊 E 造成傷害 5'),
(1333, 102, 'E: 攻擊 player 造成傷害 4'),
(1334, 102, 'player: 攻擊 E 造成傷害 5'),
(1335, 102, 'E: 攻擊 player 造成傷害 4'),
(1336, 102, 'player: 攻擊 E 造成傷害 5'),
(1337, 102, 'E已擊敗，玩家贏得勝利'),
(1338, 102, 'player: 攻擊 A 造成傷害 5'),
(1339, 102, 'A: 攻擊 player 造成傷害 1'),
(1340, 102, 'player: 攻擊 A 造成傷害 5'),
(1341, 102, 'A已擊敗，玩家贏得勝利'),
(1342, 102, 'player: 攻擊 H 造成傷害 5'),
(1343, 102, 'H: 攻擊 player 造成傷害 3'),
(1344, 102, 'player: 攻擊 H 造成傷害 5'),
(1345, 102, 'H: 攻擊 player 造成傷害 3'),
(1346, 102, 'player: 攻擊 H 造成傷害 5'),
(1347, 102, 'H: 攻擊 player 造成傷害 3'),
(1348, 102, 'player: 攻擊 H 造成傷害 5'),
(1349, 102, 'H: 攻擊 player 造成傷害 3'),
(1350, 102, 'player: 攻擊 H 造成傷害 5'),
(1351, 102, 'H: 攻擊 player 造成傷害 3'),
(1352, 99, 'player: 攻擊 I 造成傷害 5'),
(1353, 99, 'I已擊敗，玩家贏得勝利'),
(1354, 102, 'player: 攻擊 H 造成傷害 5'),
(1355, 102, 'H: 攻擊 player 造成傷害 3'),
(1356, 102, 'player: 攻擊 H 造成傷害 5'),
(1357, 102, 'H: 攻擊 player 造成傷害 3'),
(1358, 102, 'player: 攻擊 H 造成傷害 5'),
(1359, 102, 'H: 攻擊 player 造成傷害 3'),
(1360, 102, 'player: 攻擊 H 造成傷害 5'),
(1361, 102, 'H: 攻擊 player 造成傷害 3'),
(1362, 102, 'player: 攻擊 H 造成傷害 5'),
(1363, 102, 'H已擊敗，玩家贏得勝利'),
(1364, 102, 'player: 攻擊 H 造成傷害 5'),
(1365, 102, 'H: 攻擊 player 造成傷害 3'),
(1366, 102, 'player: 攻擊 H 造成傷害 5'),
(1367, 102, 'H: 攻擊 player 造成傷害 3'),
(1368, 102, 'player: 攻擊 H 造成傷害 5'),
(1369, 102, 'H: 攻擊 player 造成傷害 3'),
(1370, 102, 'player: 攻擊 H 造成傷害 5'),
(1371, 102, 'H: 攻擊 player 造成傷害 3'),
(1372, 102, 'player: 攻擊 H 造成傷害 5'),
(1373, 102, 'H: 攻擊 player 造成傷害 3'),
(1374, 102, 'player: 攻擊 H 造成傷害 5'),
(1375, 102, 'H: 攻擊 player 造成傷害 3'),
(1376, 102, 'player: 攻擊 H 造成傷害 5'),
(1377, 102, 'player: 攻擊 H 造成傷害 5'),
(1378, 102, 'H: 攻擊 player 造成傷害 3'),
(1379, 102, 'player: 攻擊 H 造成傷害 5'),
(1380, 102, 'H: 攻擊 player 造成傷害 3'),
(1381, 102, 'player: 攻擊 H 造成傷害 5'),
(1382, 102, 'H: 攻擊 player 造成傷害 3'),
(1383, 102, 'player: 攻擊 H 造成傷害 5'),
(1384, 102, 'H已擊敗，玩家贏得勝利'),
(1385, 103, 'player: 攻擊 C 造成傷害 5'),
(1386, 103, 'C: 攻擊 player 造成傷害 3'),
(1387, 103, 'player: 攻擊 C 造成傷害 5'),
(1388, 103, 'C: 攻擊 player 造成傷害 3'),
(1389, 103, 'player: 攻擊 C 造成傷害 5'),
(1390, 103, 'C: 攻擊 player 造成傷害 3'),
(1391, 103, 'player: 攻擊 C 造成傷害 5'),
(1392, 103, 'C: 攻擊 player 造成傷害 3'),
(1393, 103, 'player: 攻擊 C 造成傷害 5'),
(1394, 103, 'C已擊敗，玩家贏得勝利'),
(1395, 103, 'player: 攻擊 G 造成傷害 5'),
(1396, 103, 'G: 攻擊 player 造成傷害 6'),
(1397, 103, 'player: 攻擊 G 造成傷害 5'),
(1398, 103, 'G: 攻擊 player 造成傷害 6'),
(1399, 103, 'player: 攻擊 G 造成傷害 5'),
(1400, 103, 'G: 攻擊 player 造成傷害 6'),
(1401, 103, 'player: 攻擊 G 造成傷害 5'),
(1402, 103, 'G: 攻擊 player 造成傷害 6'),
(1403, 103, 'player: 攻擊 G 造成傷害 5'),
(1404, 103, 'G: 攻擊 player 造成傷害 6</br>你已死亡，遊戲結束'),
(1405, 104, 'player: 攻擊 E 造成傷害 5'),
(1406, 104, 'E: 攻擊 player 造成傷害 4'),
(1407, 104, 'player: 攻擊 E 造成傷害 5'),
(1408, 104, 'E: 攻擊 player 造成傷害 4'),
(1409, 104, 'player: 攻擊 E 造成傷害 5'),
(1410, 104, 'E: 攻擊 player 造成傷害 4'),
(1411, 104, 'player: 攻擊 E 造成傷害 5'),
(1412, 104, 'E: 攻擊 player 造成傷害 4'),
(1413, 104, 'player: 攻擊 E 造成傷害 5'),
(1414, 104, 'E: 攻擊 player 造成傷害 4'),
(1415, 104, 'player: 攻擊 E 造成傷害 5'),
(1416, 104, 'E: 攻擊 player 造成傷害 4'),
(1417, 104, 'player: 攻擊 E 造成傷害 5'),
(1418, 104, 'E已擊敗，玩家贏得勝利'),
(1419, 104, 'player: 攻擊 H 造成傷害 5'),
(1420, 104, 'H: 攻擊 player 造成傷害 3'),
(1421, 104, 'player: 攻擊 H 造成傷害 5'),
(1422, 104, 'H: 攻擊 player 造成傷害 3'),
(1423, 104, 'player: 攻擊 H 造成傷害 5'),
(1424, 104, 'H: 攻擊 player 造成傷害 3'),
(1425, 104, 'player: 攻擊 H 造成傷害 5'),
(1426, 104, 'H: 攻擊 player 造成傷害 3'),
(1427, 104, 'player: 攻擊 H 造成傷害 5'),
(1428, 104, 'H: 攻擊 player 造成傷害 3'),
(1429, 104, 'player: 攻擊 H 造成傷害 5'),
(1430, 104, 'H: 攻擊 player 造成傷害 3'),
(1431, 104, 'player: 攻擊 H 造成傷害 5'),
(1432, 104, 'H: 攻擊 player 造成傷害 3'),
(1433, 104, 'player: 攻擊 H 造成傷害 5'),
(1434, 104, 'H: 攻擊 player 造成傷害 3'),
(1435, 104, 'player: 攻擊 H 造成傷害 5'),
(1436, 104, 'H: 攻擊 player 造成傷害 3'),
(1437, 104, 'player: 攻擊 H 造成傷害 5'),
(1438, 104, 'H已擊敗，玩家贏得勝利'),
(1439, 104, 'player: 攻擊 B 造成傷害 5'),
(1440, 104, 'B: 攻擊 player 造成傷害 1'),
(1441, 104, 'player: 攻擊 B 造成傷害 5'),
(1442, 104, 'B: 攻擊 player 造成傷害 1'),
(1443, 104, 'player: 攻擊 B 造成傷害 5'),
(1444, 104, 'B: 攻擊 player 造成傷害 1'),
(1445, 104, 'player: 攻擊 B 造成傷害 5'),
(1446, 104, 'B已擊敗，玩家贏得勝利'),
(1447, 105, 'player: 攻擊 A 造成傷害 5'),
(1448, 105, 'A: 攻擊 player 造成傷害 1'),
(1449, 105, 'player: 攻擊 A 造成傷害 5'),
(1450, 105, 'A已擊敗，玩家贏得勝利'),
(1451, 105, 'player: 攻擊 B 造成傷害 5'),
(1452, 105, 'B: 攻擊 player 造成傷害 1'),
(1453, 105, 'player: 攻擊 B 造成傷害 5'),
(1454, 105, 'B: 攻擊 player 造成傷害 1'),
(1455, 105, 'player: 攻擊 B 造成傷害 5'),
(1456, 105, 'B: 攻擊 player 造成傷害 1'),
(1457, 105, 'player: 攻擊 B 造成傷害 5'),
(1458, 105, 'B已擊敗，玩家贏得勝利'),
(1459, 105, 'player: 攻擊 G 造成傷害 5'),
(1460, 105, 'G: 攻擊 player 造成傷害 6'),
(1461, 105, 'player: 攻擊 G 造成傷害 5'),
(1462, 105, 'G: 攻擊 player 造成傷害 6'),
(1463, 105, 'player: 攻擊 G 造成傷害 5'),
(1464, 105, 'G: 攻擊 player 造成傷害 6'),
(1465, 105, 'player: 攻擊 G 造成傷害 5'),
(1466, 105, 'G: 攻擊 player 造成傷害 6'),
(1467, 105, 'player: 攻擊 G 造成傷害 5'),
(1468, 105, 'player: 攻擊 G 造成傷害 5'),
(1469, 105, 'G: 攻擊 player 造成傷害 6</br>你已死亡，遊戲結束'),
(1470, 106, 'player: 攻擊 B 造成傷害 5'),
(1471, 106, 'B: 攻擊 player 造成傷害 1'),
(1472, 106, 'player: 攻擊 B 造成傷害 5'),
(1473, 106, 'B: 攻擊 player 造成傷害 1'),
(1474, 106, 'player: 攻擊 B 造成傷害 5'),
(1475, 106, 'B: 攻擊 player 造成傷害 1'),
(1476, 106, 'player: 攻擊 B 造成傷害 5'),
(1477, 106, 'B已擊敗，玩家贏得勝利'),
(1478, 106, 'player: 攻擊 B 造成傷害 5'),
(1479, 106, 'B已擊敗，玩家贏得勝利'),
(1480, 106, 'player: 攻擊 H 造成傷害 5'),
(1481, 106, 'H: 攻擊 player 造成傷害 3'),
(1482, 106, 'player: 攻擊 H 造成傷害 5'),
(1483, 106, 'player: 攻擊 H 造成傷害 5'),
(1484, 106, 'H: 攻擊 player 造成傷害 3'),
(1485, 106, 'player: 攻擊 H 造成傷害 5'),
(1486, 106, 'H: 攻擊 player 造成傷害 3'),
(1487, 106, 'player: 攻擊 H 造成傷害 5'),
(1488, 106, 'player: 攻擊 H 造成傷害 5'),
(1489, 106, 'H: 攻擊 player 造成傷害 3'),
(1490, 106, 'player: 攻擊 H 造成傷害 5'),
(1491, 106, 'H: 攻擊 player 造成傷害 3'),
(1492, 106, 'player: 攻擊 H 造成傷害 5'),
(1493, 106, 'player: 攻擊 H 造成傷害 5'),
(1494, 106, 'H: 攻擊 player 造成傷害 3'),
(1495, 106, 'player: 攻擊 H 造成傷害 5'),
(1496, 106, 'H: 攻擊 player 造成傷害 3'),
(1497, 106, 'player: 攻擊 H 造成傷害 5'),
(1498, 106, 'player: 攻擊 H 造成傷害 5'),
(1499, 106, 'H: 攻擊 player 造成傷害 3'),
(1500, 106, 'player: 攻擊 H 造成傷害 5'),
(1501, 106, 'H: 攻擊 player 造成傷害 3'),
(1502, 106, 'player: 攻擊 H 造成傷害 5'),
(1503, 106, 'H已擊敗，玩家贏得勝利'),
(1504, 106, 'player: 攻擊 B 造成傷害 5'),
(1505, 106, 'B: 攻擊 player 造成傷害 1'),
(1506, 106, 'player: 攻擊 B 造成傷害 5'),
(1507, 106, 'player: 攻擊 B 造成傷害 5'),
(1508, 106, 'B: 攻擊 player 造成傷害 1'),
(1509, 106, 'player: 攻擊 B 造成傷害 5'),
(1510, 106, 'player: 攻擊 B 造成傷害 5'),
(1511, 106, 'B: 攻擊 player 造成傷害 1'),
(1512, 106, 'player: 攻擊 B 造成傷害 5'),
(1513, 106, 'B已擊敗，玩家贏得勝利'),
(1514, 106, 'player: 攻擊 I 造成傷害 5'),
(1515, 106, 'I: 攻擊 player 造成傷害 2'),
(1516, 106, 'player: 攻擊 I 造成傷害 5'),
(1517, 106, 'I: 攻擊 player 造成傷害 2'),
(1518, 106, 'player: 攻擊 I 造成傷害 5'),
(1519, 106, 'player: 攻擊 I 造成傷害 5'),
(1520, 106, 'I: 攻擊 player 造成傷害 2'),
(1521, 106, 'player: 攻擊 I 造成傷害 5'),
(1522, 106, 'I: 攻擊 player 造成傷害 2'),
(1523, 106, 'player: 攻擊 I 造成傷害 5'),
(1524, 106, 'I: 攻擊 player 造成傷害 2'),
(1525, 106, 'player: 攻擊 I 造成傷害 5'),
(1526, 106, 'I: 攻擊 player 造成傷害 2'),
(1527, 106, 'player: 攻擊 I 造成傷害 5'),
(1528, 106, 'I: 攻擊 player 造成傷害 2'),
(1529, 106, 'player: 攻擊 I 造成傷害 5'),
(1530, 106, 'I: 攻擊 player 造成傷害 2'),
(1531, 106, 'player: 攻擊 I 造成傷害 5'),
(1532, 106, 'I: 攻擊 player 造成傷害 2'),
(1533, 106, 'player: 攻擊 I 造成傷害 5'),
(1534, 106, 'I: 攻擊 player 造成傷害 2'),
(1535, 106, 'player: 攻擊 I 造成傷害 5'),
(1536, 106, 'I已擊敗，玩家贏得勝利'),
(1537, 106, 'player: 攻擊 A 造成傷害 5'),
(1538, 106, 'A: 攻擊 player 造成傷害 1'),
(1539, 106, 'player: 攻擊 A 造成傷害 5'),
(1540, 106, 'A已擊敗，玩家贏得勝利'),
(1541, 107, 'player: 攻擊 E 造成傷害 5'),
(1542, 107, 'E: 攻擊 player 造成傷害 4'),
(1543, 107, 'player: 攻擊 E 造成傷害 5'),
(1544, 107, 'E: 攻擊 player 造成傷害 4'),
(1545, 107, 'player: 攻擊 E 造成傷害 5'),
(1546, 107, 'E: 攻擊 player 造成傷害 4'),
(1547, 107, 'player: 攻擊 E 造成傷害 5'),
(1548, 107, 'E: 攻擊 player 造成傷害 4'),
(1549, 107, 'player: 攻擊 E 造成傷害 5'),
(1550, 107, 'E: 攻擊 player 造成傷害 4'),
(1551, 107, 'player: 攻擊 E 造成傷害 5'),
(1552, 107, 'E: 攻擊 player 造成傷害 4'),
(1553, 107, 'player: 攻擊 E 造成傷害 5'),
(1554, 107, 'E已擊敗，玩家贏得勝利'),
(1555, 107, 'player: 攻擊 I 造成傷害 5'),
(1556, 107, 'I: 攻擊 player 造成傷害 2'),
(1557, 107, 'player: 攻擊 I 造成傷害 5'),
(1558, 107, 'I: 攻擊 player 造成傷害 2'),
(1559, 107, 'player: 攻擊 I 造成傷害 5'),
(1560, 107, 'I: 攻擊 player 造成傷害 2'),
(1561, 104, 'player: 攻擊 J 造成傷害 5'),
(1562, 104, 'J: 攻擊 player 造成傷害 14'),
(1563, 104, 'player: 攻擊 J 造成傷害 5'),
(1564, 104, 'J: 攻擊 player 造成傷害 14'),
(1565, 104, 'player: 攻擊 J 造成傷害 5'),
(1566, 104, 'J: 攻擊 player 造成傷害 14</br>你已死亡，遊戲結束'),
(1567, 108, 'player: 攻擊 F 造成傷害 5'),
(1568, 108, 'F: 攻擊 player 造成傷害 3'),
(1569, 108, 'player: 攻擊 F 造成傷害 5'),
(1570, 108, 'F: 攻擊 player 造成傷害 3'),
(1571, 108, 'player: 攻擊 F 造成傷害 5'),
(1572, 108, 'F: 攻擊 player 造成傷害 3'),
(1573, 108, 'player: 攻擊 F 造成傷害 5'),
(1574, 108, 'F: 攻擊 player 造成傷害 3'),
(1575, 108, 'player: 攻擊 F 造成傷害 5'),
(1576, 108, 'player: 攻擊 F 造成傷害 5');
INSERT INTO `msg_tab` (`msg_id`, `msg_sg_id`, `msg_content`) VALUES
(1577, 108, 'player: 攻擊 F 造成傷害 5'),
(1578, 108, 'F: 攻擊 player 造成傷害 3'),
(1579, 108, 'player: 攻擊 F 造成傷害 5'),
(1580, 108, 'F: 攻擊 player 造成傷害 3'),
(1581, 108, 'player: 攻擊 F 造成傷害 5'),
(1582, 108, 'F: 攻擊 player 造成傷害 3'),
(1583, 108, 'player: 攻擊 F 造成傷害 5'),
(1584, 108, 'F已擊敗，玩家贏得勝利'),
(1585, 109, 'player: 攻擊 D 造成傷害 5'),
(1586, 109, 'D: 攻擊 player 造成傷害 2'),
(1587, 109, 'player: 攻擊 D 造成傷害 5'),
(1588, 109, 'D: 攻擊 player 造成傷害 2'),
(1589, 109, 'player: 攻擊 D 造成傷害 5'),
(1590, 109, 'D: 攻擊 player 造成傷害 2'),
(1591, 109, 'player: 攻擊 D 造成傷害 5'),
(1592, 109, 'D: 攻擊 player 造成傷害 2'),
(1593, 109, 'player: 攻擊 D 造成傷害 5'),
(1594, 109, 'D: 攻擊 player 造成傷害 2'),
(1595, 109, 'player: 攻擊 D 造成傷害 5'),
(1596, 109, 'D已擊敗，玩家贏得勝利'),
(1597, 109, 'player: 攻擊 I 造成傷害 5'),
(1598, 109, 'I: 攻擊 player 造成傷害 2'),
(1599, 109, 'player: 攻擊 I 造成傷害 5'),
(1600, 109, 'I: 攻擊 player 造成傷害 2'),
(1601, 109, 'player: 攻擊 I 造成傷害 5'),
(1602, 109, 'player: 攻擊 I 造成傷害 5'),
(1603, 109, 'I: 攻擊 player 造成傷害 2'),
(1604, 99, 'player: 攻擊 I 造成傷害 5'),
(1605, 99, 'I: 攻擊 player 造成傷害 2'),
(1606, 99, 'player: 攻擊 I 造成傷害 5'),
(1607, 99, 'I: 攻擊 player 造成傷害 2'),
(1608, 99, 'player: 攻擊 I 造成傷害 5'),
(1609, 99, 'player: 攻擊 I 造成傷害 5'),
(1610, 99, 'I: 攻擊 player 造成傷害 2'),
(1611, 99, 'I: 攻擊 player 造成傷害 2'),
(1612, 99, 'player: 攻擊 I 造成傷害 5'),
(1613, 99, 'I: 攻擊 player 造成傷害 2'),
(1614, 99, 'player: 攻擊 I 造成傷害 5'),
(1615, 99, 'I: 攻擊 player 造成傷害 2'),
(1616, 99, 'player: 攻擊 I 造成傷害 5'),
(1617, 99, 'player: 攻擊 I 造成傷害 5'),
(1618, 99, 'I: 攻擊 player 造成傷害 2'),
(1619, 99, 'I: 攻擊 player 造成傷害 2'),
(1620, 99, 'player: 攻擊 I 造成傷害 5'),
(1621, 99, 'I: 攻擊 player 造成傷害 2'),
(1622, 99, 'player: 攻擊 I 造成傷害 5'),
(1623, 99, 'I: 攻擊 player 造成傷害 2'),
(1624, 99, 'player: 攻擊 I 造成傷害 5'),
(1625, 99, 'I: 攻擊 player 造成傷害 2'),
(1626, 99, 'player: 攻擊 I 造成傷害 5'),
(1627, 99, 'I: 攻擊 player 造成傷害 2'),
(1628, 99, 'player: 攻擊 I 造成傷害 5'),
(1629, 99, 'I已擊敗，玩家贏得勝利'),
(1630, 99, 'player: 攻擊 J 造成傷害 5'),
(1631, 99, 'J: 攻擊 player 造成傷害 14'),
(1632, 99, 'player: 攻擊 J 造成傷害 5'),
(1633, 99, 'J: 攻擊 player 造成傷害 14'),
(1634, 99, 'player: 攻擊 J 造成傷害 5'),
(1635, 99, 'J: 攻擊 player 造成傷害 14</br>你已死亡，遊戲結束'),
(1636, 99, 'player: 攻擊 J 造成傷害 5'),
(1637, 99, 'J: 攻擊 player 造成傷害 14</br>你已死亡，遊戲結束'),
(1638, 110, 'player: 攻擊 D 造成傷害 5'),
(1639, 110, 'D: 攻擊 player 造成傷害 2'),
(1640, 110, 'player: 攻擊 D 造成傷害 5'),
(1641, 110, 'D: 攻擊 player 造成傷害 2'),
(1642, 110, 'player: 攻擊 D 造成傷害 5'),
(1643, 110, 'D: 攻擊 player 造成傷害 2'),
(1644, 110, 'player: 攻擊 D 造成傷害 5'),
(1645, 110, 'D: 攻擊 player 造成傷害 2'),
(1646, 110, 'player: 攻擊 D 造成傷害 5'),
(1647, 110, 'D: 攻擊 player 造成傷害 2'),
(1648, 110, 'player: 攻擊 D 造成傷害 5'),
(1649, 110, 'D已擊敗，玩家贏得勝利'),
(1650, 110, 'player: 攻擊 J 造成傷害 5'),
(1651, 110, 'J: 攻擊 player 造成傷害 14'),
(1652, 110, 'player: 攻擊 J 造成傷害 5'),
(1653, 110, 'J: 攻擊 player 造成傷害 14'),
(1654, 110, 'player: 攻擊 J 造成傷害 5'),
(1655, 110, 'J: 攻擊 player 造成傷害 14'),
(1656, 110, 'player: 攻擊 J 造成傷害 5'),
(1657, 110, 'J: 攻擊 player 造成傷害 14</br>你已死亡，遊戲結束'),
(1658, 111, 'player: 攻擊 A 造成傷害 5'),
(1659, 111, 'A: 攻擊 player 造成傷害 1'),
(1660, 111, 'player: 攻擊 A 造成傷害 5'),
(1661, 111, 'A已擊敗，玩家贏得勝利'),
(1662, 111, 'player: 攻擊 A 造成傷害 5'),
(1663, 111, 'A已擊敗，玩家贏得勝利'),
(1664, 111, 'player: 攻擊 A 造成傷害 5'),
(1665, 111, 'A: 攻擊 player 造成傷害 1'),
(1666, 111, 'player: 攻擊 A 造成傷害 5'),
(1667, 111, 'A已擊敗，玩家贏得勝利'),
(1668, 111, 'player: 攻擊 J 造成傷害 5'),
(1669, 111, 'J: 攻擊 player 造成傷害 14'),
(1670, 111, 'player: 攻擊 J 造成傷害 5'),
(1671, 111, 'player: 攻擊 J 造成傷害 5'),
(1672, 111, 'player: 攻擊 J 造成傷害 5'),
(1673, 111, 'player: 攻擊 J 造成傷害 5'),
(1674, 111, 'J: 攻擊 player 造成傷害 14'),
(1675, 111, 'J: 攻擊 player 造成傷害 14'),
(1676, 111, 'J: 攻擊 player 造成傷害 14'),
(1677, 111, 'player: 攻擊 J 造成傷害 5'),
(1678, 111, 'J: 攻擊 player 造成傷害 14</br>你已死亡，遊戲結束'),
(1679, 111, 'player: 攻擊 J 造成傷害 5'),
(1680, 111, 'J: 攻擊 player 造成傷害 14</br>你已死亡，遊戲結束'),
(1681, 112, 'player: 攻擊 H 造成傷害 5'),
(1682, 112, 'H: 攻擊 player 造成傷害 3'),
(1683, 112, 'player: 攻擊 H 造成傷害 5'),
(1684, 112, 'H: 攻擊 player 造成傷害 3'),
(1685, 112, 'player: 攻擊 H 造成傷害 5'),
(1686, 112, 'H: 攻擊 player 造成傷害 3'),
(1687, 112, 'player: 攻擊 H 造成傷害 5'),
(1688, 112, 'H: 攻擊 player 造成傷害 3'),
(1689, 112, 'player: 攻擊 H 造成傷害 5'),
(1690, 112, 'H: 攻擊 player 造成傷害 3'),
(1691, 112, 'player: 攻擊 H 造成傷害 5'),
(1692, 112, 'H: 攻擊 player 造成傷害 3'),
(1693, 112, 'player: 攻擊 H 造成傷害 5'),
(1694, 112, 'H: 攻擊 player 造成傷害 3'),
(1695, 112, 'player: 攻擊 H 造成傷害 5'),
(1696, 112, 'H: 攻擊 player 造成傷害 3'),
(1697, 112, 'player: 攻擊 H 造成傷害 5'),
(1698, 112, 'H: 攻擊 player 造成傷害 3'),
(1699, 112, 'player: 攻擊 H 造成傷害 5'),
(1700, 112, 'H已擊敗，玩家贏得勝利'),
(1701, 112, 'player: 攻擊 H 造成傷害 5'),
(1702, 112, 'H: 攻擊 player 造成傷害 3'),
(1703, 112, 'player: 攻擊 H 造成傷害 5'),
(1704, 112, 'H: 攻擊 player 造成傷害 3'),
(1705, 112, 'player: 攻擊 H 造成傷害 5'),
(1706, 112, 'H: 攻擊 player 造成傷害 3'),
(1707, 112, 'player: 攻擊 H 造成傷害 5'),
(1708, 112, 'H: 攻擊 player 造成傷害 3'),
(1709, 112, 'player: 攻擊 H 造成傷害 5'),
(1710, 112, 'H: 攻擊 player 造成傷害 3'),
(1711, 112, 'player: 攻擊 H 造成傷害 5'),
(1712, 112, 'H: 攻擊 player 造成傷害 3'),
(1713, 112, 'player: 攻擊 H 造成傷害 5'),
(1714, 112, 'H: 攻擊 player 造成傷害 3'),
(1715, 112, 'player: 攻擊 H 造成傷害 5'),
(1716, 112, 'H: 攻擊 player 造成傷害 3'),
(1717, 112, 'player: 攻擊 H 造成傷害 5'),
(1718, 112, 'H: 攻擊 player 造成傷害 3'),
(1719, 112, 'player: 攻擊 H 造成傷害 5'),
(1720, 112, 'H已擊敗，玩家贏得勝利'),
(1721, 112, 'player: 攻擊 C 造成傷害 5'),
(1722, 112, 'C: 攻擊 player 造成傷害 3'),
(1723, 112, 'player: 攻擊 C 造成傷害 5'),
(1724, 112, 'C: 攻擊 player 造成傷害 3'),
(1725, 112, 'player: 攻擊 C 造成傷害 5'),
(1726, 112, 'C: 攻擊 player 造成傷害 3'),
(1727, 112, 'player: 攻擊 C 造成傷害 5'),
(1728, 112, 'C: 攻擊 player 造成傷害 3'),
(1729, 112, 'player: 攻擊 C 造成傷害 5'),
(1730, 112, 'C已擊敗，玩家贏得勝利'),
(1731, 112, 'player: 攻擊 C 造成傷害 5'),
(1732, 112, 'C: 攻擊 player 造成傷害 3'),
(1733, 112, 'player: 攻擊 C 造成傷害 5'),
(1734, 112, 'C: 攻擊 player 造成傷害 3'),
(1735, 112, 'player: 攻擊 C 造成傷害 5'),
(1736, 112, 'C: 攻擊 player 造成傷害 3'),
(1737, 112, 'player: 攻擊 C 造成傷害 5'),
(1738, 112, 'C: 攻擊 player 造成傷害 3'),
(1739, 112, 'player: 攻擊 C 造成傷害 5'),
(1740, 112, 'C已擊敗，玩家贏得勝利'),
(1741, 112, 'player: 攻擊 G 造成傷害 5'),
(1742, 112, 'G: 攻擊 player 造成傷害 6'),
(1743, 112, 'player: 攻擊 G 造成傷害 5'),
(1744, 112, 'G: 攻擊 player 造成傷害 6'),
(1745, 112, 'player: 攻擊 G 造成傷害 5'),
(1746, 112, 'G: 攻擊 player 造成傷害 6'),
(1747, 112, 'player: 攻擊 G 造成傷害 5'),
(1748, 112, 'G: 攻擊 player 造成傷害 6'),
(1749, 112, 'player: 攻擊 G 造成傷害 5'),
(1750, 112, 'G: 攻擊 player 造成傷害 6</br>你已死亡，遊戲結束'),
(1751, 113, 'player: 攻擊 J 造成傷害 5'),
(1752, 113, 'J: 攻擊 player 造成傷害 14'),
(1753, 113, 'player: 攻擊 J 造成傷害 5'),
(1754, 113, 'J: 攻擊 player 造成傷害 14'),
(1755, 113, 'player: 攻擊 J 造成傷害 5'),
(1756, 113, 'J: 攻擊 player 造成傷害 14</br>你已死亡，遊戲結束'),
(1757, 114, 'player: 攻擊 C 造成傷害 5'),
(1758, 114, 'C: 攻擊 player 造成傷害 3'),
(1759, 114, 'player: 攻擊 C 造成傷害 5'),
(1760, 114, 'C: 攻擊 player 造成傷害 3'),
(1761, 114, 'player: 攻擊 C 造成傷害 5'),
(1762, 114, 'C: 攻擊 player 造成傷害 3'),
(1763, 114, 'player: 攻擊 C 造成傷害 5'),
(1764, 114, 'C: 攻擊 player 造成傷害 3'),
(1765, 114, 'player: 攻擊 C 造成傷害 5'),
(1766, 114, 'C已擊敗，玩家贏得勝利'),
(1767, 114, 'player: 攻擊 C 造成傷害 5'),
(1768, 114, 'C已擊敗，玩家贏得勝利'),
(1769, 114, 'player: 攻擊 B 造成傷害 5'),
(1770, 114, 'B: 攻擊 player 造成傷害 1'),
(1771, 114, 'player: 攻擊 B 造成傷害 5'),
(1772, 114, 'B: 攻擊 player 造成傷害 1'),
(1773, 114, 'player: 攻擊 B 造成傷害 5'),
(1774, 114, 'B: 攻擊 player 造成傷害 1'),
(1775, 114, 'player: 攻擊 B 造成傷害 5'),
(1776, 114, 'B已擊敗，玩家贏得勝利'),
(1777, 114, 'player: 攻擊 B 造成傷害 5'),
(1778, 114, 'B: 攻擊 player 造成傷害 1'),
(1779, 114, 'player: 攻擊 B 造成傷害 5'),
(1780, 114, 'B: 攻擊 player 造成傷害 1'),
(1781, 114, 'player: 攻擊 B 造成傷害 5'),
(1782, 114, 'B: 攻擊 player 造成傷害 1'),
(1783, 114, 'player: 攻擊 B 造成傷害 5'),
(1784, 114, 'B已擊敗，玩家贏得勝利'),
(1785, 114, 'player: 攻擊 F 造成傷害 5'),
(1786, 114, 'F: 攻擊 player 造成傷害 3'),
(1787, 114, 'player: 攻擊 F 造成傷害 5'),
(1788, 114, 'F: 攻擊 player 造成傷害 3'),
(1789, 114, 'player: 攻擊 F 造成傷害 5'),
(1790, 114, 'F: 攻擊 player 造成傷害 3'),
(1791, 114, 'player: 攻擊 F 造成傷害 5'),
(1792, 114, 'F: 攻擊 player 造成傷害 3'),
(1793, 114, 'player: 攻擊 F 造成傷害 5'),
(1794, 114, 'F: 攻擊 player 造成傷害 3'),
(1795, 114, 'player: 攻擊 F 造成傷害 5'),
(1796, 114, 'F: 攻擊 player 造成傷害 3'),
(1797, 114, 'player: 攻擊 F 造成傷害 5'),
(1798, 114, 'F: 攻擊 player 造成傷害 3'),
(1799, 114, 'player: 攻擊 F 造成傷害 5'),
(1800, 114, 'F已擊敗，玩家贏得勝利'),
(1801, 114, 'player: 攻擊 A 造成傷害 5'),
(1802, 114, 'A: 攻擊 player 造成傷害 1'),
(1803, 114, 'player: 攻擊 A 造成傷害 5'),
(1804, 114, 'A已擊敗，玩家贏得勝利'),
(1805, 114, 'player: 攻擊 D 造成傷害 5'),
(1806, 114, 'D: 攻擊 player 造成傷害 2'),
(1807, 114, 'player: 攻擊 D 造成傷害 5'),
(1808, 114, 'D: 攻擊 player 造成傷害 2'),
(1809, 114, 'player: 攻擊 D 造成傷害 5'),
(1810, 114, 'D: 攻擊 player 造成傷害 2'),
(1811, 114, 'player: 攻擊 D 造成傷害 5'),
(1812, 114, 'D: 攻擊 player 造成傷害 2'),
(1813, 114, 'player: 攻擊 D 造成傷害 5'),
(1814, 114, 'D: 攻擊 player 造成傷害 2'),
(1815, 114, 'player: 攻擊 D 造成傷害 5'),
(1816, 114, 'D已擊敗，玩家贏得勝利'),
(1817, 114, 'player: 攻擊 I 造成傷害 5'),
(1818, 114, 'I: 攻擊 player 造成傷害 2'),
(1819, 114, 'player: 攻擊 I 造成傷害 5'),
(1820, 114, 'I: 攻擊 player 造成傷害 2'),
(1821, 114, 'player: 攻擊 I 造成傷害 5'),
(1822, 114, 'I: 攻擊 player 造成傷害 2'),
(1823, 114, 'player: 攻擊 I 造成傷害 5'),
(1824, 114, 'I: 攻擊 player 造成傷害 2'),
(1825, 114, 'player: 攻擊 I 造成傷害 5'),
(1826, 114, 'I: 攻擊 player 造成傷害 2'),
(1827, 114, 'player: 攻擊 I 造成傷害 5'),
(1828, 114, 'I: 攻擊 player 造成傷害 2'),
(1829, 114, 'player: 攻擊 I 造成傷害 5'),
(1830, 114, 'I: 攻擊 player 造成傷害 2'),
(1831, 114, 'player: 攻擊 I 造成傷害 5'),
(1832, 114, 'player: 攻擊 I 造成傷害 5'),
(1833, 114, 'I: 攻擊 player 造成傷害 2'),
(1834, 114, 'I: 攻擊 player 造成傷害 2'),
(1835, 114, 'player: 攻擊 I 造成傷害 5'),
(1836, 114, 'I: 攻擊 player 造成傷害 2'),
(1837, 114, 'player: 攻擊 I 造成傷害 5'),
(1838, 114, 'I: 攻擊 player 造成傷害 2'),
(1839, 114, 'player: 攻擊 I 造成傷害 5'),
(1840, 114, 'I已擊敗，玩家贏得勝利'),
(1841, 114, 'player: 攻擊 E 造成傷害 5'),
(1842, 114, 'E: 攻擊 player 造成傷害 4'),
(1843, 114, 'player: 攻擊 E 造成傷害 5'),
(1844, 114, 'E: 攻擊 player 造成傷害 4'),
(1845, 114, 'player: 攻擊 E 造成傷害 5'),
(1846, 114, 'E: 攻擊 player 造成傷害 4'),
(1847, 114, 'player: 攻擊 E 造成傷害 5'),
(1848, 114, 'player: 攻擊 E 造成傷害 5'),
(1849, 114, 'E: 攻擊 player 造成傷害 4'),
(1850, 114, 'player: 攻擊 E 造成傷害 5'),
(1851, 114, 'E: 攻擊 player 造成傷害 4'),
(1852, 114, 'player: 攻擊 E 造成傷害 5'),
(1853, 114, 'E: 攻擊 player 造成傷害 4'),
(1854, 114, 'player: 攻擊 E 造成傷害 5'),
(1855, 114, 'E已擊敗，玩家贏得勝利'),
(1856, 114, 'player: 攻擊 E 造成傷害 5'),
(1857, 114, 'E: 攻擊 player 造成傷害 4'),
(1858, 114, 'player: 攻擊 E 造成傷害 5'),
(1859, 114, 'E: 攻擊 player 造成傷害 4'),
(1860, 114, 'player: 攻擊 E 造成傷害 5'),
(1861, 114, 'E: 攻擊 player 造成傷害 4'),
(1862, 114, 'player: 攻擊 E 造成傷害 5'),
(1863, 114, 'E: 攻擊 player 造成傷害 4'),
(1864, 114, 'player: 攻擊 E 造成傷害 5'),
(1865, 114, 'E: 攻擊 player 造成傷害 4'),
(1866, 114, 'player: 攻擊 E 造成傷害 5'),
(1867, 114, 'E: 攻擊 player 造成傷害 4'),
(1868, 114, 'player: 攻擊 E 造成傷害 5'),
(1869, 114, 'E已擊敗，玩家贏得勝利'),
(1870, 114, 'player: 攻擊 E 造成傷害 5'),
(1871, 114, 'E已擊敗，玩家贏得勝利'),
(1872, 114, 'player: 攻擊 F 造成傷害 5'),
(1873, 114, 'F: 攻擊 player 造成傷害 3'),
(1874, 114, 'player: 攻擊 F 造成傷害 5'),
(1875, 114, 'F: 攻擊 player 造成傷害 3'),
(1876, 114, 'player: 攻擊 F 造成傷害 5'),
(1877, 114, 'F: 攻擊 player 造成傷害 3'),
(1878, 114, 'player: 攻擊 F 造成傷害 5'),
(1879, 114, 'F: 攻擊 player 造成傷害 3'),
(1880, 114, 'player: 攻擊 F 造成傷害 5'),
(1881, 114, 'F: 攻擊 player 造成傷害 3'),
(1882, 114, 'player: 攻擊 F 造成傷害 5'),
(1883, 114, 'F: 攻擊 player 造成傷害 3'),
(1884, 114, 'player: 攻擊 F 造成傷害 5'),
(1885, 114, 'F: 攻擊 player 造成傷害 3'),
(1886, 114, 'player: 攻擊 F 造成傷害 5'),
(1887, 114, 'F已擊敗，玩家贏得勝利'),
(1888, 114, 'player: 攻擊 A 造成傷害 5'),
(1889, 114, 'player: 攻擊 A 造成傷害 5'),
(1890, 114, 'A: 攻擊 player 造成傷害 1'),
(1891, 114, 'A: 攻擊 player 造成傷害 1'),
(1892, 114, 'player: 攻擊 A 造成傷害 5'),
(1893, 114, 'A已擊敗，玩家贏得勝利'),
(1894, 114, 'player: 攻擊 B 造成傷害 5'),
(1895, 114, 'B: 攻擊 player 造成傷害 1'),
(1896, 114, 'player: 攻擊 B 造成傷害 5'),
(1897, 114, 'B: 攻擊 player 造成傷害 1'),
(1898, 114, 'player: 攻擊 B 造成傷害 5'),
(1899, 114, 'player: 攻擊 B 造成傷害 5'),
(1900, 114, 'B: 攻擊 player 造成傷害 1'),
(1901, 114, 'player: 攻擊 B 造成傷害 5'),
(1902, 114, 'B已擊敗，玩家贏得勝利'),
(1903, 114, 'player: 攻擊 J 造成傷害 5'),
(1904, 114, 'J: 攻擊 player 造成傷害 14'),
(1905, 114, 'player: 攻擊 J 造成傷害 5'),
(1906, 114, 'J: 攻擊 player 造成傷害 14'),
(1907, 114, 'player: 攻擊 J 造成傷害 5'),
(1908, 114, 'J: 攻擊 player 造成傷害 14</br>你已死亡，遊戲結束'),
(1909, 114, 'player: 攻擊 J 造成傷害 5'),
(1910, 114, 'J: 攻擊 player 造成傷害 14</br>你已死亡，遊戲結束'),
(1911, 115, 'player: 攻擊 J 造成傷害 5'),
(1912, 115, 'J: 攻擊 player 造成傷害 14'),
(1913, 115, 'player: 攻擊 J 造成傷害 5'),
(1914, 115, 'J: 攻擊 player 造成傷害 14'),
(1915, 115, 'player: 攻擊 J 造成傷害 5'),
(1916, 115, 'J: 攻擊 player 造成傷害 14</br>你已死亡，遊戲結束'),
(1917, 116, 'player: 攻擊 J 造成傷害 5'),
(1918, 116, 'J: 攻擊 player 造成傷害 14'),
(1919, 116, 'player: 攻擊 J 造成傷害 5'),
(1920, 116, 'J: 攻擊 player 造成傷害 14'),
(1921, 116, 'player: 攻擊 J 造成傷害 5'),
(1922, 116, 'J: 攻擊 player 造成傷害 14</br>你已死亡，遊戲結束'),
(1923, 117, 'player: 攻擊 G 造成傷害 5'),
(1924, 117, 'G: 攻擊 player 造成傷害 6'),
(1925, 117, 'player: 攻擊 G 造成傷害 5'),
(1926, 117, 'G: 攻擊 player 造成傷害 6'),
(1927, 117, 'player: 攻擊 G 造成傷害 5'),
(1928, 117, 'player: 攻擊 G 造成傷害 5'),
(1929, 117, 'G: 攻擊 player 造成傷害 6'),
(1930, 117, 'player: 攻擊 G 造成傷害 5'),
(1931, 117, 'G: 攻擊 player 造成傷害 6'),
(1932, 117, 'player: 攻擊 G 造成傷害 5'),
(1933, 117, 'G: 攻擊 player 造成傷害 6</br>你已死亡，遊戲結束'),
(1934, 118, 'player: 攻擊 I 造成傷害 5'),
(1935, 118, 'I: 攻擊 player 造成傷害 2'),
(1936, 118, 'player: 攻擊 I 造成傷害 5'),
(1937, 118, 'I: 攻擊 player 造成傷害 2'),
(1938, 118, 'player: 攻擊 I 造成傷害 5'),
(1939, 118, 'I: 攻擊 player 造成傷害 2'),
(1940, 118, 'player: 攻擊 I 造成傷害 5'),
(1941, 118, 'I: 攻擊 player 造成傷害 2'),
(1942, 118, 'player: 攻擊 I 造成傷害 5'),
(1943, 118, 'I: 攻擊 player 造成傷害 2'),
(1944, 118, 'player: 攻擊 I 造成傷害 5'),
(1945, 118, 'I: 攻擊 player 造成傷害 2'),
(1946, 118, 'player: 攻擊 I 造成傷害 5'),
(1947, 118, 'I: 攻擊 player 造成傷害 2'),
(1948, 118, 'player: 攻擊 I 造成傷害 5'),
(1949, 118, 'I: 攻擊 player 造成傷害 2'),
(1950, 118, 'player: 攻擊 I 造成傷害 5'),
(1951, 118, 'I: 攻擊 player 造成傷害 2'),
(1952, 118, 'player: 攻擊 I 造成傷害 5'),
(1953, 118, 'I: 攻擊 player 造成傷害 2'),
(1954, 118, 'player: 攻擊 I 造成傷害 5'),
(1955, 118, 'I已擊敗，玩家贏得勝利');

-- --------------------------------------------------------

--
-- 資料表結構 `player_tab`
--

CREATE TABLE `player_tab` (
  `py_id` bigint(20) NOT NULL,
  `py_name` varchar(20) NOT NULL,
  `py_attack` int(20) NOT NULL,
  `py_hp` int(20) NOT NULL,
  `py_date` date NOT NULL
) ENGINE=InnoDB DEFAULT CHARSET=utf8;

--
-- 傾印資料表的資料 `player_tab`
--

INSERT INTO `player_tab` (`py_id`, `py_name`, `py_attack`, `py_hp`, `py_date`) VALUES
(1, 'player', 5, 30, '2022-02-13');

-- --------------------------------------------------------

--
-- 資料表結構 `startgame_tab`
--

CREATE TABLE `startgame_tab` (
  `sg_id` bigint(20) NOT NULL,
  `sg_player_id` bigint(20) NOT NULL,
  `sg_date` date NOT NULL
) ENGINE=InnoDB DEFAULT CHARSET=utf8;

--
-- 傾印資料表的資料 `startgame_tab`
--

INSERT INTO `startgame_tab` (`sg_id`, `sg_player_id`, `sg_date`) VALUES
(59, 1, '2022-02-13'),
(60, 1, '2022-02-13'),
(61, 1, '2022-02-14'),
(62, 1, '2022-02-14'),
(63, 1, '2022-02-14'),
(64, 1, '2022-02-14'),
(65, 1, '2022-02-14'),
(66, 1, '2022-02-14'),
(67, 1, '2022-02-14'),
(68, 1, '2022-02-14'),
(69, 1, '2022-02-14'),
(70, 1, '2022-02-14'),
(71, 1, '2022-02-14'),
(72, 1, '2022-02-14'),
(73, 1, '2022-02-14'),
(74, 1, '2022-02-14'),
(75, 1, '2022-02-14'),
(76, 1, '2022-02-14'),
(77, 1, '2022-02-14'),
(78, 1, '2022-02-14'),
(79, 1, '2022-02-14'),
(80, 1, '2022-02-14'),
(81, 1, '2022-02-14'),
(82, 1, '2022-02-14'),
(83, 1, '2022-02-14'),
(84, 1, '2022-02-14'),
(85, 1, '2022-02-14'),
(86, 1, '2022-02-14'),
(87, 1, '2022-02-14'),
(88, 1, '2022-02-14'),
(89, 1, '2022-02-14'),
(90, 1, '2022-02-14'),
(91, 1, '2022-02-14'),
(92, 1, '2022-02-14'),
(93, 1, '2022-02-14'),
(94, 1, '2022-02-14'),
(95, 1, '2022-02-14'),
(96, 1, '2022-02-14'),
(97, 1, '2022-02-14'),
(98, 1, '2022-02-14'),
(99, 1, '2022-02-14'),
(100, 1, '2022-02-14'),
(101, 1, '2022-02-14'),
(102, 1, '2022-02-14'),
(103, 1, '2022-02-14'),
(104, 1, '2022-02-14'),
(105, 1, '2022-02-14'),
(106, 1, '2022-02-14'),
(107, 1, '2022-02-14'),
(108, 1, '2022-02-14'),
(109, 1, '2022-02-14'),
(110, 1, '2022-02-14'),
(111, 1, '2022-02-14'),
(112, 1, '2022-02-14'),
(113, 1, '2022-02-14'),
(114, 1, '2022-02-14'),
(115, 1, '2022-02-14'),
(116, 1, '2022-02-14'),
(117, 1, '2022-02-14'),
(118, 1, '2022-02-14');

--
-- 已傾印資料表的索引
--

--
-- 資料表索引 `monster_tab`
--
ALTER TABLE `monster_tab`
  ADD PRIMARY KEY (`ms_id`);

--
-- 資料表索引 `msg_tab`
--
ALTER TABLE `msg_tab`
  ADD PRIMARY KEY (`msg_id`);

--
-- 資料表索引 `player_tab`
--
ALTER TABLE `player_tab`
  ADD PRIMARY KEY (`py_id`);

--
-- 資料表索引 `startgame_tab`
--
ALTER TABLE `startgame_tab`
  ADD PRIMARY KEY (`sg_id`);

--
-- 在傾印的資料表使用自動遞增(AUTO_INCREMENT)
--

--
-- 使用資料表自動遞增(AUTO_INCREMENT) `monster_tab`
--
ALTER TABLE `monster_tab`
  MODIFY `ms_id` bigint(20) NOT NULL AUTO_INCREMENT, AUTO_INCREMENT=11;

--
-- 使用資料表自動遞增(AUTO_INCREMENT) `msg_tab`
--
ALTER TABLE `msg_tab`
  MODIFY `msg_id` bigint(20) NOT NULL AUTO_INCREMENT, AUTO_INCREMENT=1956;

--
-- 使用資料表自動遞增(AUTO_INCREMENT) `player_tab`
--
ALTER TABLE `player_tab`
  MODIFY `py_id` bigint(20) NOT NULL AUTO_INCREMENT, AUTO_INCREMENT=2;

--
-- 使用資料表自動遞增(AUTO_INCREMENT) `startgame_tab`
--
ALTER TABLE `startgame_tab`
  MODIFY `sg_id` bigint(20) NOT NULL AUTO_INCREMENT, AUTO_INCREMENT=119;
COMMIT;

/*!40101 SET CHARACTER_SET_CLIENT=@OLD_CHARACTER_SET_CLIENT */;
/*!40101 SET CHARACTER_SET_RESULTS=@OLD_CHARACTER_SET_RESULTS */;
/*!40101 SET COLLATION_CONNECTION=@OLD_COLLATION_CONNECTION */;
