-- phpMyAdmin SQL Dump
-- version 5.1.1
-- https://www.phpmyadmin.net/
--
-- 主機： 127.0.0.1
-- 產生時間： 2022-02-15 03:34:29
-- 伺服器版本： 10.4.20-MariaDB
-- PHP 版本： 7.3.29

SET SQL_MODE = "NO_AUTO_VALUE_ON_ZERO";
START TRANSACTION;
SET time_zone = "+00:00";


/*!40101 SET @OLD_CHARACTER_SET_CLIENT=@@CHARACTER_SET_CLIENT */;
/*!40101 SET @OLD_CHARACTER_SET_RESULTS=@@CHARACTER_SET_RESULTS */;
/*!40101 SET @OLD_COLLATION_CONNECTION=@@COLLATION_CONNECTION */;
/*!40101 SET NAMES utf8mb4 */;

--
-- 資料庫: `game`
--

-- --------------------------------------------------------

--
-- 資料表結構 `arms_tab`
--

CREATE TABLE `arms_tab` (
  `as_id` bigint(20) NOT NULL,
  `as_name` varchar(20) NOT NULL
) ENGINE=InnoDB DEFAULT CHARSET=utf8;

--
-- 傾印資料表的資料 `arms_tab`
--

INSERT INTO `arms_tab` (`as_id`, `as_name`) VALUES
(1, '武器A'),
(2, '武器B'),
(3, '武器C'),
(4, '武器D'),
(5, '武器E'),
(6, '武器F'),
(7, '武器G'),
(8, '武器H'),
(9, '武器I'),
(10, '武器J');

-- --------------------------------------------------------

--
-- 資料表結構 `monster_tab`
--

CREATE TABLE `monster_tab` (
  `ms_id` bigint(20) NOT NULL,
  `ms_name` varchar(20) NOT NULL,
  `ms_hp` int(20) NOT NULL,
  `ms_attack` int(20) NOT NULL,
  `ms_as_id` bigint(20) NOT NULL
) ENGINE=InnoDB DEFAULT CHARSET=utf8;

--
-- 傾印資料表的資料 `monster_tab`
--

INSERT INTO `monster_tab` (`ms_id`, `ms_name`, `ms_hp`, `ms_attack`, `ms_as_id`) VALUES
(1, 'A', 10, 1, 1),
(2, 'B', 20, 1, 2),
(3, 'C', 25, 3, 3),
(4, 'D', 30, 2, 4),
(5, 'E', 35, 4, 5),
(6, 'F', 40, 3, 6),
(7, 'G', 45, 6, 7),
(8, 'H', 50, 3, 8),
(9, 'I', 55, 2, 9),
(10, 'J', 60, 14, 10);

-- --------------------------------------------------------

--
-- 資料表結構 `msg_tab`
--

CREATE TABLE `msg_tab` (
  `msg_id` bigint(20) NOT NULL,
  `msg_sg_id` bigint(20) NOT NULL,
  `msg_content` text NOT NULL
) ENGINE=InnoDB DEFAULT CHARSET=utf8;

--
-- 傾印資料表的資料 `msg_tab`
--

INSERT INTO `msg_tab` (`msg_id`, `msg_sg_id`, `msg_content`) VALUES
(29, 59, 'player: 攻擊 C 造成傷害 30'),
(30, 59, 'C已擊敗，玩家贏得勝利'),
(31, 59, 'player: 攻擊 A 造成傷害 30'),
(32, 59, 'A已擊敗，玩家贏得勝利'),
(33, 59, 'player: 攻擊 D 造成傷害 30'),
(34, 59, 'D已擊敗，玩家贏得勝利'),
(35, 59, 'player: 攻擊 B 造成傷害 30'),
(36, 59, 'B已擊敗，玩家贏得勝利'),
(37, 59, 'player: 攻擊 D 造成傷害 30'),
(38, 59, 'D已擊敗，玩家贏得勝利'),
(39, 59, 'player: 攻擊 C 造成傷害 30'),
(40, 59, 'C已擊敗，玩家贏得勝利'),
(41, 59, 'player: 攻擊 F 造成傷害 30'),
(42, 59, 'player: 攻擊 F 造成傷害 30'),
(43, 59, 'F已擊敗，玩家贏得勝利'),
(44, 60, 'player: 攻擊  造成傷害 30'),
(45, 60, 'player: 攻擊  造成傷害 30'),
(46, 60, '已擊敗，玩家贏得勝利'),
(47, 60, 'player: 攻擊 H 造成傷害 30'),
(48, 60, 'player: 攻擊 H 造成傷害 30'),
(49, 60, 'H已擊敗，玩家贏得勝利'),
(50, 59, 'player: 攻擊 D 造成傷害 30'),
(51, 59, 'D已擊敗，玩家贏得勝利'),
(52, 59, 'player: 攻擊 I 造成傷害 30'),
(53, 59, 'player: 攻擊 I 造成傷害 30'),
(54, 59, 'I已擊敗，玩家贏得勝利'),
(55, 59, 'player: 攻擊 A 造成傷害 30'),
(56, 59, 'A已擊敗，玩家贏得勝利'),
(57, 59, 'player: 攻擊 E 造成傷害 30'),
(58, 59, 'player: 攻擊 E 造成傷害 30'),
(59, 59, 'E已擊敗，玩家贏得勝利'),
(60, 59, 'player: 攻擊 I 造成傷害 30'),
(61, 59, 'player: 攻擊 I 造成傷害 30'),
(62, 59, 'I已擊敗，玩家贏得勝利'),
(63, 59, 'player: 攻擊 A 造成傷害 30'),
(64, 59, 'A已擊敗，玩家贏得勝利'),
(65, 0, 'player: 攻擊 B 造成傷害 30'),
(66, 0, 'B已擊敗，玩家贏得勝利'),
(67, 0, 'player: 攻擊 B 造成傷害 30'),
(68, 0, 'B已擊敗，玩家贏得勝利'),
(69, 59, 'player: 攻擊 B 造成傷害 30'),
(70, 59, 'B已擊敗，玩家贏得勝利'),
(71, 59, 'player: 攻擊 I 造成傷害 30'),
(72, 59, 'player: 攻擊 I 造成傷害 30'),
(73, 59, 'I已擊敗，玩家贏得勝利'),
(74, 59, 'player: 攻擊 A 造成傷害 30'),
(75, 59, 'A已擊敗，玩家贏得勝利'),
(76, 59, 'player: 攻擊 E 造成傷害 30'),
(77, 59, 'player: 攻擊 E 造成傷害 30'),
(78, 59, 'E已擊敗，玩家贏得勝利'),
(79, 59, 'player: 攻擊 H 造成傷害 30'),
(80, 59, 'player: 攻擊 H 造成傷害 30'),
(81, 59, 'H已擊敗，玩家贏得勝利'),
(82, 59, 'player: 攻擊 B 造成傷害 30'),
(83, 59, 'B已擊敗，玩家贏得勝利'),
(84, 59, 'player: 攻擊 C 造成傷害 30'),
(85, 59, 'C已擊敗，玩家贏得勝利'),
(86, 59, 'player: 攻擊 A 造成傷害 30'),
(87, 59, 'A已擊敗，玩家贏得勝利'),
(88, 61, 'player: 攻擊 A 造成傷害 30'),
(89, 61, 'player: 攻擊 A 造成傷害 30'),
(90, 61, 'A已擊敗，玩家贏得勝利'),
(91, 61, 'player: 攻擊 G 造成傷害 30'),
(92, 61, 'player: 攻擊 G 造成傷害 30'),
(93, 61, 'G已擊敗，玩家贏得勝利'),
(94, 61, 'player: 攻擊 G 造成傷害 30'),
(95, 61, 'player: 攻擊 G 造成傷害 5'),
(96, 61, 'player: 攻擊 G 造成傷害 5'),
(97, 61, 'player: 攻擊 G 造成傷害 5'),
(98, 61, 'G已擊敗，玩家贏得勝利'),
(99, 61, 'G: 攻擊 player 造成傷害 6'),
(100, 61, 'player: 攻擊 G 造成傷害 5'),
(101, 61, 'G: 攻擊 player 造成傷害 6'),
(102, 61, 'player: 攻擊 G 造成傷害 5'),
(103, 61, 'G: 攻擊 player 造成傷害 6'),
(104, 61, 'player: 攻擊 G 造成傷害 5'),
(105, 61, 'G: 攻擊 player 造成傷害 6'),
(106, 61, 'player: 攻擊 G 造成傷害 5'),
(107, 61, 'G: 攻擊 player 造成傷害 6'),
(108, 61, 'player: 攻擊 G 造成傷害 5'),
(109, 61, 'G: 攻擊 player 造成傷害 6'),
(110, 61, 'player: 攻擊 G 造成傷害 5'),
(111, 61, 'G: 攻擊 player 造成傷害 6'),
(112, 61, 'player: 攻擊 G 造成傷害 5'),
(113, 61, 'G: 攻擊 player 造成傷害 6'),
(114, 61, 'player: 攻擊 G 造成傷害 5'),
(115, 61, 'G: 攻擊 player 造成傷害 6'),
(116, 61, 'player: 攻擊 G 造成傷害 5'),
(117, 61, 'G: 攻擊 player 造成傷害 6'),
(118, 61, 'player: 攻擊 G 造成傷害 5'),
(119, 61, 'G: 攻擊 player 造成傷害 6'),
(120, 61, 'player: 攻擊 G 造成傷害 5'),
(121, 61, 'G: 攻擊 player 造成傷害 6'),
(122, 61, 'player: 攻擊 G 造成傷害 5'),
(123, 61, 'G: 攻擊 player 造成傷害 6'),
(124, 61, 'player: 攻擊 G 造成傷害 5'),
(125, 61, 'G: 攻擊 player 造成傷害 6'),
(126, 61, 'player: 攻擊 G 造成傷害 5'),
(127, 61, 'G: 攻擊 player 造成傷害 6'),
(128, 61, 'player: 攻擊 G 造成傷害 5'),
(129, 61, 'G: 攻擊 player 造成傷害 6'),
(130, 61, 'player: 攻擊 G 造成傷害 5'),
(131, 61, 'G: 攻擊 player 造成傷害 6'),
(132, 61, 'player: 攻擊 G 造成傷害 5'),
(133, 61, 'G: 攻擊 player 造成傷害 6'),
(134, 61, 'player: 攻擊 G 造成傷害 5'),
(135, 61, 'G: 攻擊 player 造成傷害 6'),
(136, 61, 'player: 攻擊 G 造成傷害 5'),
(137, 61, 'G: 攻擊 player 造成傷害 6'),
(138, 61, 'player: 攻擊 G 造成傷害 5'),
(139, 61, 'player: 攻擊 G 造成傷害 5'),
(140, 61, 'player: 攻擊 G 造成傷害 5'),
(141, 61, 'player: 攻擊 G 造成傷害 5'),
(142, 61, 'player: 攻擊 G 造成傷害 5'),
(143, 61, 'player: 攻擊 G 造成傷害 5'),
(144, 61, 'G已擊敗，玩家贏得勝利'),
(145, 62, 'player: 攻擊 G 造成傷害 5'),
(146, 62, 'G: 攻擊 player 造成傷害 6'),
(147, 62, 'player: 攻擊 G 造成傷害 5'),
(148, 62, 'G: 攻擊 player 造成傷害 6'),
(149, 62, 'player: 攻擊 G 造成傷害 5'),
(150, 62, 'G: 攻擊 player 造成傷害 6'),
(151, 62, 'player: 攻擊 G 造成傷害 5'),
(152, 62, 'G: 攻擊 player 造成傷害 6'),
(153, 62, 'player: 攻擊 G 造成傷害 5'),
(154, 62, 'player: 攻擊 G 造成傷害 5'),
(155, 62, 'player: 攻擊 G 造成傷害 5'),
(156, 62, 'G: 攻擊 player 造成傷害 6</br>你已死亡，遊戲結束'),
(157, 62, 'player: 攻擊 G 造成傷害 5'),
(158, 62, 'G: 攻擊 player 造成傷害 6</br>你已死亡，遊戲結束'),
(159, 62, 'player: 攻擊 G 造成傷害 5'),
(160, 62, 'G: 攻擊 player 造成傷害 6</br>你已死亡，遊戲結束'),
(161, 62, 'player: 攻擊 G 造成傷害 5'),
(162, 62, 'G: 攻擊 player 造成傷害 6</br>你已死亡，遊戲結束'),
(163, 62, 'player: 攻擊 G 造成傷害 5'),
(164, 62, 'G: 攻擊 player 造成傷害 6</br>你已死亡，遊戲結束'),
(165, 62, 'player: 攻擊 G 造成傷害 5'),
(166, 62, 'G已擊敗，玩家贏得勝利'),
(167, 62, 'player: 攻擊 J 造成傷害 5'),
(168, 62, 'J: 攻擊 player 造成傷害 14'),
(169, 62, 'player: 攻擊 J 造成傷害 5'),
(170, 62, 'J: 攻擊 player 造成傷害 14'),
(171, 62, 'player: 攻擊 J 造成傷害 5'),
(172, 62, 'J: 攻擊 player 造成傷害 14</br>你已死亡，遊戲結束'),
(173, 63, 'player: 攻擊 I 造成傷害 5'),
(174, 63, 'I: 攻擊 player 造成傷害 2'),
(175, 63, 'player: 攻擊 I 造成傷害 5'),
(176, 63, 'I: 攻擊 player 造成傷害 2'),
(177, 63, 'player: 攻擊 I 造成傷害 5'),
(178, 63, 'I: 攻擊 player 造成傷害 2'),
(179, 63, 'player: 攻擊 I 造成傷害 5'),
(180, 63, 'I: 攻擊 player 造成傷害 2'),
(181, 63, 'player: 攻擊 I 造成傷害 5'),
(182, 63, 'I: 攻擊 player 造成傷害 2'),
(183, 63, 'player: 攻擊 I 造成傷害 5'),
(184, 63, 'I: 攻擊 player 造成傷害 2'),
(185, 63, 'player: 攻擊 I 造成傷害 5'),
(186, 63, 'I: 攻擊 player 造成傷害 2'),
(187, 63, 'player: 攻擊 I 造成傷害 5'),
(188, 63, 'I: 攻擊 player 造成傷害 2'),
(189, 63, 'player: 攻擊 I 造成傷害 5'),
(190, 63, 'I: 攻擊 player 造成傷害 2'),
(191, 63, 'player: 攻擊 I 造成傷害 5'),
(192, 63, 'I: 攻擊 player 造成傷害 2'),
(193, 63, 'player: 攻擊 I 造成傷害 5'),
(194, 63, 'I已擊敗，玩家贏得勝利'),
(195, 63, 'player: 攻擊 C 造成傷害 5'),
(196, 63, 'C: 攻擊 player 造成傷害 3'),
(197, 63, 'player: 攻擊 C 造成傷害 5'),
(198, 63, 'C: 攻擊 player 造成傷害 3'),
(199, 63, 'player: 攻擊 C 造成傷害 5'),
(200, 63, 'C: 攻擊 player 造成傷害 3'),
(201, 63, 'player: 攻擊 C 造成傷害 5'),
(202, 63, 'C: 攻擊 player 造成傷害 3'),
(203, 63, 'player: 攻擊 C 造成傷害 5'),
(204, 63, 'C已擊敗，玩家贏得勝利'),
(205, 63, 'player: 攻擊 A 造成傷害 5'),
(206, 63, 'A: 攻擊 player 造成傷害 1'),
(207, 63, 'player: 攻擊 A 造成傷害 5'),
(208, 63, 'A已擊敗，玩家贏得勝利'),
(209, 63, 'player: 攻擊 I 造成傷害 5'),
(210, 63, 'I: 攻擊 player 造成傷害 2'),
(211, 63, 'player: 攻擊 I 造成傷害 5'),
(212, 63, 'I: 攻擊 player 造成傷害 2'),
(213, 63, 'player: 攻擊 I 造成傷害 5'),
(214, 63, 'I: 攻擊 player 造成傷害 2'),
(215, 63, 'player: 攻擊 I 造成傷害 5'),
(216, 63, 'I: 攻擊 player 造成傷害 2'),
(217, 63, 'player: 攻擊 I 造成傷害 5'),
(218, 63, 'I: 攻擊 player 造成傷害 2'),
(219, 63, 'player: 攻擊 I 造成傷害 5'),
(220, 63, 'I: 攻擊 player 造成傷害 2'),
(221, 63, 'player: 攻擊 I 造成傷害 5'),
(222, 63, 'I: 攻擊 player 造成傷害 2'),
(223, 63, 'player: 攻擊 I 造成傷害 5'),
(224, 63, 'I: 攻擊 player 造成傷害 2'),
(225, 63, 'player: 攻擊 I 造成傷害 5'),
(226, 63, 'I: 攻擊 player 造成傷害 2'),
(227, 63, 'player: 攻擊 I 造成傷害 5'),
(228, 63, 'I: 攻擊 player 造成傷害 2'),
(229, 63, 'player: 攻擊 I 造成傷害 5'),
(230, 63, 'I已擊敗，玩家贏得勝利'),
(231, 63, 'player: 攻擊 I 造成傷害 5'),
(232, 63, 'I: 攻擊 player 造成傷害 2'),
(233, 63, 'player: 攻擊 I 造成傷害 5'),
(234, 63, 'player: 攻擊 I 造成傷害 5'),
(235, 63, 'I: 攻擊 player 造成傷害 2'),
(236, 63, 'player: 攻擊 I 造成傷害 5'),
(237, 63, 'I: 攻擊 player 造成傷害 2'),
(238, 63, 'player: 攻擊 I 造成傷害 5'),
(239, 63, 'I: 攻擊 player 造成傷害 2'),
(240, 63, 'player: 攻擊 I 造成傷害 5'),
(241, 63, 'I: 攻擊 player 造成傷害 2'),
(242, 63, 'player: 攻擊 I 造成傷害 5'),
(243, 63, 'I: 攻擊 player 造成傷害 2'),
(244, 63, 'player: 攻擊 I 造成傷害 5'),
(245, 63, 'I: 攻擊 player 造成傷害 2'),
(246, 63, 'player: 攻擊 I 造成傷害 5'),
(247, 63, 'I: 攻擊 player 造成傷害 2'),
(248, 63, 'player: 攻擊 I 造成傷害 5'),
(249, 63, 'player: 攻擊 I 造成傷害 5'),
(250, 63, 'I: 攻擊 player 造成傷害 2'),
(251, 63, 'I: 攻擊 player 造成傷害 2'),
(252, 63, 'player: 攻擊 I 造成傷害 5'),
(253, 63, 'I: 攻擊 player 造成傷害 2'),
(254, 63, 'player: 攻擊 I 造成傷害 5'),
(255, 63, 'I已擊敗，玩家贏得勝利'),
(256, 63, 'player: 攻擊 I 造成傷害 5'),
(257, 63, 'I: 攻擊 player 造成傷害 2'),
(258, 63, 'player: 攻擊 I 造成傷害 5'),
(259, 63, 'I: 攻擊 player 造成傷害 2'),
(260, 63, 'player: 攻擊 I 造成傷害 5'),
(261, 63, 'I: 攻擊 player 造成傷害 2'),
(262, 63, 'player: 攻擊 I 造成傷害 5'),
(263, 63, 'I: 攻擊 player 造成傷害 2'),
(264, 63, 'player: 攻擊 I 造成傷害 5'),
(265, 63, 'I: 攻擊 player 造成傷害 2'),
(266, 63, 'player: 攻擊 I 造成傷害 5'),
(267, 63, 'I: 攻擊 player 造成傷害 2'),
(268, 63, 'player: 攻擊 I 造成傷害 5'),
(269, 63, 'I: 攻擊 player 造成傷害 2'),
(270, 63, 'player: 攻擊 I 造成傷害 5'),
(271, 63, 'I: 攻擊 player 造成傷害 2'),
(272, 63, 'player: 攻擊 I 造成傷害 5'),
(273, 63, 'I: 攻擊 player 造成傷害 2'),
(274, 63, 'player: 攻擊 I 造成傷害 5'),
(275, 63, 'I: 攻擊 player 造成傷害 2'),
(276, 63, 'player: 攻擊 I 造成傷害 5'),
(277, 63, 'I已擊敗，玩家贏得勝利'),
(278, 63, 'player: 攻擊 H 造成傷害 5'),
(279, 63, 'H: 攻擊 player 造成傷害 3'),
(280, 63, 'player: 攻擊 H 造成傷害 5'),
(281, 63, 'H: 攻擊 player 造成傷害 3'),
(282, 63, 'player: 攻擊 H 造成傷害 5'),
(283, 63, 'H: 攻擊 player 造成傷害 3'),
(284, 63, 'player: 攻擊 H 造成傷害 5'),
(285, 63, 'H: 攻擊 player 造成傷害 3'),
(286, 63, 'player: 攻擊 H 造成傷害 5'),
(287, 63, 'H: 攻擊 player 造成傷害 3'),
(288, 63, 'player: 攻擊 H 造成傷害 5'),
(289, 63, 'H: 攻擊 player 造成傷害 3'),
(290, 63, 'player: 攻擊 H 造成傷害 5'),
(291, 63, 'H: 攻擊 player 造成傷害 3'),
(292, 63, 'player: 攻擊 H 造成傷害 5'),
(293, 63, 'H: 攻擊 player 造成傷害 3'),
(294, 63, 'player: 攻擊 H 造成傷害 5'),
(295, 63, 'H: 攻擊 player 造成傷害 3'),
(296, 63, 'player: 攻擊 H 造成傷害 5'),
(297, 63, 'H已擊敗，玩家贏得勝利'),
(298, 63, 'player: 攻擊 G 造成傷害 5'),
(299, 63, 'G: 攻擊 player 造成傷害 6'),
(300, 63, 'player: 攻擊 G 造成傷害 5'),
(301, 63, 'G: 攻擊 player 造成傷害 6'),
(302, 63, 'player: 攻擊 G 造成傷害 5'),
(303, 63, 'G: 攻擊 player 造成傷害 6'),
(304, 63, 'player: 攻擊 G 造成傷害 5'),
(305, 63, 'G: 攻擊 player 造成傷害 6'),
(306, 63, 'player: 攻擊 G 造成傷害 5'),
(307, 63, 'G: 攻擊 player 造成傷害 6</br>你已死亡，遊戲結束'),
(308, 64, 'player: 攻擊 B 造成傷害 5'),
(309, 64, 'B: 攻擊 player 造成傷害 1'),
(310, 64, 'player: 攻擊 B 造成傷害 5'),
(311, 64, 'B: 攻擊 player 造成傷害 1'),
(312, 64, 'player: 攻擊 B 造成傷害 5'),
(313, 64, 'B: 攻擊 player 造成傷害 1'),
(314, 64, 'player: 攻擊 B 造成傷害 5'),
(315, 64, 'B已擊敗，玩家贏得勝利'),
(316, 64, 'player: 攻擊 D 造成傷害 5'),
(317, 64, 'D: 攻擊 player 造成傷害 2'),
(318, 64, 'player: 攻擊 D 造成傷害 5'),
(319, 64, 'D: 攻擊 player 造成傷害 2'),
(320, 64, 'player: 攻擊 D 造成傷害 5'),
(321, 64, 'D: 攻擊 player 造成傷害 2'),
(322, 64, 'player: 攻擊 D 造成傷害 5'),
(323, 64, 'D: 攻擊 player 造成傷害 2'),
(324, 64, 'player: 攻擊 D 造成傷害 5'),
(325, 64, 'D: 攻擊 player 造成傷害 2'),
(326, 64, 'player: 攻擊 D 造成傷害 5'),
(327, 64, 'D已擊敗，玩家贏得勝利'),
(328, 64, 'player: 攻擊 A 造成傷害 5'),
(329, 64, 'A: 攻擊 player 造成傷害 1'),
(330, 64, 'player: 攻擊 A 造成傷害 5'),
(331, 64, 'A已擊敗，玩家贏得勝利'),
(332, 64, 'player: 攻擊 I 造成傷害 5'),
(333, 64, 'I: 攻擊 player 造成傷害 2'),
(334, 64, 'player: 攻擊 I 造成傷害 5'),
(335, 64, 'I: 攻擊 player 造成傷害 2'),
(336, 64, 'player: 攻擊 I 造成傷害 5'),
(337, 64, 'player: 攻擊 I 造成傷害 5'),
(338, 64, 'I: 攻擊 player 造成傷害 2'),
(339, 64, 'I: 攻擊 player 造成傷害 2'),
(340, 64, 'player: 攻擊 I 造成傷害 5'),
(341, 64, 'I: 攻擊 player 造成傷害 2'),
(342, 64, 'player: 攻擊 I 造成傷害 5'),
(343, 64, 'I: 攻擊 player 造成傷害 2'),
(344, 64, 'player: 攻擊 I 造成傷害 5'),
(345, 64, 'player: 攻擊 I 造成傷害 5'),
(346, 64, 'I: 攻擊 player 造成傷害 2'),
(347, 64, 'player: 攻擊 I 造成傷害 5'),
(348, 64, 'I: 攻擊 player 造成傷害 2'),
(349, 64, 'player: 攻擊 I 造成傷害 5'),
(350, 64, 'I: 攻擊 player 造成傷害 2'),
(351, 64, 'player: 攻擊 I 造成傷害 5'),
(352, 64, 'I: 攻擊 player 造成傷害 2'),
(353, 64, 'player: 攻擊 I 造成傷害 5'),
(354, 64, 'I: 攻擊 player 造成傷害 2'),
(355, 64, 'player: 攻擊 I 造成傷害 5'),
(356, 64, 'I已擊敗，玩家贏得勝利'),
(357, 64, 'player: 攻擊 E 造成傷害 5'),
(358, 64, 'E: 攻擊 player 造成傷害 4'),
(359, 64, 'player: 攻擊 E 造成傷害 5'),
(360, 64, 'E: 攻擊 player 造成傷害 4'),
(361, 64, 'player: 攻擊 E 造成傷害 5'),
(362, 64, 'E: 攻擊 player 造成傷害 4'),
(363, 64, 'player: 攻擊 E 造成傷害 5'),
(364, 64, 'E: 攻擊 player 造成傷害 4'),
(365, 64, 'player: 攻擊 E 造成傷害 5'),
(366, 64, 'E: 攻擊 player 造成傷害 4'),
(367, 64, 'player: 攻擊 E 造成傷害 5'),
(368, 64, 'E: 攻擊 player 造成傷害 4'),
(369, 64, 'player: 攻擊 E 造成傷害 5'),
(370, 64, 'E已擊敗，玩家贏得勝利'),
(371, 64, 'player: 攻擊 I 造成傷害 5'),
(372, 64, 'I: 攻擊 player 造成傷害 2'),
(373, 64, 'player: 攻擊 I 造成傷害 5'),
(374, 64, 'I: 攻擊 player 造成傷害 2'),
(375, 64, 'player: 攻擊 I 造成傷害 5'),
(376, 64, 'player: 攻擊 I 造成傷害 5'),
(377, 64, 'I: 攻擊 player 造成傷害 2'),
(378, 64, 'player: 攻擊 I 造成傷害 5'),
(379, 64, 'I: 攻擊 player 造成傷害 2'),
(380, 64, 'player: 攻擊 I 造成傷害 5'),
(381, 64, 'I: 攻擊 player 造成傷害 2'),
(382, 64, 'player: 攻擊 I 造成傷害 5'),
(383, 64, 'I: 攻擊 player 造成傷害 2'),
(384, 64, 'player: 攻擊 I 造成傷害 5'),
(385, 64, 'I: 攻擊 player 造成傷害 2'),
(386, 64, 'player: 攻擊 I 造成傷害 5'),
(387, 64, 'I: 攻擊 player 造成傷害 2'),
(388, 64, 'player: 攻擊 I 造成傷害 5'),
(389, 64, 'I: 攻擊 player 造成傷害 2'),
(390, 64, 'player: 攻擊 I 造成傷害 5'),
(391, 64, 'I: 攻擊 player 造成傷害 2'),
(392, 64, 'player: 攻擊 I 造成傷害 5'),
(393, 64, 'I已擊敗，玩家贏得勝利'),
(394, 64, 'player: 攻擊 G 造成傷害 5'),
(395, 64, 'G: 攻擊 player 造成傷害 6'),
(396, 64, 'player: 攻擊 G 造成傷害 5'),
(397, 64, 'G: 攻擊 player 造成傷害 6'),
(398, 64, 'player: 攻擊 G 造成傷害 5'),
(399, 64, 'G: 攻擊 player 造成傷害 6'),
(400, 64, 'player: 攻擊 G 造成傷害 5'),
(401, 64, 'G: 攻擊 player 造成傷害 6'),
(402, 64, 'player: 攻擊 G 造成傷害 5'),
(403, 64, 'G: 攻擊 player 造成傷害 6</br>你已死亡，遊戲結束'),
(404, 67, 'player: 攻擊 J 造成傷害 5'),
(405, 67, 'player: 攻擊 J 造成傷害 5'),
(406, 67, 'J: 攻擊 player 造成傷害 14'),
(407, 67, 'player: 攻擊 J 造成傷害 5'),
(408, 67, 'J: 攻擊 player 造成傷害 14'),
(409, 67, 'player: 攻擊 J 造成傷害 5'),
(410, 67, 'J: 攻擊 player 造成傷害 14'),
(411, 67, 'player: 攻擊 J 造成傷害 5'),
(412, 67, 'J: 攻擊 player 造成傷害 14'),
(413, 67, 'player: 攻擊 J 造成傷害 5'),
(414, 67, 'J: 攻擊 player 造成傷害 14'),
(415, 67, 'player: 攻擊 J 造成傷害 5'),
(416, 67, 'J: 攻擊 player 造成傷害 14'),
(417, 67, 'player: 攻擊 J 造成傷害 5'),
(418, 67, 'J: 攻擊 player 造成傷害 14'),
(419, 67, 'player: 攻擊 J 造成傷害 5'),
(420, 67, 'J: 攻擊 player 造成傷害 14'),
(421, 67, 'player: 攻擊 J 造成傷害 5'),
(422, 67, 'J: 攻擊 player 造成傷害 14'),
(423, 67, 'player: 攻擊 J 造成傷害 5'),
(424, 67, 'J: 攻擊 player 造成傷害 14'),
(425, 67, 'player: 攻擊 J 造成傷害 5'),
(426, 67, 'J已擊敗，玩家贏得勝利'),
(427, 68, 'player: 攻擊 J 造成傷害 5'),
(428, 68, 'J: 攻擊 player 造成傷害 14'),
(429, 68, 'player: 攻擊 J 造成傷害 5'),
(430, 68, 'J: 攻擊 player 造成傷害 14'),
(431, 65, 'player: 攻擊 C 造成傷害 5'),
(432, 65, 'C: 攻擊 player 造成傷害 3'),
(433, 65, 'player: 攻擊 C 造成傷害 5'),
(434, 65, 'C: 攻擊 player 造成傷害 3'),
(435, 65, 'player: 攻擊 C 造成傷害 5'),
(436, 65, 'C: 攻擊 player 造成傷害 3'),
(437, 65, 'player: 攻擊 C 造成傷害 5'),
(438, 65, 'C: 攻擊 player 造成傷害 3'),
(439, 65, 'player: 攻擊 C 造成傷害 5'),
(440, 65, 'C已擊敗，玩家贏得勝利'),
(441, 69, 'player: 攻擊 C 造成傷害 5'),
(442, 69, 'C: 攻擊 player 造成傷害 3'),
(443, 69, 'player: 攻擊 C 造成傷害 5'),
(444, 69, 'C: 攻擊 player 造成傷害 3'),
(445, 69, 'player: 攻擊 C 造成傷害 5'),
(446, 69, 'C: 攻擊 player 造成傷害 3'),
(447, 68, 'player: 攻擊 J 造成傷害 5'),
(448, 68, 'J: 攻擊 player 造成傷害 14'),
(449, 68, 'player: 攻擊 J 造成傷害 5'),
(450, 68, 'J已擊敗，玩家贏得勝利'),
(451, 68, 'player: 攻擊 J 造成傷害 5'),
(452, 68, 'J已擊敗，玩家贏得勝利'),
(453, 68, 'player: 攻擊 J 造成傷害 5'),
(454, 68, 'J已擊敗，玩家贏得勝利'),
(455, 68, 'player: 攻擊 J 造成傷害 5'),
(456, 68, 'J已擊敗，玩家贏得勝利'),
(457, 68, 'player: 攻擊 J 造成傷害 5'),
(458, 68, 'J已擊敗，玩家贏得勝利'),
(459, 68, 'player: 攻擊 J 造成傷害 5'),
(460, 68, 'J已擊敗，玩家贏得勝利'),
(461, 70, 'player: 攻擊 J 造成傷害 5'),
(462, 70, 'J: 攻擊 player 造成傷害 14'),
(463, 70, 'player: 攻擊 J 造成傷害 5'),
(464, 70, 'J: 攻擊 player 造成傷害 14'),
(465, 70, 'player: 攻擊 J 造成傷害 5'),
(466, 70, 'J: 攻擊 player 造成傷害 14'),
(467, 70, 'player: 攻擊 J 造成傷害 5'),
(468, 70, 'J: 攻擊 player 造成傷害 14'),
(469, 70, 'player: 攻擊 J 造成傷害 5'),
(470, 70, 'J: 攻擊 player 造成傷害 14</br>你已死亡，遊戲結束'),
(471, 71, 'player: 攻擊 E 造成傷害 5'),
(472, 71, 'E: 攻擊 player 造成傷害 4'),
(473, 71, 'player: 攻擊 E 造成傷害 5'),
(474, 71, 'E: 攻擊 player 造成傷害 4'),
(475, 71, 'player: 攻擊 E 造成傷害 5'),
(476, 71, 'E: 攻擊 player 造成傷害 4'),
(477, 71, 'player: 攻擊 E 造成傷害 5'),
(478, 71, 'E: 攻擊 player 造成傷害 4'),
(479, 71, 'player: 攻擊 E 造成傷害 5'),
(480, 71, 'E: 攻擊 player 造成傷害 4'),
(481, 71, 'player: 攻擊 E 造成傷害 5'),
(482, 71, 'E: 攻擊 player 造成傷害 4'),
(483, 71, 'player: 攻擊 E 造成傷害 5'),
(484, 71, 'E已擊敗，玩家贏得勝利'),
(485, 71, 'player: 攻擊 F 造成傷害 5'),
(486, 71, 'F: 攻擊 player 造成傷害 3'),
(487, 71, 'player: 攻擊 F 造成傷害 5'),
(488, 71, 'F: 攻擊 player 造成傷害 3'),
(489, 71, 'player: 攻擊 F 造成傷害 5'),
(490, 71, 'F: 攻擊 player 造成傷害 3'),
(491, 71, 'player: 攻擊 F 造成傷害 5'),
(492, 71, 'F: 攻擊 player 造成傷害 3'),
(493, 69, 'player: 攻擊 C 造成傷害 5'),
(494, 69, 'C: 攻擊 player 造成傷害 3'),
(495, 69, 'player: 攻擊 C 造成傷害 5'),
(496, 69, 'C: 攻擊 player 造成傷害 3'),
(497, 69, 'player: 攻擊 C 造成傷害 5'),
(498, 69, 'C: 攻擊 player 造成傷害 3'),
(499, 71, 'player: 攻擊 F 造成傷害 5'),
(500, 71, 'F: 攻擊 player 造成傷害 3'),
(501, 71, 'player: 攻擊 F 造成傷害 5'),
(502, 71, 'F: 攻擊 player 造成傷害 3'),
(503, 71, 'player: 攻擊 F 造成傷害 5'),
(504, 71, 'F: 攻擊 player 造成傷害 3'),
(505, 71, 'player: 攻擊 F 造成傷害 5'),
(506, 71, 'F已擊敗，玩家贏得勝利'),
(507, 71, 'player: 攻擊 B 造成傷害 5'),
(508, 71, 'B: 攻擊 player 造成傷害 1'),
(509, 71, 'player: 攻擊 B 造成傷害 5'),
(510, 71, 'B: 攻擊 player 造成傷害 1'),
(511, 71, 'player: 攻擊 B 造成傷害 5'),
(512, 71, 'B: 攻擊 player 造成傷害 1'),
(513, 71, 'player: 攻擊 B 造成傷害 5'),
(514, 71, 'B已擊敗，玩家贏得勝利'),
(515, 71, 'player: 攻擊 A 造成傷害 5'),
(516, 71, 'A: 攻擊 player 造成傷害 1'),
(517, 71, 'player: 攻擊 A 造成傷害 5'),
(518, 71, 'A已擊敗，玩家贏得勝利'),
(519, 71, 'player: 攻擊 J 造成傷害 5'),
(520, 71, 'J: 攻擊 player 造成傷害 14'),
(521, 71, 'player: 攻擊 J 造成傷害 5'),
(522, 71, 'J: 攻擊 player 造成傷害 14'),
(523, 71, 'player: 攻擊 J 造成傷害 5'),
(524, 71, 'J: 攻擊 player 造成傷害 14</br>你已死亡，遊戲結束'),
(525, 72, 'player: 攻擊 I 造成傷害 5'),
(526, 72, 'I: 攻擊 player 造成傷害 2'),
(527, 72, 'player: 攻擊 I 造成傷害 5'),
(528, 72, 'I: 攻擊 player 造成傷害 2'),
(529, 72, 'player: 攻擊 I 造成傷害 5'),
(530, 72, 'I: 攻擊 player 造成傷害 2'),
(531, 72, 'player: 攻擊 I 造成傷害 5'),
(532, 72, 'I: 攻擊 player 造成傷害 2'),
(533, 72, 'player: 攻擊 I 造成傷害 5'),
(534, 72, 'I: 攻擊 player 造成傷害 2'),
(535, 72, 'player: 攻擊 I 造成傷害 5'),
(536, 72, 'I: 攻擊 player 造成傷害 2'),
(537, 72, 'player: 攻擊 I 造成傷害 5'),
(538, 72, 'I: 攻擊 player 造成傷害 2'),
(539, 72, 'player: 攻擊 I 造成傷害 5'),
(540, 72, 'I: 攻擊 player 造成傷害 2'),
(541, 72, 'player: 攻擊 I 造成傷害 5'),
(542, 72, 'I: 攻擊 player 造成傷害 2'),
(543, 72, 'player: 攻擊 I 造成傷害 5'),
(544, 72, 'I: 攻擊 player 造成傷害 2'),
(545, 72, 'player: 攻擊 I 造成傷害 5'),
(546, 72, 'I已擊敗，玩家贏得勝利'),
(547, 72, 'player: 攻擊 J 造成傷害 5'),
(548, 72, 'J: 攻擊 player 造成傷害 14'),
(549, 72, 'player: 攻擊 J 造成傷害 5'),
(550, 72, 'J: 攻擊 player 造成傷害 14'),
(551, 72, 'player: 攻擊 J 造成傷害 5'),
(552, 72, 'J: 攻擊 player 造成傷害 14</br>你已死亡，遊戲結束'),
(553, 73, 'player: 攻擊 E 造成傷害 5'),
(554, 73, 'E: 攻擊 player 造成傷害 4'),
(555, 73, 'player: 攻擊 E 造成傷害 5'),
(556, 73, 'E: 攻擊 player 造成傷害 4'),
(557, 73, 'player: 攻擊 E 造成傷害 5'),
(558, 73, 'E: 攻擊 player 造成傷害 4'),
(559, 73, 'player: 攻擊 E 造成傷害 5'),
(560, 73, 'E: 攻擊 player 造成傷害 4'),
(561, 73, 'player: 攻擊 E 造成傷害 5'),
(562, 73, 'E: 攻擊 player 造成傷害 4'),
(563, 73, 'player: 攻擊 E 造成傷害 5'),
(564, 73, 'E: 攻擊 player 造成傷害 4'),
(565, 73, 'player: 攻擊 E 造成傷害 5'),
(566, 73, 'E已擊敗，玩家贏得勝利'),
(567, 73, 'player: 攻擊 B 造成傷害 5'),
(568, 73, 'B: 攻擊 player 造成傷害 1'),
(569, 73, 'player: 攻擊 B 造成傷害 5'),
(570, 73, 'B: 攻擊 player 造成傷害 1'),
(571, 73, 'player: 攻擊 B 造成傷害 5'),
(572, 73, 'B: 攻擊 player 造成傷害 1'),
(573, 73, 'player: 攻擊 B 造成傷害 5'),
(574, 73, 'B已擊敗，玩家贏得勝利'),
(575, 73, 'player: 攻擊 G 造成傷害 5'),
(576, 73, 'G: 攻擊 player 造成傷害 6'),
(577, 75, 'player: 攻擊 C 造成傷害 5'),
(578, 75, 'C: 攻擊 player 造成傷害 3'),
(579, 75, 'player: 攻擊 C 造成傷害 5'),
(580, 75, 'C: 攻擊 player 造成傷害 3'),
(581, 75, 'player: 攻擊 C 造成傷害 5'),
(582, 75, 'C: 攻擊 player 造成傷害 3'),
(583, 75, 'player: 攻擊 C 造成傷害 5'),
(584, 75, 'C: 攻擊 player 造成傷害 3'),
(585, 77, 'player: 攻擊 J 造成傷害 5'),
(586, 77, 'J: 攻擊 player 造成傷害 14'),
(587, 77, 'player: 攻擊 J 造成傷害 5'),
(588, 77, 'J: 攻擊 player 造成傷害 14'),
(589, 77, 'player: 攻擊 J 造成傷害 5'),
(590, 77, 'J: 攻擊 player 造成傷害 14</br>你已死亡，遊戲結束'),
(591, 78, 'player: 攻擊 H 造成傷害 5'),
(592, 78, 'H: 攻擊 player 造成傷害 3'),
(593, 78, 'player: 攻擊 H 造成傷害 5'),
(594, 78, 'H: 攻擊 player 造成傷害 3'),
(595, 78, 'player: 攻擊 H 造成傷害 5'),
(596, 78, 'H: 攻擊 player 造成傷害 3'),
(597, 78, 'player: 攻擊 H 造成傷害 5'),
(598, 78, 'H: 攻擊 player 造成傷害 3'),
(599, 79, 'player: 攻擊  造成傷害 5'),
(600, 79, ': 攻擊 player 造成傷害 '),
(601, 79, 'player: 攻擊  造成傷害 5'),
(602, 79, ': 攻擊 player 造成傷害 '),
(603, 79, 'player: 攻擊  造成傷害 5'),
(604, 79, ': 攻擊 player 造成傷害 '),
(605, 73, 'player: 攻擊 G 造成傷害 5'),
(606, 73, 'G: 攻擊 player 造成傷害 6'),
(607, 73, 'player: 攻擊 G 造成傷害 5'),
(608, 73, 'G: 攻擊 player 造成傷害 6'),
(609, 73, 'player: 攻擊 G 造成傷害 5'),
(610, 73, 'G: 攻擊 player 造成傷害 6'),
(611, 73, 'player: 攻擊 G 造成傷害 5'),
(612, 73, 'G: 攻擊 player 造成傷害 6</br>你已死亡，遊戲結束'),
(613, 80, 'player: 攻擊 D 造成傷害 5'),
(614, 80, 'D: 攻擊 player 造成傷害 2'),
(615, 80, 'player: 攻擊 D 造成傷害 5'),
(616, 80, 'D: 攻擊 player 造成傷害 2'),
(617, 80, 'player: 攻擊 D 造成傷害 5'),
(618, 80, 'D: 攻擊 player 造成傷害 2'),
(619, 80, 'player: 攻擊 D 造成傷害 5'),
(620, 80, 'D: 攻擊 player 造成傷害 2'),
(621, 80, 'player: 攻擊 D 造成傷害 5'),
(622, 80, 'D: 攻擊 player 造成傷害 2'),
(623, 80, 'player: 攻擊 D 造成傷害 5'),
(624, 80, 'D已擊敗，玩家贏得勝利'),
(625, 81, 'player: 攻擊 D 造成傷害 5'),
(626, 81, 'D: 攻擊 player 造成傷害 2'),
(627, 81, 'player: 攻擊 D 造成傷害 5'),
(628, 81, 'D: 攻擊 player 造成傷害 2'),
(629, 81, 'player: 攻擊 D 造成傷害 5'),
(630, 81, 'D: 攻擊 player 造成傷害 2'),
(631, 81, 'player: 攻擊 D 造成傷害 5'),
(632, 81, 'D: 攻擊 player 造成傷害 2'),
(633, 81, 'player: 攻擊 D 造成傷害 5'),
(634, 81, 'D: 攻擊 player 造成傷害 2'),
(635, 81, 'player: 攻擊 D 造成傷害 5'),
(636, 81, 'D: 攻擊 player 造成傷害 2'),
(637, 81, 'player: 攻擊 D 造成傷害 5'),
(638, 81, 'D: 攻擊 player 造成傷害 2'),
(639, 81, 'player: 攻擊 D 造成傷害 5'),
(640, 81, 'D已擊敗，玩家贏得勝利'),
(641, 82, 'player: 攻擊 D 造成傷害 5'),
(642, 82, 'D: 攻擊 player 造成傷害 2'),
(643, 82, 'player: 攻擊 D 造成傷害 5'),
(644, 82, 'D: 攻擊 player 造成傷害 2'),
(645, 82, 'player: 攻擊 D 造成傷害 5'),
(646, 82, 'D: 攻擊 player 造成傷害 2'),
(647, 82, 'player: 攻擊 D 造成傷害 5'),
(648, 82, 'D: 攻擊 player 造成傷害 2'),
(649, 82, 'player: 攻擊 D 造成傷害 5'),
(650, 82, 'D: 攻擊 player 造成傷害 2'),
(651, 82, 'player: 攻擊 D 造成傷害 5'),
(652, 82, 'D: 攻擊 player 造成傷害 2'),
(653, 82, 'player: 攻擊 D 造成傷害 5'),
(654, 82, 'D: 攻擊 player 造成傷害 2'),
(655, 82, 'player: 攻擊 D 造成傷害 5'),
(656, 82, 'D: 攻擊 player 造成傷害 2'),
(657, 82, 'player: 攻擊 D 造成傷害 5'),
(658, 82, 'D已擊敗，玩家贏得勝利'),
(659, 82, 'player: 攻擊 D 造成傷害 5'),
(660, 82, 'D: 攻擊 player 造成傷害 2'),
(661, 82, 'player: 攻擊 D 造成傷害 5'),
(662, 82, 'D: 攻擊 player 造成傷害 2'),
(663, 82, 'player: 攻擊 D 造成傷害 5'),
(664, 82, 'D: 攻擊 player 造成傷害 2'),
(665, 82, 'player: 攻擊 D 造成傷害 5'),
(666, 82, 'D: 攻擊 player 造成傷害 2'),
(667, 82, 'player: 攻擊 D 造成傷害 5'),
(668, 82, 'D: 攻擊 player 造成傷害 2'),
(669, 82, 'player: 攻擊 D 造成傷害 5'),
(670, 82, 'D已擊敗，玩家贏得勝利'),
(671, 82, 'player: 攻擊 C 造成傷害 5'),
(672, 82, 'C: 攻擊 player 造成傷害 3'),
(673, 82, 'player: 攻擊 C 造成傷害 5'),
(674, 82, 'player: 攻擊 C 造成傷害 5'),
(675, 82, 'C: 攻擊 player 造成傷害 3'),
(676, 82, 'player: 攻擊 C 造成傷害 5'),
(677, 82, 'C: 攻擊 player 造成傷害 3'),
(678, 82, 'player: 攻擊 C 造成傷害 5'),
(679, 82, 'C: 攻擊 player 造成傷害 3'),
(680, 82, 'player: 攻擊 C 造成傷害 5'),
(681, 82, 'C已擊敗，玩家贏得勝利'),
(682, 83, 'player: 攻擊 C 造成傷害 5'),
(683, 83, 'C: 攻擊 player 造成傷害 3'),
(684, 83, 'player: 攻擊 C 造成傷害 5'),
(685, 83, 'C: 攻擊 player 造成傷害 3'),
(686, 83, 'player: 攻擊 C 造成傷害 5'),
(687, 83, 'C: 攻擊 player 造成傷害 3'),
(688, 83, 'player: 攻擊 C 造成傷害 5'),
(689, 83, 'C: 攻擊 player 造成傷害 3'),
(690, 83, 'player: 攻擊 C 造成傷害 5'),
(691, 83, 'C: 攻擊 player 造成傷害 3'),
(692, 83, 'player: 攻擊 C 造成傷害 5'),
(693, 83, 'C: 攻擊 player 造成傷害 3'),
(694, 83, 'player: 攻擊 C 造成傷害 5'),
(695, 83, 'C已擊敗，玩家贏得勝利'),
(696, 84, 'player: 攻擊 C 造成傷害 5'),
(697, 84, 'C: 攻擊 player 造成傷害 3'),
(698, 84, 'player: 攻擊 C 造成傷害 5'),
(699, 84, 'C: 攻擊 player 造成傷害 3'),
(700, 84, 'player: 攻擊 C 造成傷害 5'),
(701, 84, 'C: 攻擊 player 造成傷害 3'),
(702, 84, 'player: 攻擊 C 造成傷害 5'),
(703, 84, 'C已擊敗，玩家贏得勝利'),
(704, 69, 'player: 攻擊 C 造成傷害 5'),
(705, 69, 'C: 攻擊 player 造成傷害 3'),
(706, 69, 'player: 攻擊 C 造成傷害 5'),
(707, 69, 'C: 攻擊 player 造成傷害 3'),
(708, 69, 'player: 攻擊 C 造成傷害 5'),
(709, 69, 'C: 攻擊 player 造成傷害 3'),
(710, 69, 'player: 攻擊 C 造成傷害 5'),
(711, 69, 'C: 攻擊 player 造成傷害 3</br>你已死亡，遊戲結束'),
(712, 85, 'player: 攻擊 E 造成傷害 5'),
(713, 85, 'E: 攻擊 player 造成傷害 4'),
(714, 85, 'player: 攻擊 E 造成傷害 5'),
(715, 85, 'E: 攻擊 player 造成傷害 4'),
(716, 85, 'player: 攻擊 E 造成傷害 5'),
(717, 85, 'E: 攻擊 player 造成傷害 4'),
(718, 85, 'player: 攻擊 E 造成傷害 5'),
(719, 85, 'E: 攻擊 player 造成傷害 4'),
(720, 85, 'player: 攻擊 E 造成傷害 5'),
(721, 85, 'E: 攻擊 player 造成傷害 4'),
(722, 85, 'player: 攻擊 E 造成傷害 5'),
(723, 85, 'E: 攻擊 player 造成傷害 4'),
(724, 85, 'player: 攻擊 E 造成傷害 5'),
(725, 85, 'E已擊敗，玩家贏得勝利'),
(726, 86, 'player: 攻擊 E 造成傷害 5'),
(727, 86, 'E: 攻擊 player 造成傷害 4'),
(728, 86, 'player: 攻擊 E 造成傷害 5'),
(729, 86, 'E: 攻擊 player 造成傷害 4'),
(730, 86, 'player: 攻擊 E 造成傷害 5'),
(731, 86, 'E: 攻擊 player 造成傷害 4'),
(732, 86, 'player: 攻擊 E 造成傷害 5'),
(733, 86, 'E: 攻擊 player 造成傷害 4'),
(734, 86, 'player: 攻擊 E 造成傷害 5'),
(735, 86, 'E: 攻擊 player 造成傷害 4'),
(736, 86, 'player: 攻擊 E 造成傷害 5'),
(737, 86, 'E: 攻擊 player 造成傷害 4'),
(738, 86, 'player: 攻擊 E 造成傷害 5'),
(739, 86, 'E: 攻擊 player 造成傷害 4'),
(740, 86, 'player: 攻擊 E 造成傷害 5'),
(741, 86, 'E: 攻擊 player 造成傷害 4'),
(742, 86, 'player: 攻擊 E 造成傷害 5'),
(743, 86, 'E已擊敗，玩家贏得勝利'),
(744, 87, 'player: 攻擊  造成傷害 5'),
(745, 87, ': 攻擊 player 造成傷害 '),
(746, 87, 'player: 攻擊  造成傷害 5'),
(747, 87, '已擊敗，玩家贏得勝利'),
(748, 87, 'player: 攻擊 F 造成傷害 5'),
(749, 87, 'F: 攻擊 player 造成傷害 3'),
(750, 87, 'player: 攻擊 F 造成傷害 5'),
(751, 87, 'F: 攻擊 player 造成傷害 3'),
(752, 87, 'player: 攻擊 F 造成傷害 5'),
(753, 87, 'F: 攻擊 player 造成傷害 3'),
(754, 87, 'player: 攻擊 F 造成傷害 5'),
(755, 87, 'F: 攻擊 player 造成傷害 3'),
(756, 87, 'player: 攻擊 F 造成傷害 5'),
(757, 87, 'F: 攻擊 player 造成傷害 3'),
(758, 87, 'player: 攻擊 F 造成傷害 5'),
(759, 87, 'F: 攻擊 player 造成傷害 3'),
(760, 87, 'player: 攻擊 F 造成傷害 5'),
(761, 87, 'F: 攻擊 player 造成傷害 3'),
(762, 87, 'player: 攻擊 F 造成傷害 5'),
(763, 87, 'F已擊敗，玩家贏得勝利'),
(764, 87, 'player: 攻擊 I 造成傷害 5'),
(765, 87, 'I: 攻擊 player 造成傷害 2'),
(766, 87, 'player: 攻擊 I 造成傷害 5'),
(767, 87, 'I: 攻擊 player 造成傷害 2'),
(768, 87, 'player: 攻擊 I 造成傷害 5'),
(769, 87, 'player: 攻擊 I 造成傷害 5'),
(770, 87, 'player: 攻擊 I 造成傷害 5'),
(771, 87, 'I: 攻擊 player 造成傷害 2'),
(772, 87, 'player: 攻擊 I 造成傷害 5'),
(773, 87, 'I: 攻擊 player 造成傷害 2'),
(774, 87, 'I: 攻擊 player 造成傷害 2'),
(775, 87, 'player: 攻擊 I 造成傷害 5'),
(776, 87, 'I: 攻擊 player 造成傷害 2'),
(777, 87, 'player: 攻擊 I 造成傷害 5'),
(778, 87, 'I: 攻擊 player 造成傷害 2'),
(779, 87, 'player: 攻擊 I 造成傷害 5'),
(780, 87, 'I: 攻擊 player 造成傷害 2'),
(781, 87, 'player: 攻擊 I 造成傷害 5'),
(782, 87, 'I: 攻擊 player 造成傷害 2'),
(783, 87, 'player: 攻擊 I 造成傷害 5'),
(784, 87, 'I: 攻擊 player 造成傷害 2'),
(785, 87, 'player: 攻擊 I 造成傷害 5'),
(786, 87, 'I: 攻擊 player 造成傷害 2'),
(787, 87, 'player: 攻擊 I 造成傷害 5'),
(788, 87, 'I已擊敗，玩家贏得勝利'),
(789, 87, 'player: 攻擊 G 造成傷害 5'),
(790, 87, 'G: 攻擊 player 造成傷害 6'),
(791, 87, 'player: 攻擊 G 造成傷害 5'),
(792, 87, 'G: 攻擊 player 造成傷害 6'),
(793, 87, 'player: 攻擊 G 造成傷害 5'),
(794, 87, 'G: 攻擊 player 造成傷害 6'),
(795, 87, 'player: 攻擊 G 造成傷害 5'),
(796, 87, 'G: 攻擊 player 造成傷害 6'),
(797, 87, 'player: 攻擊 G 造成傷害 5'),
(798, 87, 'G: 攻擊 player 造成傷害 6</br>你已死亡，遊戲結束'),
(799, 88, 'player: 攻擊 I 造成傷害 5'),
(800, 88, 'I: 攻擊 player 造成傷害 2'),
(801, 88, 'player: 攻擊 I 造成傷害 5'),
(802, 88, 'I: 攻擊 player 造成傷害 2'),
(803, 88, 'player: 攻擊 I 造成傷害 5'),
(804, 88, 'I: 攻擊 player 造成傷害 2'),
(805, 88, 'player: 攻擊 I 造成傷害 5'),
(806, 88, 'I: 攻擊 player 造成傷害 2'),
(807, 88, 'player: 攻擊 I 造成傷害 5'),
(808, 88, 'I: 攻擊 player 造成傷害 2'),
(809, 88, 'player: 攻擊 I 造成傷害 5'),
(810, 88, 'I: 攻擊 player 造成傷害 2'),
(811, 88, 'player: 攻擊 I 造成傷害 5'),
(812, 88, 'I: 攻擊 player 造成傷害 2'),
(813, 88, 'player: 攻擊 I 造成傷害 5'),
(814, 88, 'I: 攻擊 player 造成傷害 2'),
(815, 88, 'player: 攻擊 I 造成傷害 5'),
(816, 88, 'I: 攻擊 player 造成傷害 2'),
(817, 88, 'player: 攻擊 I 造成傷害 5'),
(818, 88, 'I: 攻擊 player 造成傷害 2'),
(819, 88, 'player: 攻擊 I 造成傷害 5'),
(820, 88, 'I已擊敗，玩家贏得勝利'),
(821, 88, 'player: 攻擊 J 造成傷害 5'),
(822, 88, 'J: 攻擊 player 造成傷害 14'),
(823, 88, 'player: 攻擊 J 造成傷害 5'),
(824, 88, 'J: 攻擊 player 造成傷害 14'),
(825, 88, 'player: 攻擊 J 造成傷害 5'),
(826, 88, 'J: 攻擊 player 造成傷害 14</br>你已死亡，遊戲結束'),
(827, 89, 'player: 攻擊 C 造成傷害 5'),
(828, 89, 'C: 攻擊 player 造成傷害 3'),
(829, 89, 'player: 攻擊 C 造成傷害 5'),
(830, 89, 'C: 攻擊 player 造成傷害 3'),
(831, 89, 'player: 攻擊 C 造成傷害 5'),
(832, 89, 'C: 攻擊 player 造成傷害 3'),
(833, 89, 'player: 攻擊 C 造成傷害 5'),
(834, 89, 'player: 攻擊 C 造成傷害 5'),
(835, 89, 'C: 攻擊 player 造成傷害 3'),
(836, 89, 'player: 攻擊 C 造成傷害 5'),
(837, 89, 'C已擊敗，玩家贏得勝利'),
(838, 90, 'player: 攻擊 C 造成傷害 5'),
(839, 90, 'C: 攻擊 player 造成傷害 3'),
(840, 90, 'player: 攻擊 C 造成傷害 5'),
(841, 90, 'C: 攻擊 player 造成傷害 3'),
(842, 90, 'player: 攻擊 C 造成傷害 5'),
(843, 90, 'C: 攻擊 player 造成傷害 3'),
(844, 90, 'player: 攻擊 C 造成傷害 5'),
(845, 90, 'C: 攻擊 player 造成傷害 3'),
(846, 90, 'player: 攻擊 C 造成傷害 5'),
(847, 90, 'C: 攻擊 player 造成傷害 3'),
(848, 90, 'player: 攻擊 C 造成傷害 5'),
(849, 90, 'C: 攻擊 player 造成傷害 3'),
(850, 90, 'player: 攻擊 C 造成傷害 5'),
(851, 90, 'C: 攻擊 player 造成傷害 3'),
(852, 90, 'player: 攻擊 C 造成傷害 5'),
(853, 90, 'C: 攻擊 player 造成傷害 3'),
(854, 90, 'player: 攻擊 C 造成傷害 5'),
(855, 90, 'C: 攻擊 player 造成傷害 3'),
(856, 90, 'player: 攻擊 C 造成傷害 5'),
(857, 90, 'player: 攻擊 C 造成傷害 5'),
(858, 90, 'C: 攻擊 player 造成傷害 3</br>你已死亡，遊戲結束'),
(859, 91, 'player: 攻擊 A 造成傷害 5'),
(860, 91, 'A: 攻擊 player 造成傷害 1'),
(861, 91, 'player: 攻擊 A 造成傷害 5'),
(862, 91, 'A已擊敗，玩家贏得勝利'),
(863, 92, 'player: 攻擊 A 造成傷害 5'),
(864, 92, 'A: 攻擊 player 造成傷害 1'),
(865, 92, 'player: 攻擊 A 造成傷害 5'),
(866, 92, 'A: 攻擊 player 造成傷害 1'),
(867, 92, 'player: 攻擊 A 造成傷害 5'),
(868, 92, 'A: 攻擊 player 造成傷害 1'),
(869, 92, 'player: 攻擊 A 造成傷害 5'),
(870, 92, 'A: 攻擊 player 造成傷害 1'),
(871, 92, 'player: 攻擊 A 造成傷害 5'),
(872, 92, 'A已擊敗，玩家贏得勝利'),
(873, 93, 'player: 攻擊 A 造成傷害 5'),
(874, 93, 'A: 攻擊 player 造成傷害 1'),
(875, 93, 'player: 攻擊 A 造成傷害 5'),
(876, 93, 'A: 攻擊 player 造成傷害 1'),
(877, 93, 'player: 攻擊 A 造成傷害 5'),
(878, 93, 'A: 攻擊 player 造成傷害 1'),
(879, 93, 'player: 攻擊 A 造成傷害 5'),
(880, 93, 'player: 攻擊 A 造成傷害 5'),
(881, 93, 'A: 攻擊 player 造成傷害 1'),
(882, 93, 'player: 攻擊 A 造成傷害 5'),
(883, 93, 'A: 攻擊 player 造成傷害 1'),
(884, 93, 'player: 攻擊 A 造成傷害 5'),
(885, 93, 'A已擊敗，玩家贏得勝利'),
(886, 94, 'player: 攻擊 A 造成傷害 5'),
(887, 94, 'A: 攻擊 player 造成傷害 1'),
(888, 94, 'player: 攻擊 A 造成傷害 5'),
(889, 94, 'A: 攻擊 player 造成傷害 1'),
(890, 94, 'player: 攻擊 A 造成傷害 5'),
(891, 94, 'player: 攻擊 A 造成傷害 5'),
(892, 94, 'A: 攻擊 player 造成傷害 1'),
(893, 94, 'player: 攻擊 A 造成傷害 5'),
(894, 94, 'A: 攻擊 player 造成傷害 1'),
(895, 94, 'player: 攻擊 A 造成傷害 5'),
(896, 94, 'A: 攻擊 player 造成傷害 1'),
(897, 94, 'player: 攻擊 A 造成傷害 5'),
(898, 94, 'A: 攻擊 player 造成傷害 1'),
(899, 94, 'player: 攻擊 A 造成傷害 5'),
(900, 94, 'A: 攻擊 player 造成傷害 1'),
(901, 94, 'player: 攻擊 A 造成傷害 5'),
(902, 94, 'A已擊敗，玩家贏得勝利'),
(903, 94, 'player: 攻擊 F 造成傷害 5'),
(904, 94, 'F: 攻擊 player 造成傷害 3'),
(905, 94, 'player: 攻擊 F 造成傷害 5'),
(906, 94, 'F: 攻擊 player 造成傷害 3'),
(907, 94, 'player: 攻擊 F 造成傷害 5'),
(908, 94, 'F: 攻擊 player 造成傷害 3'),
(909, 86, 'player: 攻擊 B 造成傷害 5'),
(910, 86, 'B: 攻擊 player 造成傷害 1'),
(911, 86, 'player: 攻擊 B 造成傷害 5'),
(912, 86, 'player: 攻擊 B 造成傷害 5'),
(913, 86, 'B: 攻擊 player 造成傷害 1'),
(914, 86, 'player: 攻擊 B 造成傷害 5'),
(915, 86, 'B: 攻擊 player 造成傷害 1'),
(916, 86, 'player: 攻擊 B 造成傷害 5'),
(917, 86, 'B已擊敗，玩家贏得勝利'),
(918, 95, 'player: 攻擊 B 造成傷害 5'),
(919, 95, 'B: 攻擊 player 造成傷害 1'),
(920, 95, 'player: 攻擊 B 造成傷害 5'),
(921, 95, 'B: 攻擊 player 造成傷害 1'),
(922, 95, 'player: 攻擊 B 造成傷害 5'),
(923, 95, 'B: 攻擊 player 造成傷害 1'),
(924, 95, 'player: 攻擊 B 造成傷害 5'),
(925, 95, 'B: 攻擊 player 造成傷害 1'),
(926, 95, 'player: 攻擊 B 造成傷害 5'),
(927, 95, 'B: 攻擊 player 造成傷害 1'),
(928, 95, 'player: 攻擊 B 造成傷害 5'),
(929, 95, 'B: 攻擊 player 造成傷害 1'),
(930, 95, 'player: 攻擊 B 造成傷害 5'),
(931, 95, 'B: 攻擊 player 造成傷害 1'),
(932, 95, 'player: 攻擊 B 造成傷害 5'),
(933, 95, 'B: 攻擊 player 造成傷害 1'),
(934, 95, 'player: 攻擊 B 造成傷害 5'),
(935, 95, 'B已擊敗，玩家贏得勝利'),
(936, 95, 'player: 攻擊 A 造成傷害 5'),
(937, 95, 'A: 攻擊 player 造成傷害 1'),
(938, 95, 'player: 攻擊 A 造成傷害 5'),
(939, 95, 'A已擊敗，玩家贏得勝利'),
(940, 95, 'player: 攻擊 A 造成傷害 5'),
(941, 95, 'A已擊敗，玩家贏得勝利'),
(942, 96, 'player: 攻擊 A 造成傷害 5'),
(943, 96, 'A: 攻擊 player 造成傷害 1'),
(944, 96, 'player: 攻擊 A 造成傷害 5'),
(945, 96, 'A: 攻擊 player 造成傷害 1'),
(946, 96, 'player: 攻擊 A 造成傷害 5'),
(947, 96, 'player: 攻擊 A 造成傷害 5'),
(948, 96, 'A: 攻擊 player 造成傷害 1'),
(949, 96, 'player: 攻擊 A 造成傷害 5'),
(950, 96, 'A: 攻擊 player 造成傷害 1'),
(951, 96, 'player: 攻擊 A 造成傷害 5'),
(952, 96, 'A: 攻擊 player 造成傷害 1'),
(953, 96, 'player: 攻擊 A 造成傷害 5'),
(954, 96, 'A: 攻擊 player 造成傷害 1'),
(955, 96, 'player: 攻擊 A 造成傷害 5'),
(956, 96, 'A: 攻擊 player 造成傷害 1'),
(957, 96, 'player: 攻擊 A 造成傷害 5'),
(958, 96, 'A: 攻擊 player 造成傷害 1'),
(959, 96, 'player: 攻擊 A 造成傷害 5'),
(960, 96, 'A: 攻擊 player 造成傷害 1'),
(961, 96, 'player: 攻擊 A 造成傷害 5'),
(962, 96, 'A已擊敗，玩家贏得勝利'),
(963, 97, 'player: 攻擊 A 造成傷害 5'),
(964, 97, 'A: 攻擊 player 造成傷害 1'),
(965, 97, 'player: 攻擊 A 造成傷害 5'),
(966, 97, 'A: 攻擊 player 造成傷害 1'),
(967, 97, 'player: 攻擊 A 造成傷害 5'),
(968, 97, 'A: 攻擊 player 造成傷害 1'),
(969, 97, 'player: 攻擊 A 造成傷害 5'),
(970, 97, 'A: 攻擊 player 造成傷害 1'),
(971, 97, 'player: 攻擊 A 造成傷害 5'),
(972, 97, 'A: 攻擊 player 造成傷害 1'),
(973, 97, 'player: 攻擊 A 造成傷害 5'),
(974, 97, 'A: 攻擊 player 造成傷害 1'),
(975, 97, 'player: 攻擊 A 造成傷害 5'),
(976, 97, 'A: 攻擊 player 造成傷害 1'),
(977, 97, 'player: 攻擊 A 造成傷害 5'),
(978, 97, 'A: 攻擊 player 造成傷害 1'),
(979, 97, 'player: 攻擊 A 造成傷害 5'),
(980, 97, 'A: 攻擊 player 造成傷害 1'),
(981, 97, 'player: 攻擊 A 造成傷害 5'),
(982, 97, 'A已擊敗，玩家贏得勝利'),
(983, 97, 'player: 攻擊 F 造成傷害 60'),
(984, 97, 'F已擊敗，玩家贏得勝利'),
(985, 97, 'player: 攻擊 A 造成傷害 60'),
(986, 97, 'A已擊敗，玩家贏得勝利'),
(987, 98, 'player: 攻擊 A 造成傷害 60'),
(988, 98, 'A已擊敗，玩家贏得勝利'),
(989, 98, 'player: 攻擊 E 造成傷害 60'),
(990, 98, 'E已擊敗，玩家贏得勝利'),
(991, 98, 'player: 攻擊 I 造成傷害 5'),
(992, 98, 'I: 攻擊 player 造成傷害 2'),
(993, 98, 'player: 攻擊 I 造成傷害 5'),
(994, 98, 'I: 攻擊 player 造成傷害 2'),
(995, 98, 'player: 攻擊 I 造成傷害 5'),
(996, 98, 'I: 攻擊 player 造成傷害 2'),
(997, 98, 'player: 攻擊 I 造成傷害 5'),
(998, 98, 'player: 攻擊 I 造成傷害 5'),
(999, 98, 'I: 攻擊 player 造成傷害 2'),
(1000, 98, 'I: 攻擊 player 造成傷害 2'),
(1001, 98, 'player: 攻擊 I 造成傷害 5'),
(1002, 98, 'I: 攻擊 player 造成傷害 2'),
(1003, 98, 'player: 攻擊 I 造成傷害 5'),
(1004, 98, 'I: 攻擊 player 造成傷害 2'),
(1005, 98, 'player: 攻擊 I 造成傷害 5'),
(1006, 98, 'I: 攻擊 player 造成傷害 2'),
(1007, 98, 'player: 攻擊 I 造成傷害 5'),
(1008, 98, 'I: 攻擊 player 造成傷害 2'),
(1009, 98, 'player: 攻擊 I 造成傷害 5'),
(1010, 98, 'I: 攻擊 player 造成傷害 2'),
(1011, 98, 'player: 攻擊 I 造成傷害 5'),
(1012, 98, 'I: 攻擊 player 造成傷害 2'),
(1013, 98, 'player: 攻擊 I 造成傷害 5'),
(1014, 98, 'I已擊敗，玩家贏得勝利'),
(1015, 99, 'player: 攻擊 I 造成傷害 5'),
(1016, 99, 'I: 攻擊 player 造成傷害 2'),
(1017, 99, 'player: 攻擊 I 造成傷害 5'),
(1018, 99, 'I: 攻擊 player 造成傷害 2'),
(1019, 99, 'player: 攻擊 I 造成傷害 5'),
(1020, 99, 'I: 攻擊 player 造成傷害 2'),
(1021, 99, 'player: 攻擊 I 造成傷害 5'),
(1022, 99, 'I: 攻擊 player 造成傷害 2'),
(1023, 99, 'player: 攻擊 I 造成傷害 5'),
(1024, 99, 'I: 攻擊 player 造成傷害 2'),
(1025, 99, 'player: 攻擊 I 造成傷害 5'),
(1026, 99, 'I: 攻擊 player 造成傷害 2'),
(1027, 84, 'player: 攻擊 I 造成傷害 5'),
(1028, 84, 'I: 攻擊 player 造成傷害 2'),
(1029, 84, 'player: 攻擊 I 造成傷害 5'),
(1030, 84, 'I: 攻擊 player 造成傷害 2'),
(1031, 84, 'player: 攻擊 I 造成傷害 5'),
(1032, 84, 'I: 攻擊 player 造成傷害 2'),
(1033, 84, 'player: 攻擊 I 造成傷害 5'),
(1034, 84, 'I: 攻擊 player 造成傷害 2'),
(1035, 84, 'player: 攻擊 I 造成傷害 5'),
(1036, 84, 'I: 攻擊 player 造成傷害 2'),
(1037, 84, 'player: 攻擊 I 造成傷害 5'),
(1038, 84, 'I: 攻擊 player 造成傷害 2'),
(1039, 84, 'player: 攻擊 I 造成傷害 5'),
(1040, 84, 'I: 攻擊 player 造成傷害 2'),
(1041, 84, 'player: 攻擊 I 造成傷害 5'),
(1042, 84, 'I: 攻擊 player 造成傷害 2'),
(1043, 84, 'player: 攻擊 I 造成傷害 5'),
(1044, 84, 'I: 攻擊 player 造成傷害 2'),
(1045, 84, 'player: 攻擊 I 造成傷害 5'),
(1046, 84, 'I: 攻擊 player 造成傷害 2'),
(1047, 84, 'player: 攻擊 I 造成傷害 5'),
(1048, 84, 'I已擊敗，玩家贏得勝利'),
(1049, 100, 'player: 攻擊 D 造成傷害 5'),
(1050, 100, 'D: 攻擊 player 造成傷害 2'),
(1051, 100, 'player: 攻擊 D 造成傷害 5'),
(1052, 100, 'D: 攻擊 player 造成傷害 2'),
(1053, 100, 'player: 攻擊 D 造成傷害 5'),
(1054, 100, 'D: 攻擊 player 造成傷害 2'),
(1055, 100, 'player: 攻擊 D 造成傷害 5'),
(1056, 100, 'D: 攻擊 player 造成傷害 2'),
(1057, 100, 'player: 攻擊 D 造成傷害 5'),
(1058, 100, 'D: 攻擊 player 造成傷害 2'),
(1059, 100, 'player: 攻擊 D 造成傷害 5'),
(1060, 100, 'D已擊敗，玩家贏得勝利'),
(1061, 100, 'player: 攻擊 D 造成傷害 5'),
(1062, 100, 'D: 攻擊 player 造成傷害 2'),
(1063, 100, 'player: 攻擊 D 造成傷害 5'),
(1064, 100, 'D: 攻擊 player 造成傷害 2'),
(1065, 100, 'player: 攻擊 D 造成傷害 5'),
(1066, 100, 'player: 攻擊 D 造成傷害 5'),
(1067, 100, 'D: 攻擊 player 造成傷害 2'),
(1068, 100, 'player: 攻擊 D 造成傷害 5'),
(1069, 100, 'D: 攻擊 player 造成傷害 2'),
(1070, 100, 'player: 攻擊 D 造成傷害 5'),
(1071, 100, 'D: 攻擊 player 造成傷害 2'),
(1072, 100, 'player: 攻擊 D 造成傷害 5'),
(1073, 100, 'D已擊敗，玩家贏得勝利'),
(1074, 100, 'player: 攻擊 D 造成傷害 5'),
(1075, 100, 'player: 攻擊 D 造成傷害 5'),
(1076, 100, 'D: 攻擊 player 造成傷害 2'),
(1077, 100, 'D: 攻擊 player 造成傷害 2'),
(1078, 100, 'player: 攻擊 D 造成傷害 5'),
(1079, 100, 'D: 攻擊 player 造成傷害 2'),
(1080, 100, 'player: 攻擊 D 造成傷害 5'),
(1081, 100, 'D: 攻擊 player 造成傷害 2'),
(1082, 100, 'player: 攻擊 D 造成傷害 5'),
(1083, 100, 'D: 攻擊 player 造成傷害 2'),
(1084, 100, 'player: 攻擊 D 造成傷害 5'),
(1085, 100, 'D: 攻擊 player 造成傷害 2'),
(1086, 100, 'player: 攻擊 D 造成傷害 5'),
(1087, 100, 'D已擊敗，玩家贏得勝利'),
(1088, 100, 'player: 攻擊 D 造成傷害 5'),
(1089, 100, 'D: 攻擊 player 造成傷害 2'),
(1090, 100, 'player: 攻擊 D 造成傷害 5'),
(1091, 100, 'D: 攻擊 player 造成傷害 2'),
(1092, 100, 'player: 攻擊 D 造成傷害 5'),
(1093, 100, 'D: 攻擊 player 造成傷害 2'),
(1094, 100, 'player: 攻擊 D 造成傷害 5'),
(1095, 100, 'D: 攻擊 player 造成傷害 2'),
(1096, 100, 'player: 攻擊 D 造成傷害 5'),
(1097, 100, 'D: 攻擊 player 造成傷害 2'),
(1098, 100, 'player: 攻擊 D 造成傷害 5'),
(1099, 100, 'D已擊敗，玩家贏得勝利'),
(1100, 100, 'player: 攻擊 H 造成傷害 5'),
(1101, 100, 'H: 攻擊 player 造成傷害 3'),
(1102, 100, 'player: 攻擊 H 造成傷害 5'),
(1103, 100, 'H: 攻擊 player 造成傷害 3'),
(1104, 100, 'player: 攻擊 H 造成傷害 5'),
(1105, 100, 'H: 攻擊 player 造成傷害 3'),
(1106, 100, 'player: 攻擊 H 造成傷害 5'),
(1107, 100, 'H: 攻擊 player 造成傷害 3'),
(1108, 100, 'player: 攻擊 H 造成傷害 5'),
(1109, 100, 'H: 攻擊 player 造成傷害 3'),
(1110, 100, 'player: 攻擊 H 造成傷害 5'),
(1111, 100, 'H: 攻擊 player 造成傷害 3'),
(1112, 100, 'player: 攻擊 H 造成傷害 5'),
(1113, 100, 'H: 攻擊 player 造成傷害 3'),
(1114, 100, 'player: 攻擊 H 造成傷害 5'),
(1115, 100, 'H: 攻擊 player 造成傷害 3'),
(1116, 100, 'player: 攻擊 H 造成傷害 5'),
(1117, 100, 'H: 攻擊 player 造成傷害 3'),
(1118, 100, 'player: 攻擊 H 造成傷害 5'),
(1119, 100, 'H已擊敗，玩家贏得勝利'),
(1120, 100, 'player: 攻擊 H 造成傷害 5'),
(1121, 100, 'H: 攻擊 player 造成傷害 3'),
(1122, 100, 'player: 攻擊 H 造成傷害 5'),
(1123, 100, 'player: 攻擊 H 造成傷害 5'),
(1124, 100, 'H: 攻擊 player 造成傷害 3'),
(1125, 100, 'player: 攻擊 H 造成傷害 5'),
(1126, 100, 'H: 攻擊 player 造成傷害 3'),
(1127, 100, 'player: 攻擊 H 造成傷害 5'),
(1128, 100, 'H: 攻擊 player 造成傷害 3'),
(1129, 100, 'player: 攻擊 H 造成傷害 5'),
(1130, 100, 'H: 攻擊 player 造成傷害 3'),
(1131, 100, 'player: 攻擊 H 造成傷害 5'),
(1132, 100, 'H: 攻擊 player 造成傷害 3'),
(1133, 100, 'player: 攻擊 H 造成傷害 5'),
(1134, 100, 'H: 攻擊 player 造成傷害 3'),
(1135, 100, 'player: 攻擊 H 造成傷害 5'),
(1136, 100, 'H: 攻擊 player 造成傷害 3'),
(1137, 100, 'player: 攻擊 H 造成傷害 5'),
(1138, 100, 'H: 攻擊 player 造成傷害 3'),
(1139, 100, 'player: 攻擊 H 造成傷害 5'),
(1140, 100, 'H已擊敗，玩家贏得勝利'),
(1141, 100, 'player: 攻擊 E 造成傷害 5'),
(1142, 100, 'E: 攻擊 player 造成傷害 4'),
(1143, 100, 'player: 攻擊 E 造成傷害 5'),
(1144, 100, 'E: 攻擊 player 造成傷害 4'),
(1145, 100, 'player: 攻擊 E 造成傷害 5'),
(1146, 100, 'E: 攻擊 player 造成傷害 4'),
(1147, 100, 'player: 攻擊 E 造成傷害 5'),
(1148, 100, 'E: 攻擊 player 造成傷害 4'),
(1149, 100, 'player: 攻擊 E 造成傷害 5'),
(1150, 100, 'E: 攻擊 player 造成傷害 4'),
(1151, 100, 'player: 攻擊 E 造成傷害 5'),
(1152, 100, 'E: 攻擊 player 造成傷害 4'),
(1153, 100, 'player: 攻擊 E 造成傷害 5'),
(1154, 100, 'E已擊敗，玩家贏得勝利'),
(1155, 100, 'player: 攻擊 E 造成傷害 5'),
(1156, 100, 'E已擊敗，玩家贏得勝利'),
(1157, 100, 'player: 攻擊 E 造成傷害 5'),
(1158, 100, 'E: 攻擊 player 造成傷害 4'),
(1159, 100, 'player: 攻擊 E 造成傷害 5'),
(1160, 100, 'E: 攻擊 player 造成傷害 4'),
(1161, 100, 'player: 攻擊 E 造成傷害 5'),
(1162, 100, 'E: 攻擊 player 造成傷害 4'),
(1163, 100, 'player: 攻擊 E 造成傷害 5'),
(1164, 100, 'E: 攻擊 player 造成傷害 4'),
(1165, 100, 'player: 攻擊 E 造成傷害 5'),
(1166, 100, 'E: 攻擊 player 造成傷害 4'),
(1167, 100, 'player: 攻擊 E 造成傷害 5'),
(1168, 100, 'E: 攻擊 player 造成傷害 4'),
(1169, 100, 'player: 攻擊 E 造成傷害 5'),
(1170, 100, 'E已擊敗，玩家贏得勝利'),
(1171, 100, 'player: 攻擊 D 造成傷害 5'),
(1172, 100, 'D: 攻擊 player 造成傷害 2'),
(1173, 100, 'player: 攻擊 D 造成傷害 5'),
(1174, 100, 'player: 攻擊 D 造成傷害 5'),
(1175, 100, 'D: 攻擊 player 造成傷害 2'),
(1176, 100, 'player: 攻擊 D 造成傷害 5'),
(1177, 100, 'D: 攻擊 player 造成傷害 2'),
(1178, 100, 'player: 攻擊 D 造成傷害 5'),
(1179, 100, 'D: 攻擊 player 造成傷害 2'),
(1180, 100, 'player: 攻擊 D 造成傷害 5'),
(1181, 100, 'D: 攻擊 player 造成傷害 2'),
(1182, 100, 'player: 攻擊 D 造成傷害 5'),
(1183, 100, 'D已擊敗，玩家贏得勝利'),
(1184, 100, 'player: 攻擊 E 造成傷害 5'),
(1185, 100, 'player: 攻擊 E 造成傷害 5'),
(1186, 100, 'E: 攻擊 player 造成傷害 4'),
(1187, 100, 'E: 攻擊 player 造成傷害 4'),
(1188, 100, 'player: 攻擊 E 造成傷害 5'),
(1189, 100, 'E: 攻擊 player 造成傷害 4'),
(1190, 100, 'player: 攻擊 E 造成傷害 5'),
(1191, 100, 'E: 攻擊 player 造成傷害 4'),
(1192, 100, 'player: 攻擊 E 造成傷害 5'),
(1193, 100, 'E: 攻擊 player 造成傷害 4'),
(1194, 100, 'player: 攻擊 E 造成傷害 5'),
(1195, 100, 'E: 攻擊 player 造成傷害 4'),
(1196, 100, 'player: 攻擊 E 造成傷害 5'),
(1197, 100, 'E: 攻擊 player 造成傷害 4'),
(1198, 100, 'player: 攻擊 E 造成傷害 5'),
(1199, 100, 'E已擊敗，玩家贏得勝利'),
(1200, 100, 'player: 攻擊 H 造成傷害 5'),
(1201, 100, 'H: 攻擊 player 造成傷害 3'),
(1202, 100, 'player: 攻擊 H 造成傷害 5'),
(1203, 100, 'H: 攻擊 player 造成傷害 3'),
(1204, 100, 'player: 攻擊 H 造成傷害 5'),
(1205, 100, 'H: 攻擊 player 造成傷害 3'),
(1206, 100, 'player: 攻擊 H 造成傷害 5'),
(1207, 100, 'H: 攻擊 player 造成傷害 3'),
(1208, 100, 'player: 攻擊 H 造成傷害 5'),
(1209, 100, 'H: 攻擊 player 造成傷害 3'),
(1210, 100, 'player: 攻擊 H 造成傷害 5'),
(1211, 100, 'H: 攻擊 player 造成傷害 3'),
(1212, 100, 'player: 攻擊 H 造成傷害 5'),
(1213, 100, 'H: 攻擊 player 造成傷害 3'),
(1214, 100, 'player: 攻擊 H 造成傷害 5'),
(1215, 100, 'H: 攻擊 player 造成傷害 3'),
(1216, 100, 'player: 攻擊 H 造成傷害 5'),
(1217, 100, 'H: 攻擊 player 造成傷害 3'),
(1218, 100, 'player: 攻擊 H 造成傷害 5'),
(1219, 100, 'H已擊敗，玩家贏得勝利'),
(1220, 100, 'player: 攻擊 H 造成傷害 5'),
(1221, 100, 'H: 攻擊 player 造成傷害 3'),
(1222, 100, 'player: 攻擊 H 造成傷害 5'),
(1223, 100, 'H: 攻擊 player 造成傷害 3'),
(1224, 100, 'player: 攻擊 H 造成傷害 5'),
(1225, 100, 'H: 攻擊 player 造成傷害 3'),
(1226, 100, 'player: 攻擊 H 造成傷害 5'),
(1227, 100, 'H: 攻擊 player 造成傷害 3'),
(1228, 100, 'player: 攻擊 H 造成傷害 5'),
(1229, 100, 'H: 攻擊 player 造成傷害 3'),
(1230, 100, 'player: 攻擊 H 造成傷害 5'),
(1231, 100, 'H: 攻擊 player 造成傷害 3'),
(1232, 100, 'player: 攻擊 H 造成傷害 5'),
(1233, 100, 'player: 攻擊 H 造成傷害 5'),
(1234, 100, 'H: 攻擊 player 造成傷害 3'),
(1235, 100, 'player: 攻擊 H 造成傷害 5'),
(1236, 100, 'H: 攻擊 player 造成傷害 3'),
(1237, 100, 'player: 攻擊 H 造成傷害 5'),
(1238, 100, 'H: 攻擊 player 造成傷害 3'),
(1239, 100, 'player: 攻擊 H 造成傷害 5'),
(1240, 100, 'H已擊敗，玩家贏得勝利'),
(1241, 101, 'player: 攻擊 A 造成傷害 5'),
(1242, 101, 'A: 攻擊 player 造成傷害 1'),
(1243, 101, 'player: 攻擊 A 造成傷害 5'),
(1244, 101, 'A已擊敗，玩家贏得勝利'),
(1245, 101, 'player: 攻擊 I 造成傷害 5'),
(1246, 101, 'I: 攻擊 player 造成傷害 2'),
(1247, 101, 'player: 攻擊 I 造成傷害 5'),
(1248, 101, 'I: 攻擊 player 造成傷害 2'),
(1249, 101, 'player: 攻擊 I 造成傷害 5'),
(1250, 101, 'I: 攻擊 player 造成傷害 2'),
(1251, 101, 'player: 攻擊 I 造成傷害 5'),
(1252, 101, 'I: 攻擊 player 造成傷害 2'),
(1253, 101, 'player: 攻擊 I 造成傷害 5'),
(1254, 101, 'I: 攻擊 player 造成傷害 2'),
(1255, 101, 'player: 攻擊 I 造成傷害 5'),
(1256, 101, 'I: 攻擊 player 造成傷害 2'),
(1257, 101, 'player: 攻擊 I 造成傷害 5'),
(1258, 101, 'I: 攻擊 player 造成傷害 2'),
(1259, 101, 'player: 攻擊 I 造成傷害 5'),
(1260, 101, 'I: 攻擊 player 造成傷害 2'),
(1261, 101, 'player: 攻擊 I 造成傷害 5'),
(1262, 101, 'I: 攻擊 player 造成傷害 2'),
(1263, 101, 'player: 攻擊 I 造成傷害 5'),
(1264, 101, 'I: 攻擊 player 造成傷害 2'),
(1265, 101, 'player: 攻擊 I 造成傷害 5'),
(1266, 101, 'I已擊敗，玩家贏得勝利'),
(1267, 101, 'player: 攻擊 A 造成傷害 5'),
(1268, 101, 'A: 攻擊 player 造成傷害 1'),
(1269, 101, 'player: 攻擊 A 造成傷害 5'),
(1270, 101, 'A已擊敗，玩家贏得勝利'),
(1271, 101, 'player: 攻擊 I 造成傷害 5'),
(1272, 101, 'I: 攻擊 player 造成傷害 2'),
(1273, 101, 'player: 攻擊 I 造成傷害 5'),
(1274, 101, 'I: 攻擊 player 造成傷害 2'),
(1275, 101, 'player: 攻擊 I 造成傷害 5'),
(1276, 101, 'I: 攻擊 player 造成傷害 2'),
(1277, 101, 'player: 攻擊 I 造成傷害 5'),
(1278, 101, 'I: 攻擊 player 造成傷害 2'),
(1279, 101, 'player: 攻擊 I 造成傷害 5'),
(1280, 101, 'I: 攻擊 player 造成傷害 2'),
(1281, 101, 'player: 攻擊 I 造成傷害 5'),
(1282, 101, 'I: 攻擊 player 造成傷害 2'),
(1283, 101, 'player: 攻擊 I 造成傷害 5'),
(1284, 101, 'player: 攻擊 I 造成傷害 5'),
(1285, 101, 'I: 攻擊 player 造成傷害 2'),
(1286, 101, 'player: 攻擊 I 造成傷害 5'),
(1287, 101, 'I: 攻擊 player 造成傷害 2'),
(1288, 101, 'player: 攻擊 I 造成傷害 5'),
(1289, 101, 'I: 攻擊 player 造成傷害 2'),
(1290, 101, 'player: 攻擊 I 造成傷害 5'),
(1291, 101, 'I: 攻擊 player 造成傷害 2'),
(1292, 101, 'player: 攻擊 I 造成傷害 5'),
(1293, 101, 'I已擊敗，玩家贏得勝利'),
(1294, 101, 'player: 攻擊 A 造成傷害 5'),
(1295, 101, 'A: 攻擊 player 造成傷害 1'),
(1296, 101, 'player: 攻擊 A 造成傷害 5'),
(1297, 101, 'A已擊敗，玩家贏得勝利'),
(1298, 101, 'player: 攻擊 H 造成傷害 5'),
(1299, 101, 'H: 攻擊 player 造成傷害 3'),
(1300, 101, 'player: 攻擊 H 造成傷害 5'),
(1301, 101, 'H: 攻擊 player 造成傷害 3'),
(1302, 101, 'player: 攻擊 H 造成傷害 5'),
(1303, 101, 'H: 攻擊 player 造成傷害 3'),
(1304, 101, 'player: 攻擊 H 造成傷害 5'),
(1305, 101, 'H: 攻擊 player 造成傷害 3'),
(1306, 101, 'player: 攻擊 H 造成傷害 5'),
(1307, 101, 'H: 攻擊 player 造成傷害 3'),
(1308, 101, 'player: 攻擊 H 造成傷害 5'),
(1309, 101, 'H: 攻擊 player 造成傷害 3'),
(1310, 101, 'player: 攻擊 H 造成傷害 5'),
(1311, 101, 'H: 攻擊 player 造成傷害 3'),
(1312, 101, 'player: 攻擊 H 造成傷害 5'),
(1313, 101, 'H: 攻擊 player 造成傷害 3'),
(1314, 101, 'player: 攻擊 H 造成傷害 5'),
(1315, 101, 'H: 攻擊 player 造成傷害 3'),
(1316, 101, 'player: 攻擊 H 造成傷害 5'),
(1317, 101, 'H已擊敗，玩家贏得勝利'),
(1318, 101, 'player: 攻擊 J 造成傷害 5'),
(1319, 101, 'J: 攻擊 player 造成傷害 14'),
(1320, 101, 'player: 攻擊 J 造成傷害 5'),
(1321, 101, 'J: 攻擊 player 造成傷害 14'),
(1322, 101, 'player: 攻擊 J 造成傷害 5'),
(1323, 101, 'J: 攻擊 player 造成傷害 14</br>你已死亡，遊戲結束'),
(1324, 102, 'player: 攻擊 E 造成傷害 5'),
(1325, 102, 'E: 攻擊 player 造成傷害 4'),
(1326, 102, 'player: 攻擊 E 造成傷害 5'),
(1327, 102, 'E: 攻擊 player 造成傷害 4'),
(1328, 102, 'player: 攻擊 E 造成傷害 5'),
(1329, 102, 'E: 攻擊 player 造成傷害 4'),
(1330, 102, 'player: 攻擊 E 造成傷害 5'),
(1331, 102, 'E: 攻擊 player 造成傷害 4'),
(1332, 102, 'player: 攻擊 E 造成傷害 5'),
(1333, 102, 'E: 攻擊 player 造成傷害 4'),
(1334, 102, 'player: 攻擊 E 造成傷害 5'),
(1335, 102, 'E: 攻擊 player 造成傷害 4'),
(1336, 102, 'player: 攻擊 E 造成傷害 5'),
(1337, 102, 'E已擊敗，玩家贏得勝利'),
(1338, 102, 'player: 攻擊 A 造成傷害 5'),
(1339, 102, 'A: 攻擊 player 造成傷害 1'),
(1340, 102, 'player: 攻擊 A 造成傷害 5'),
(1341, 102, 'A已擊敗，玩家贏得勝利'),
(1342, 102, 'player: 攻擊 H 造成傷害 5'),
(1343, 102, 'H: 攻擊 player 造成傷害 3'),
(1344, 102, 'player: 攻擊 H 造成傷害 5'),
(1345, 102, 'H: 攻擊 player 造成傷害 3'),
(1346, 102, 'player: 攻擊 H 造成傷害 5'),
(1347, 102, 'H: 攻擊 player 造成傷害 3'),
(1348, 102, 'player: 攻擊 H 造成傷害 5'),
(1349, 102, 'H: 攻擊 player 造成傷害 3'),
(1350, 102, 'player: 攻擊 H 造成傷害 5'),
(1351, 102, 'H: 攻擊 player 造成傷害 3'),
(1352, 99, 'player: 攻擊 I 造成傷害 5'),
(1353, 99, 'I已擊敗，玩家贏得勝利'),
(1354, 102, 'player: 攻擊 H 造成傷害 5'),
(1355, 102, 'H: 攻擊 player 造成傷害 3'),
(1356, 102, 'player: 攻擊 H 造成傷害 5'),
(1357, 102, 'H: 攻擊 player 造成傷害 3'),
(1358, 102, 'player: 攻擊 H 造成傷害 5'),
(1359, 102, 'H: 攻擊 player 造成傷害 3'),
(1360, 102, 'player: 攻擊 H 造成傷害 5'),
(1361, 102, 'H: 攻擊 player 造成傷害 3'),
(1362, 102, 'player: 攻擊 H 造成傷害 5'),
(1363, 102, 'H已擊敗，玩家贏得勝利'),
(1364, 102, 'player: 攻擊 H 造成傷害 5'),
(1365, 102, 'H: 攻擊 player 造成傷害 3'),
(1366, 102, 'player: 攻擊 H 造成傷害 5'),
(1367, 102, 'H: 攻擊 player 造成傷害 3'),
(1368, 102, 'player: 攻擊 H 造成傷害 5'),
(1369, 102, 'H: 攻擊 player 造成傷害 3'),
(1370, 102, 'player: 攻擊 H 造成傷害 5'),
(1371, 102, 'H: 攻擊 player 造成傷害 3'),
(1372, 102, 'player: 攻擊 H 造成傷害 5'),
(1373, 102, 'H: 攻擊 player 造成傷害 3'),
(1374, 102, 'player: 攻擊 H 造成傷害 5'),
(1375, 102, 'H: 攻擊 player 造成傷害 3'),
(1376, 102, 'player: 攻擊 H 造成傷害 5'),
(1377, 102, 'player: 攻擊 H 造成傷害 5'),
(1378, 102, 'H: 攻擊 player 造成傷害 3'),
(1379, 102, 'player: 攻擊 H 造成傷害 5'),
(1380, 102, 'H: 攻擊 player 造成傷害 3'),
(1381, 102, 'player: 攻擊 H 造成傷害 5'),
(1382, 102, 'H: 攻擊 player 造成傷害 3'),
(1383, 102, 'player: 攻擊 H 造成傷害 5'),
(1384, 102, 'H已擊敗，玩家贏得勝利'),
(1385, 103, 'player: 攻擊 C 造成傷害 5'),
(1386, 103, 'C: 攻擊 player 造成傷害 3'),
(1387, 103, 'player: 攻擊 C 造成傷害 5'),
(1388, 103, 'C: 攻擊 player 造成傷害 3'),
(1389, 103, 'player: 攻擊 C 造成傷害 5'),
(1390, 103, 'C: 攻擊 player 造成傷害 3'),
(1391, 103, 'player: 攻擊 C 造成傷害 5'),
(1392, 103, 'C: 攻擊 player 造成傷害 3'),
(1393, 103, 'player: 攻擊 C 造成傷害 5'),
(1394, 103, 'C已擊敗，玩家贏得勝利'),
(1395, 103, 'player: 攻擊 G 造成傷害 5'),
(1396, 103, 'G: 攻擊 player 造成傷害 6'),
(1397, 103, 'player: 攻擊 G 造成傷害 5'),
(1398, 103, 'G: 攻擊 player 造成傷害 6'),
(1399, 103, 'player: 攻擊 G 造成傷害 5'),
(1400, 103, 'G: 攻擊 player 造成傷害 6'),
(1401, 103, 'player: 攻擊 G 造成傷害 5'),
(1402, 103, 'G: 攻擊 player 造成傷害 6'),
(1403, 103, 'player: 攻擊 G 造成傷害 5'),
(1404, 103, 'G: 攻擊 player 造成傷害 6</br>你已死亡，遊戲結束'),
(1405, 104, 'player: 攻擊 E 造成傷害 5'),
(1406, 104, 'E: 攻擊 player 造成傷害 4'),
(1407, 104, 'player: 攻擊 E 造成傷害 5'),
(1408, 104, 'E: 攻擊 player 造成傷害 4'),
(1409, 104, 'player: 攻擊 E 造成傷害 5'),
(1410, 104, 'E: 攻擊 player 造成傷害 4'),
(1411, 104, 'player: 攻擊 E 造成傷害 5'),
(1412, 104, 'E: 攻擊 player 造成傷害 4'),
(1413, 104, 'player: 攻擊 E 造成傷害 5'),
(1414, 104, 'E: 攻擊 player 造成傷害 4'),
(1415, 104, 'player: 攻擊 E 造成傷害 5'),
(1416, 104, 'E: 攻擊 player 造成傷害 4'),
(1417, 104, 'player: 攻擊 E 造成傷害 5'),
(1418, 104, 'E已擊敗，玩家贏得勝利'),
(1419, 104, 'player: 攻擊 H 造成傷害 5'),
(1420, 104, 'H: 攻擊 player 造成傷害 3'),
(1421, 104, 'player: 攻擊 H 造成傷害 5'),
(1422, 104, 'H: 攻擊 player 造成傷害 3'),
(1423, 104, 'player: 攻擊 H 造成傷害 5'),
(1424, 104, 'H: 攻擊 player 造成傷害 3'),
(1425, 104, 'player: 攻擊 H 造成傷害 5'),
(1426, 104, 'H: 攻擊 player 造成傷害 3'),
(1427, 104, 'player: 攻擊 H 造成傷害 5'),
(1428, 104, 'H: 攻擊 player 造成傷害 3'),
(1429, 104, 'player: 攻擊 H 造成傷害 5'),
(1430, 104, 'H: 攻擊 player 造成傷害 3'),
(1431, 104, 'player: 攻擊 H 造成傷害 5'),
(1432, 104, 'H: 攻擊 player 造成傷害 3'),
(1433, 104, 'player: 攻擊 H 造成傷害 5'),
(1434, 104, 'H: 攻擊 player 造成傷害 3'),
(1435, 104, 'player: 攻擊 H 造成傷害 5'),
(1436, 104, 'H: 攻擊 player 造成傷害 3'),
(1437, 104, 'player: 攻擊 H 造成傷害 5'),
(1438, 104, 'H已擊敗，玩家贏得勝利'),
(1439, 104, 'player: 攻擊 B 造成傷害 5'),
(1440, 104, 'B: 攻擊 player 造成傷害 1'),
(1441, 104, 'player: 攻擊 B 造成傷害 5'),
(1442, 104, 'B: 攻擊 player 造成傷害 1'),
(1443, 104, 'player: 攻擊 B 造成傷害 5'),
(1444, 104, 'B: 攻擊 player 造成傷害 1'),
(1445, 104, 'player: 攻擊 B 造成傷害 5'),
(1446, 104, 'B已擊敗，玩家贏得勝利'),
(1447, 105, 'player: 攻擊 A 造成傷害 5'),
(1448, 105, 'A: 攻擊 player 造成傷害 1'),
(1449, 105, 'player: 攻擊 A 造成傷害 5'),
(1450, 105, 'A已擊敗，玩家贏得勝利'),
(1451, 105, 'player: 攻擊 B 造成傷害 5'),
(1452, 105, 'B: 攻擊 player 造成傷害 1'),
(1453, 105, 'player: 攻擊 B 造成傷害 5'),
(1454, 105, 'B: 攻擊 player 造成傷害 1'),
(1455, 105, 'player: 攻擊 B 造成傷害 5'),
(1456, 105, 'B: 攻擊 player 造成傷害 1'),
(1457, 105, 'player: 攻擊 B 造成傷害 5'),
(1458, 105, 'B已擊敗，玩家贏得勝利'),
(1459, 105, 'player: 攻擊 G 造成傷害 5'),
(1460, 105, 'G: 攻擊 player 造成傷害 6'),
(1461, 105, 'player: 攻擊 G 造成傷害 5'),
(1462, 105, 'G: 攻擊 player 造成傷害 6'),
(1463, 105, 'player: 攻擊 G 造成傷害 5'),
(1464, 105, 'G: 攻擊 player 造成傷害 6'),
(1465, 105, 'player: 攻擊 G 造成傷害 5'),
(1466, 105, 'G: 攻擊 player 造成傷害 6'),
(1467, 105, 'player: 攻擊 G 造成傷害 5'),
(1468, 105, 'player: 攻擊 G 造成傷害 5'),
(1469, 105, 'G: 攻擊 player 造成傷害 6</br>你已死亡，遊戲結束'),
(1470, 106, 'player: 攻擊 B 造成傷害 5'),
(1471, 106, 'B: 攻擊 player 造成傷害 1'),
(1472, 106, 'player: 攻擊 B 造成傷害 5'),
(1473, 106, 'B: 攻擊 player 造成傷害 1'),
(1474, 106, 'player: 攻擊 B 造成傷害 5'),
(1475, 106, 'B: 攻擊 player 造成傷害 1'),
(1476, 106, 'player: 攻擊 B 造成傷害 5'),
(1477, 106, 'B已擊敗，玩家贏得勝利'),
(1478, 106, 'player: 攻擊 B 造成傷害 5'),
(1479, 106, 'B已擊敗，玩家贏得勝利'),
(1480, 106, 'player: 攻擊 H 造成傷害 5'),
(1481, 106, 'H: 攻擊 player 造成傷害 3'),
(1482, 106, 'player: 攻擊 H 造成傷害 5'),
(1483, 106, 'player: 攻擊 H 造成傷害 5'),
(1484, 106, 'H: 攻擊 player 造成傷害 3'),
(1485, 106, 'player: 攻擊 H 造成傷害 5'),
(1486, 106, 'H: 攻擊 player 造成傷害 3'),
(1487, 106, 'player: 攻擊 H 造成傷害 5'),
(1488, 106, 'player: 攻擊 H 造成傷害 5'),
(1489, 106, 'H: 攻擊 player 造成傷害 3'),
(1490, 106, 'player: 攻擊 H 造成傷害 5'),
(1491, 106, 'H: 攻擊 player 造成傷害 3'),
(1492, 106, 'player: 攻擊 H 造成傷害 5'),
(1493, 106, 'player: 攻擊 H 造成傷害 5'),
(1494, 106, 'H: 攻擊 player 造成傷害 3'),
(1495, 106, 'player: 攻擊 H 造成傷害 5'),
(1496, 106, 'H: 攻擊 player 造成傷害 3'),
(1497, 106, 'player: 攻擊 H 造成傷害 5'),
(1498, 106, 'player: 攻擊 H 造成傷害 5'),
(1499, 106, 'H: 攻擊 player 造成傷害 3'),
(1500, 106, 'player: 攻擊 H 造成傷害 5'),
(1501, 106, 'H: 攻擊 player 造成傷害 3'),
(1502, 106, 'player: 攻擊 H 造成傷害 5'),
(1503, 106, 'H已擊敗，玩家贏得勝利'),
(1504, 106, 'player: 攻擊 B 造成傷害 5'),
(1505, 106, 'B: 攻擊 player 造成傷害 1'),
(1506, 106, 'player: 攻擊 B 造成傷害 5'),
(1507, 106, 'player: 攻擊 B 造成傷害 5'),
(1508, 106, 'B: 攻擊 player 造成傷害 1'),
(1509, 106, 'player: 攻擊 B 造成傷害 5'),
(1510, 106, 'player: 攻擊 B 造成傷害 5'),
(1511, 106, 'B: 攻擊 player 造成傷害 1'),
(1512, 106, 'player: 攻擊 B 造成傷害 5'),
(1513, 106, 'B已擊敗，玩家贏得勝利'),
(1514, 106, 'player: 攻擊 I 造成傷害 5'),
(1515, 106, 'I: 攻擊 player 造成傷害 2'),
(1516, 106, 'player: 攻擊 I 造成傷害 5'),
(1517, 106, 'I: 攻擊 player 造成傷害 2'),
(1518, 106, 'player: 攻擊 I 造成傷害 5'),
(1519, 106, 'player: 攻擊 I 造成傷害 5'),
(1520, 106, 'I: 攻擊 player 造成傷害 2'),
(1521, 106, 'player: 攻擊 I 造成傷害 5'),
(1522, 106, 'I: 攻擊 player 造成傷害 2'),
(1523, 106, 'player: 攻擊 I 造成傷害 5'),
(1524, 106, 'I: 攻擊 player 造成傷害 2'),
(1525, 106, 'player: 攻擊 I 造成傷害 5'),
(1526, 106, 'I: 攻擊 player 造成傷害 2'),
(1527, 106, 'player: 攻擊 I 造成傷害 5'),
(1528, 106, 'I: 攻擊 player 造成傷害 2'),
(1529, 106, 'player: 攻擊 I 造成傷害 5'),
(1530, 106, 'I: 攻擊 player 造成傷害 2'),
(1531, 106, 'player: 攻擊 I 造成傷害 5'),
(1532, 106, 'I: 攻擊 player 造成傷害 2'),
(1533, 106, 'player: 攻擊 I 造成傷害 5'),
(1534, 106, 'I: 攻擊 player 造成傷害 2'),
(1535, 106, 'player: 攻擊 I 造成傷害 5'),
(1536, 106, 'I已擊敗，玩家贏得勝利'),
(1537, 106, 'player: 攻擊 A 造成傷害 5'),
(1538, 106, 'A: 攻擊 player 造成傷害 1'),
(1539, 106, 'player: 攻擊 A 造成傷害 5'),
(1540, 106, 'A已擊敗，玩家贏得勝利'),
(1541, 107, 'player: 攻擊 E 造成傷害 5'),
(1542, 107, 'E: 攻擊 player 造成傷害 4'),
(1543, 107, 'player: 攻擊 E 造成傷害 5'),
(1544, 107, 'E: 攻擊 player 造成傷害 4'),
(1545, 107, 'player: 攻擊 E 造成傷害 5'),
(1546, 107, 'E: 攻擊 player 造成傷害 4'),
(1547, 107, 'player: 攻擊 E 造成傷害 5'),
(1548, 107, 'E: 攻擊 player 造成傷害 4'),
(1549, 107, 'player: 攻擊 E 造成傷害 5'),
(1550, 107, 'E: 攻擊 player 造成傷害 4'),
(1551, 107, 'player: 攻擊 E 造成傷害 5'),
(1552, 107, 'E: 攻擊 player 造成傷害 4'),
(1553, 107, 'player: 攻擊 E 造成傷害 5'),
(1554, 107, 'E已擊敗，玩家贏得勝利'),
(1555, 107, 'player: 攻擊 I 造成傷害 5'),
(1556, 107, 'I: 攻擊 player 造成傷害 2'),
(1557, 107, 'player: 攻擊 I 造成傷害 5'),
(1558, 107, 'I: 攻擊 player 造成傷害 2'),
(1559, 107, 'player: 攻擊 I 造成傷害 5'),
(1560, 107, 'I: 攻擊 player 造成傷害 2'),
(1561, 104, 'player: 攻擊 J 造成傷害 5'),
(1562, 104, 'J: 攻擊 player 造成傷害 14'),
(1563, 104, 'player: 攻擊 J 造成傷害 5'),
(1564, 104, 'J: 攻擊 player 造成傷害 14'),
(1565, 104, 'player: 攻擊 J 造成傷害 5'),
(1566, 104, 'J: 攻擊 player 造成傷害 14</br>你已死亡，遊戲結束'),
(1567, 108, 'player: 攻擊 F 造成傷害 5'),
(1568, 108, 'F: 攻擊 player 造成傷害 3'),
(1569, 108, 'player: 攻擊 F 造成傷害 5'),
(1570, 108, 'F: 攻擊 player 造成傷害 3'),
(1571, 108, 'player: 攻擊 F 造成傷害 5'),
(1572, 108, 'F: 攻擊 player 造成傷害 3'),
(1573, 108, 'player: 攻擊 F 造成傷害 5'),
(1574, 108, 'F: 攻擊 player 造成傷害 3'),
(1575, 108, 'player: 攻擊 F 造成傷害 5'),
(1576, 108, 'player: 攻擊 F 造成傷害 5');
INSERT INTO `msg_tab` (`msg_id`, `msg_sg_id`, `msg_content`) VALUES
(1577, 108, 'player: 攻擊 F 造成傷害 5'),
(1578, 108, 'F: 攻擊 player 造成傷害 3'),
(1579, 108, 'player: 攻擊 F 造成傷害 5'),
(1580, 108, 'F: 攻擊 player 造成傷害 3'),
(1581, 108, 'player: 攻擊 F 造成傷害 5'),
(1582, 108, 'F: 攻擊 player 造成傷害 3'),
(1583, 108, 'player: 攻擊 F 造成傷害 5'),
(1584, 108, 'F已擊敗，玩家贏得勝利'),
(1585, 109, 'player: 攻擊 D 造成傷害 5'),
(1586, 109, 'D: 攻擊 player 造成傷害 2'),
(1587, 109, 'player: 攻擊 D 造成傷害 5'),
(1588, 109, 'D: 攻擊 player 造成傷害 2'),
(1589, 109, 'player: 攻擊 D 造成傷害 5'),
(1590, 109, 'D: 攻擊 player 造成傷害 2'),
(1591, 109, 'player: 攻擊 D 造成傷害 5'),
(1592, 109, 'D: 攻擊 player 造成傷害 2'),
(1593, 109, 'player: 攻擊 D 造成傷害 5'),
(1594, 109, 'D: 攻擊 player 造成傷害 2'),
(1595, 109, 'player: 攻擊 D 造成傷害 5'),
(1596, 109, 'D已擊敗，玩家贏得勝利'),
(1597, 109, 'player: 攻擊 I 造成傷害 5'),
(1598, 109, 'I: 攻擊 player 造成傷害 2'),
(1599, 109, 'player: 攻擊 I 造成傷害 5'),
(1600, 109, 'I: 攻擊 player 造成傷害 2'),
(1601, 109, 'player: 攻擊 I 造成傷害 5'),
(1602, 109, 'player: 攻擊 I 造成傷害 5'),
(1603, 109, 'I: 攻擊 player 造成傷害 2'),
(1604, 99, 'player: 攻擊 I 造成傷害 5'),
(1605, 99, 'I: 攻擊 player 造成傷害 2'),
(1606, 99, 'player: 攻擊 I 造成傷害 5'),
(1607, 99, 'I: 攻擊 player 造成傷害 2'),
(1608, 99, 'player: 攻擊 I 造成傷害 5'),
(1609, 99, 'player: 攻擊 I 造成傷害 5'),
(1610, 99, 'I: 攻擊 player 造成傷害 2'),
(1611, 99, 'I: 攻擊 player 造成傷害 2'),
(1612, 99, 'player: 攻擊 I 造成傷害 5'),
(1613, 99, 'I: 攻擊 player 造成傷害 2'),
(1614, 99, 'player: 攻擊 I 造成傷害 5'),
(1615, 99, 'I: 攻擊 player 造成傷害 2'),
(1616, 99, 'player: 攻擊 I 造成傷害 5'),
(1617, 99, 'player: 攻擊 I 造成傷害 5'),
(1618, 99, 'I: 攻擊 player 造成傷害 2'),
(1619, 99, 'I: 攻擊 player 造成傷害 2'),
(1620, 99, 'player: 攻擊 I 造成傷害 5'),
(1621, 99, 'I: 攻擊 player 造成傷害 2'),
(1622, 99, 'player: 攻擊 I 造成傷害 5'),
(1623, 99, 'I: 攻擊 player 造成傷害 2'),
(1624, 99, 'player: 攻擊 I 造成傷害 5'),
(1625, 99, 'I: 攻擊 player 造成傷害 2'),
(1626, 99, 'player: 攻擊 I 造成傷害 5'),
(1627, 99, 'I: 攻擊 player 造成傷害 2'),
(1628, 99, 'player: 攻擊 I 造成傷害 5'),
(1629, 99, 'I已擊敗，玩家贏得勝利'),
(1630, 99, 'player: 攻擊 J 造成傷害 5'),
(1631, 99, 'J: 攻擊 player 造成傷害 14'),
(1632, 99, 'player: 攻擊 J 造成傷害 5'),
(1633, 99, 'J: 攻擊 player 造成傷害 14'),
(1634, 99, 'player: 攻擊 J 造成傷害 5'),
(1635, 99, 'J: 攻擊 player 造成傷害 14</br>你已死亡，遊戲結束'),
(1636, 99, 'player: 攻擊 J 造成傷害 5'),
(1637, 99, 'J: 攻擊 player 造成傷害 14</br>你已死亡，遊戲結束'),
(1638, 110, 'player: 攻擊 D 造成傷害 5'),
(1639, 110, 'D: 攻擊 player 造成傷害 2'),
(1640, 110, 'player: 攻擊 D 造成傷害 5'),
(1641, 110, 'D: 攻擊 player 造成傷害 2'),
(1642, 110, 'player: 攻擊 D 造成傷害 5'),
(1643, 110, 'D: 攻擊 player 造成傷害 2'),
(1644, 110, 'player: 攻擊 D 造成傷害 5'),
(1645, 110, 'D: 攻擊 player 造成傷害 2'),
(1646, 110, 'player: 攻擊 D 造成傷害 5'),
(1647, 110, 'D: 攻擊 player 造成傷害 2'),
(1648, 110, 'player: 攻擊 D 造成傷害 5'),
(1649, 110, 'D已擊敗，玩家贏得勝利'),
(1650, 110, 'player: 攻擊 J 造成傷害 5'),
(1651, 110, 'J: 攻擊 player 造成傷害 14'),
(1652, 110, 'player: 攻擊 J 造成傷害 5'),
(1653, 110, 'J: 攻擊 player 造成傷害 14'),
(1654, 110, 'player: 攻擊 J 造成傷害 5'),
(1655, 110, 'J: 攻擊 player 造成傷害 14'),
(1656, 110, 'player: 攻擊 J 造成傷害 5'),
(1657, 110, 'J: 攻擊 player 造成傷害 14</br>你已死亡，遊戲結束'),
(1658, 111, 'player: 攻擊 A 造成傷害 5'),
(1659, 111, 'A: 攻擊 player 造成傷害 1'),
(1660, 111, 'player: 攻擊 A 造成傷害 5'),
(1661, 111, 'A已擊敗，玩家贏得勝利'),
(1662, 111, 'player: 攻擊 A 造成傷害 5'),
(1663, 111, 'A已擊敗，玩家贏得勝利'),
(1664, 111, 'player: 攻擊 A 造成傷害 5'),
(1665, 111, 'A: 攻擊 player 造成傷害 1'),
(1666, 111, 'player: 攻擊 A 造成傷害 5'),
(1667, 111, 'A已擊敗，玩家贏得勝利'),
(1668, 111, 'player: 攻擊 J 造成傷害 5'),
(1669, 111, 'J: 攻擊 player 造成傷害 14'),
(1670, 111, 'player: 攻擊 J 造成傷害 5'),
(1671, 111, 'player: 攻擊 J 造成傷害 5'),
(1672, 111, 'player: 攻擊 J 造成傷害 5'),
(1673, 111, 'player: 攻擊 J 造成傷害 5'),
(1674, 111, 'J: 攻擊 player 造成傷害 14'),
(1675, 111, 'J: 攻擊 player 造成傷害 14'),
(1676, 111, 'J: 攻擊 player 造成傷害 14'),
(1677, 111, 'player: 攻擊 J 造成傷害 5'),
(1678, 111, 'J: 攻擊 player 造成傷害 14</br>你已死亡，遊戲結束'),
(1679, 111, 'player: 攻擊 J 造成傷害 5'),
(1680, 111, 'J: 攻擊 player 造成傷害 14</br>你已死亡，遊戲結束'),
(1681, 112, 'player: 攻擊 H 造成傷害 5'),
(1682, 112, 'H: 攻擊 player 造成傷害 3'),
(1683, 112, 'player: 攻擊 H 造成傷害 5'),
(1684, 112, 'H: 攻擊 player 造成傷害 3'),
(1685, 112, 'player: 攻擊 H 造成傷害 5'),
(1686, 112, 'H: 攻擊 player 造成傷害 3'),
(1687, 112, 'player: 攻擊 H 造成傷害 5'),
(1688, 112, 'H: 攻擊 player 造成傷害 3'),
(1689, 112, 'player: 攻擊 H 造成傷害 5'),
(1690, 112, 'H: 攻擊 player 造成傷害 3'),
(1691, 112, 'player: 攻擊 H 造成傷害 5'),
(1692, 112, 'H: 攻擊 player 造成傷害 3'),
(1693, 112, 'player: 攻擊 H 造成傷害 5'),
(1694, 112, 'H: 攻擊 player 造成傷害 3'),
(1695, 112, 'player: 攻擊 H 造成傷害 5'),
(1696, 112, 'H: 攻擊 player 造成傷害 3'),
(1697, 112, 'player: 攻擊 H 造成傷害 5'),
(1698, 112, 'H: 攻擊 player 造成傷害 3'),
(1699, 112, 'player: 攻擊 H 造成傷害 5'),
(1700, 112, 'H已擊敗，玩家贏得勝利'),
(1701, 112, 'player: 攻擊 H 造成傷害 5'),
(1702, 112, 'H: 攻擊 player 造成傷害 3'),
(1703, 112, 'player: 攻擊 H 造成傷害 5'),
(1704, 112, 'H: 攻擊 player 造成傷害 3'),
(1705, 112, 'player: 攻擊 H 造成傷害 5'),
(1706, 112, 'H: 攻擊 player 造成傷害 3'),
(1707, 112, 'player: 攻擊 H 造成傷害 5'),
(1708, 112, 'H: 攻擊 player 造成傷害 3'),
(1709, 112, 'player: 攻擊 H 造成傷害 5'),
(1710, 112, 'H: 攻擊 player 造成傷害 3'),
(1711, 112, 'player: 攻擊 H 造成傷害 5'),
(1712, 112, 'H: 攻擊 player 造成傷害 3'),
(1713, 112, 'player: 攻擊 H 造成傷害 5'),
(1714, 112, 'H: 攻擊 player 造成傷害 3'),
(1715, 112, 'player: 攻擊 H 造成傷害 5'),
(1716, 112, 'H: 攻擊 player 造成傷害 3'),
(1717, 112, 'player: 攻擊 H 造成傷害 5'),
(1718, 112, 'H: 攻擊 player 造成傷害 3'),
(1719, 112, 'player: 攻擊 H 造成傷害 5'),
(1720, 112, 'H已擊敗，玩家贏得勝利'),
(1721, 112, 'player: 攻擊 C 造成傷害 5'),
(1722, 112, 'C: 攻擊 player 造成傷害 3'),
(1723, 112, 'player: 攻擊 C 造成傷害 5'),
(1724, 112, 'C: 攻擊 player 造成傷害 3'),
(1725, 112, 'player: 攻擊 C 造成傷害 5'),
(1726, 112, 'C: 攻擊 player 造成傷害 3'),
(1727, 112, 'player: 攻擊 C 造成傷害 5'),
(1728, 112, 'C: 攻擊 player 造成傷害 3'),
(1729, 112, 'player: 攻擊 C 造成傷害 5'),
(1730, 112, 'C已擊敗，玩家贏得勝利'),
(1731, 112, 'player: 攻擊 C 造成傷害 5'),
(1732, 112, 'C: 攻擊 player 造成傷害 3'),
(1733, 112, 'player: 攻擊 C 造成傷害 5'),
(1734, 112, 'C: 攻擊 player 造成傷害 3'),
(1735, 112, 'player: 攻擊 C 造成傷害 5'),
(1736, 112, 'C: 攻擊 player 造成傷害 3'),
(1737, 112, 'player: 攻擊 C 造成傷害 5'),
(1738, 112, 'C: 攻擊 player 造成傷害 3'),
(1739, 112, 'player: 攻擊 C 造成傷害 5'),
(1740, 112, 'C已擊敗，玩家贏得勝利'),
(1741, 112, 'player: 攻擊 G 造成傷害 5'),
(1742, 112, 'G: 攻擊 player 造成傷害 6'),
(1743, 112, 'player: 攻擊 G 造成傷害 5'),
(1744, 112, 'G: 攻擊 player 造成傷害 6'),
(1745, 112, 'player: 攻擊 G 造成傷害 5'),
(1746, 112, 'G: 攻擊 player 造成傷害 6'),
(1747, 112, 'player: 攻擊 G 造成傷害 5'),
(1748, 112, 'G: 攻擊 player 造成傷害 6'),
(1749, 112, 'player: 攻擊 G 造成傷害 5'),
(1750, 112, 'G: 攻擊 player 造成傷害 6</br>你已死亡，遊戲結束'),
(1751, 113, 'player: 攻擊 J 造成傷害 5'),
(1752, 113, 'J: 攻擊 player 造成傷害 14'),
(1753, 113, 'player: 攻擊 J 造成傷害 5'),
(1754, 113, 'J: 攻擊 player 造成傷害 14'),
(1755, 113, 'player: 攻擊 J 造成傷害 5'),
(1756, 113, 'J: 攻擊 player 造成傷害 14</br>你已死亡，遊戲結束'),
(1757, 114, 'player: 攻擊 C 造成傷害 5'),
(1758, 114, 'C: 攻擊 player 造成傷害 3'),
(1759, 114, 'player: 攻擊 C 造成傷害 5'),
(1760, 114, 'C: 攻擊 player 造成傷害 3'),
(1761, 114, 'player: 攻擊 C 造成傷害 5'),
(1762, 114, 'C: 攻擊 player 造成傷害 3'),
(1763, 114, 'player: 攻擊 C 造成傷害 5'),
(1764, 114, 'C: 攻擊 player 造成傷害 3'),
(1765, 114, 'player: 攻擊 C 造成傷害 5'),
(1766, 114, 'C已擊敗，玩家贏得勝利'),
(1767, 114, 'player: 攻擊 C 造成傷害 5'),
(1768, 114, 'C已擊敗，玩家贏得勝利'),
(1769, 114, 'player: 攻擊 B 造成傷害 5'),
(1770, 114, 'B: 攻擊 player 造成傷害 1'),
(1771, 114, 'player: 攻擊 B 造成傷害 5'),
(1772, 114, 'B: 攻擊 player 造成傷害 1'),
(1773, 114, 'player: 攻擊 B 造成傷害 5'),
(1774, 114, 'B: 攻擊 player 造成傷害 1'),
(1775, 114, 'player: 攻擊 B 造成傷害 5'),
(1776, 114, 'B已擊敗，玩家贏得勝利'),
(1777, 114, 'player: 攻擊 B 造成傷害 5'),
(1778, 114, 'B: 攻擊 player 造成傷害 1'),
(1779, 114, 'player: 攻擊 B 造成傷害 5'),
(1780, 114, 'B: 攻擊 player 造成傷害 1'),
(1781, 114, 'player: 攻擊 B 造成傷害 5'),
(1782, 114, 'B: 攻擊 player 造成傷害 1'),
(1783, 114, 'player: 攻擊 B 造成傷害 5'),
(1784, 114, 'B已擊敗，玩家贏得勝利'),
(1785, 114, 'player: 攻擊 F 造成傷害 5'),
(1786, 114, 'F: 攻擊 player 造成傷害 3'),
(1787, 114, 'player: 攻擊 F 造成傷害 5'),
(1788, 114, 'F: 攻擊 player 造成傷害 3'),
(1789, 114, 'player: 攻擊 F 造成傷害 5'),
(1790, 114, 'F: 攻擊 player 造成傷害 3'),
(1791, 114, 'player: 攻擊 F 造成傷害 5'),
(1792, 114, 'F: 攻擊 player 造成傷害 3'),
(1793, 114, 'player: 攻擊 F 造成傷害 5'),
(1794, 114, 'F: 攻擊 player 造成傷害 3'),
(1795, 114, 'player: 攻擊 F 造成傷害 5'),
(1796, 114, 'F: 攻擊 player 造成傷害 3'),
(1797, 114, 'player: 攻擊 F 造成傷害 5'),
(1798, 114, 'F: 攻擊 player 造成傷害 3'),
(1799, 114, 'player: 攻擊 F 造成傷害 5'),
(1800, 114, 'F已擊敗，玩家贏得勝利'),
(1801, 114, 'player: 攻擊 A 造成傷害 5'),
(1802, 114, 'A: 攻擊 player 造成傷害 1'),
(1803, 114, 'player: 攻擊 A 造成傷害 5'),
(1804, 114, 'A已擊敗，玩家贏得勝利'),
(1805, 114, 'player: 攻擊 D 造成傷害 5'),
(1806, 114, 'D: 攻擊 player 造成傷害 2'),
(1807, 114, 'player: 攻擊 D 造成傷害 5'),
(1808, 114, 'D: 攻擊 player 造成傷害 2'),
(1809, 114, 'player: 攻擊 D 造成傷害 5'),
(1810, 114, 'D: 攻擊 player 造成傷害 2'),
(1811, 114, 'player: 攻擊 D 造成傷害 5'),
(1812, 114, 'D: 攻擊 player 造成傷害 2'),
(1813, 114, 'player: 攻擊 D 造成傷害 5'),
(1814, 114, 'D: 攻擊 player 造成傷害 2'),
(1815, 114, 'player: 攻擊 D 造成傷害 5'),
(1816, 114, 'D已擊敗，玩家贏得勝利'),
(1817, 114, 'player: 攻擊 I 造成傷害 5'),
(1818, 114, 'I: 攻擊 player 造成傷害 2'),
(1819, 114, 'player: 攻擊 I 造成傷害 5'),
(1820, 114, 'I: 攻擊 player 造成傷害 2'),
(1821, 114, 'player: 攻擊 I 造成傷害 5'),
(1822, 114, 'I: 攻擊 player 造成傷害 2'),
(1823, 114, 'player: 攻擊 I 造成傷害 5'),
(1824, 114, 'I: 攻擊 player 造成傷害 2'),
(1825, 114, 'player: 攻擊 I 造成傷害 5'),
(1826, 114, 'I: 攻擊 player 造成傷害 2'),
(1827, 114, 'player: 攻擊 I 造成傷害 5'),
(1828, 114, 'I: 攻擊 player 造成傷害 2'),
(1829, 114, 'player: 攻擊 I 造成傷害 5'),
(1830, 114, 'I: 攻擊 player 造成傷害 2'),
(1831, 114, 'player: 攻擊 I 造成傷害 5'),
(1832, 114, 'player: 攻擊 I 造成傷害 5'),
(1833, 114, 'I: 攻擊 player 造成傷害 2'),
(1834, 114, 'I: 攻擊 player 造成傷害 2'),
(1835, 114, 'player: 攻擊 I 造成傷害 5'),
(1836, 114, 'I: 攻擊 player 造成傷害 2'),
(1837, 114, 'player: 攻擊 I 造成傷害 5'),
(1838, 114, 'I: 攻擊 player 造成傷害 2'),
(1839, 114, 'player: 攻擊 I 造成傷害 5'),
(1840, 114, 'I已擊敗，玩家贏得勝利'),
(1841, 114, 'player: 攻擊 E 造成傷害 5'),
(1842, 114, 'E: 攻擊 player 造成傷害 4'),
(1843, 114, 'player: 攻擊 E 造成傷害 5'),
(1844, 114, 'E: 攻擊 player 造成傷害 4'),
(1845, 114, 'player: 攻擊 E 造成傷害 5'),
(1846, 114, 'E: 攻擊 player 造成傷害 4'),
(1847, 114, 'player: 攻擊 E 造成傷害 5'),
(1848, 114, 'player: 攻擊 E 造成傷害 5'),
(1849, 114, 'E: 攻擊 player 造成傷害 4'),
(1850, 114, 'player: 攻擊 E 造成傷害 5'),
(1851, 114, 'E: 攻擊 player 造成傷害 4'),
(1852, 114, 'player: 攻擊 E 造成傷害 5'),
(1853, 114, 'E: 攻擊 player 造成傷害 4'),
(1854, 114, 'player: 攻擊 E 造成傷害 5'),
(1855, 114, 'E已擊敗，玩家贏得勝利'),
(1856, 114, 'player: 攻擊 E 造成傷害 5'),
(1857, 114, 'E: 攻擊 player 造成傷害 4'),
(1858, 114, 'player: 攻擊 E 造成傷害 5'),
(1859, 114, 'E: 攻擊 player 造成傷害 4'),
(1860, 114, 'player: 攻擊 E 造成傷害 5'),
(1861, 114, 'E: 攻擊 player 造成傷害 4'),
(1862, 114, 'player: 攻擊 E 造成傷害 5'),
(1863, 114, 'E: 攻擊 player 造成傷害 4'),
(1864, 114, 'player: 攻擊 E 造成傷害 5'),
(1865, 114, 'E: 攻擊 player 造成傷害 4'),
(1866, 114, 'player: 攻擊 E 造成傷害 5'),
(1867, 114, 'E: 攻擊 player 造成傷害 4'),
(1868, 114, 'player: 攻擊 E 造成傷害 5'),
(1869, 114, 'E已擊敗，玩家贏得勝利'),
(1870, 114, 'player: 攻擊 E 造成傷害 5'),
(1871, 114, 'E已擊敗，玩家贏得勝利'),
(1872, 114, 'player: 攻擊 F 造成傷害 5'),
(1873, 114, 'F: 攻擊 player 造成傷害 3'),
(1874, 114, 'player: 攻擊 F 造成傷害 5'),
(1875, 114, 'F: 攻擊 player 造成傷害 3'),
(1876, 114, 'player: 攻擊 F 造成傷害 5'),
(1877, 114, 'F: 攻擊 player 造成傷害 3'),
(1878, 114, 'player: 攻擊 F 造成傷害 5'),
(1879, 114, 'F: 攻擊 player 造成傷害 3'),
(1880, 114, 'player: 攻擊 F 造成傷害 5'),
(1881, 114, 'F: 攻擊 player 造成傷害 3'),
(1882, 114, 'player: 攻擊 F 造成傷害 5'),
(1883, 114, 'F: 攻擊 player 造成傷害 3'),
(1884, 114, 'player: 攻擊 F 造成傷害 5'),
(1885, 114, 'F: 攻擊 player 造成傷害 3'),
(1886, 114, 'player: 攻擊 F 造成傷害 5'),
(1887, 114, 'F已擊敗，玩家贏得勝利'),
(1888, 114, 'player: 攻擊 A 造成傷害 5'),
(1889, 114, 'player: 攻擊 A 造成傷害 5'),
(1890, 114, 'A: 攻擊 player 造成傷害 1'),
(1891, 114, 'A: 攻擊 player 造成傷害 1'),
(1892, 114, 'player: 攻擊 A 造成傷害 5'),
(1893, 114, 'A已擊敗，玩家贏得勝利'),
(1894, 114, 'player: 攻擊 B 造成傷害 5'),
(1895, 114, 'B: 攻擊 player 造成傷害 1'),
(1896, 114, 'player: 攻擊 B 造成傷害 5'),
(1897, 114, 'B: 攻擊 player 造成傷害 1'),
(1898, 114, 'player: 攻擊 B 造成傷害 5'),
(1899, 114, 'player: 攻擊 B 造成傷害 5'),
(1900, 114, 'B: 攻擊 player 造成傷害 1'),
(1901, 114, 'player: 攻擊 B 造成傷害 5'),
(1902, 114, 'B已擊敗，玩家贏得勝利'),
(1903, 114, 'player: 攻擊 J 造成傷害 5'),
(1904, 114, 'J: 攻擊 player 造成傷害 14'),
(1905, 114, 'player: 攻擊 J 造成傷害 5'),
(1906, 114, 'J: 攻擊 player 造成傷害 14'),
(1907, 114, 'player: 攻擊 J 造成傷害 5'),
(1908, 114, 'J: 攻擊 player 造成傷害 14</br>你已死亡，遊戲結束'),
(1909, 114, 'player: 攻擊 J 造成傷害 5'),
(1910, 114, 'J: 攻擊 player 造成傷害 14</br>你已死亡，遊戲結束'),
(1911, 115, 'player: 攻擊 J 造成傷害 5'),
(1912, 115, 'J: 攻擊 player 造成傷害 14'),
(1913, 115, 'player: 攻擊 J 造成傷害 5'),
(1914, 115, 'J: 攻擊 player 造成傷害 14'),
(1915, 115, 'player: 攻擊 J 造成傷害 5'),
(1916, 115, 'J: 攻擊 player 造成傷害 14</br>你已死亡，遊戲結束'),
(1917, 116, 'player: 攻擊 J 造成傷害 5'),
(1918, 116, 'J: 攻擊 player 造成傷害 14'),
(1919, 116, 'player: 攻擊 J 造成傷害 5'),
(1920, 116, 'J: 攻擊 player 造成傷害 14'),
(1921, 116, 'player: 攻擊 J 造成傷害 5'),
(1922, 116, 'J: 攻擊 player 造成傷害 14</br>你已死亡，遊戲結束'),
(1923, 117, 'player: 攻擊 G 造成傷害 5'),
(1924, 117, 'G: 攻擊 player 造成傷害 6'),
(1925, 117, 'player: 攻擊 G 造成傷害 5'),
(1926, 117, 'G: 攻擊 player 造成傷害 6'),
(1927, 117, 'player: 攻擊 G 造成傷害 5'),
(1928, 117, 'player: 攻擊 G 造成傷害 5'),
(1929, 117, 'G: 攻擊 player 造成傷害 6'),
(1930, 117, 'player: 攻擊 G 造成傷害 5'),
(1931, 117, 'G: 攻擊 player 造成傷害 6'),
(1932, 117, 'player: 攻擊 G 造成傷害 5'),
(1933, 117, 'G: 攻擊 player 造成傷害 6</br>你已死亡，遊戲結束'),
(1934, 118, 'player: 攻擊 I 造成傷害 5'),
(1935, 118, 'I: 攻擊 player 造成傷害 2'),
(1936, 118, 'player: 攻擊 I 造成傷害 5'),
(1937, 118, 'I: 攻擊 player 造成傷害 2'),
(1938, 118, 'player: 攻擊 I 造成傷害 5'),
(1939, 118, 'I: 攻擊 player 造成傷害 2'),
(1940, 118, 'player: 攻擊 I 造成傷害 5'),
(1941, 118, 'I: 攻擊 player 造成傷害 2'),
(1942, 118, 'player: 攻擊 I 造成傷害 5'),
(1943, 118, 'I: 攻擊 player 造成傷害 2'),
(1944, 118, 'player: 攻擊 I 造成傷害 5'),
(1945, 118, 'I: 攻擊 player 造成傷害 2'),
(1946, 118, 'player: 攻擊 I 造成傷害 5'),
(1947, 118, 'I: 攻擊 player 造成傷害 2'),
(1948, 118, 'player: 攻擊 I 造成傷害 5'),
(1949, 118, 'I: 攻擊 player 造成傷害 2'),
(1950, 118, 'player: 攻擊 I 造成傷害 5'),
(1951, 118, 'I: 攻擊 player 造成傷害 2'),
(1952, 118, 'player: 攻擊 I 造成傷害 5'),
(1953, 118, 'I: 攻擊 player 造成傷害 2'),
(1954, 118, 'player: 攻擊 I 造成傷害 5'),
(1955, 118, 'I已擊敗，玩家贏得勝利'),
(1956, 118, 'player: 攻擊 H 造成傷害 5'),
(1957, 118, 'H: 攻擊 player 造成傷害 3'),
(1958, 118, 'player: 攻擊 H 造成傷害 5'),
(1959, 118, 'H: 攻擊 player 造成傷害 3'),
(1960, 118, 'player: 攻擊 H 造成傷害 5'),
(1961, 118, 'H: 攻擊 player 造成傷害 3'),
(1962, 118, 'player: 攻擊 H 造成傷害 5'),
(1963, 118, 'H: 攻擊 player 造成傷害 3'),
(1964, 118, 'player: 攻擊 H 造成傷害 5'),
(1965, 118, 'H: 攻擊 player 造成傷害 3'),
(1966, 118, 'player: 攻擊 H 造成傷害 5'),
(1967, 118, 'H: 攻擊 player 造成傷害 3'),
(1968, 118, 'player: 攻擊 H 造成傷害 5'),
(1969, 118, 'H: 攻擊 player 造成傷害 3'),
(1970, 118, 'player: 攻擊 H 造成傷害 5'),
(1971, 118, 'H: 攻擊 player 造成傷害 3'),
(1972, 118, 'player: 攻擊 H 造成傷害 5'),
(1973, 118, 'H: 攻擊 player 造成傷害 3'),
(1974, 118, 'player: 攻擊 H 造成傷害 5'),
(1975, 118, 'H已擊敗，玩家贏得勝利'),
(1976, 118, 'player: 攻擊 I 造成傷害 5'),
(1977, 118, 'I: 攻擊 player 造成傷害 2'),
(1978, 118, 'player: 攻擊 I 造成傷害 5'),
(1979, 118, 'I: 攻擊 player 造成傷害 2'),
(1980, 118, 'player: 攻擊 I 造成傷害 5'),
(1981, 118, 'player: 攻擊 I 造成傷害 5'),
(1982, 118, 'I: 攻擊 player 造成傷害 2'),
(1983, 118, 'player: 攻擊 I 造成傷害 5'),
(1984, 118, 'I: 攻擊 player 造成傷害 2'),
(1985, 118, 'player: 攻擊 I 造成傷害 5'),
(1986, 118, 'I: 攻擊 player 造成傷害 2'),
(1987, 118, 'player: 攻擊 I 造成傷害 5'),
(1988, 118, 'I: 攻擊 player 造成傷害 2'),
(1989, 118, 'player: 攻擊 I 造成傷害 5'),
(1990, 118, 'I: 攻擊 player 造成傷害 2'),
(1991, 118, 'player: 攻擊 I 造成傷害 5'),
(1992, 118, 'I: 攻擊 player 造成傷害 2'),
(1993, 118, 'player: 攻擊 I 造成傷害 5'),
(1994, 118, 'I: 攻擊 player 造成傷害 2'),
(1995, 118, 'player: 攻擊 I 造成傷害 5'),
(1996, 118, 'I: 攻擊 player 造成傷害 2'),
(1997, 118, 'player: 攻擊 I 造成傷害 5'),
(1998, 118, 'I已擊敗，玩家贏得勝利'),
(1999, 119, 'player: 攻擊 C 造成傷害 5'),
(2000, 119, 'C: 攻擊 player 造成傷害 3'),
(2001, 119, 'player: 攻擊 C 造成傷害 5'),
(2002, 119, 'C: 攻擊 player 造成傷害 3'),
(2003, 119, 'player: 攻擊 C 造成傷害 5'),
(2004, 119, 'C: 攻擊 player 造成傷害 3'),
(2005, 119, 'player: 攻擊 C 造成傷害 5'),
(2006, 119, 'C: 攻擊 player 造成傷害 3'),
(2007, 119, 'player: 攻擊 C 造成傷害 5'),
(2008, 119, 'C已擊敗，玩家贏得勝利'),
(2009, 119, 'player: 攻擊 H 造成傷害 5'),
(2010, 119, 'H: 攻擊 player 造成傷害 3'),
(2011, 119, 'player: 攻擊 H 造成傷害 5'),
(2012, 119, 'H: 攻擊 player 造成傷害 3'),
(2013, 119, 'player: 攻擊 H 造成傷害 5'),
(2014, 119, 'H: 攻擊 player 造成傷害 3'),
(2015, 119, 'player: 攻擊 H 造成傷害 5'),
(2016, 119, 'player: 攻擊 H 造成傷害 5'),
(2017, 119, 'H: 攻擊 player 造成傷害 3'),
(2018, 119, 'player: 攻擊 H 造成傷害 5'),
(2019, 119, 'H: 攻擊 player 造成傷害 3'),
(2020, 119, 'player: 攻擊 H 造成傷害 5'),
(2021, 119, 'H: 攻擊 player 造成傷害 3'),
(2022, 119, 'player: 攻擊 H 造成傷害 5'),
(2023, 119, 'H: 攻擊 player 造成傷害 3'),
(2024, 119, 'player: 攻擊 H 造成傷害 5'),
(2025, 119, 'H: 攻擊 player 造成傷害 3'),
(2026, 119, 'player: 攻擊 H 造成傷害 5'),
(2027, 119, 'H: 攻擊 player 造成傷害 3'),
(2028, 119, 'player: 攻擊 H 造成傷害 5'),
(2029, 119, 'H已擊敗，玩家贏得勝利'),
(2030, 119, 'player: 攻擊 I 造成傷害 5'),
(2031, 119, 'I: 攻擊 player 造成傷害 2'),
(2032, 119, 'player: 攻擊 I 造成傷害 5'),
(2033, 119, 'I: 攻擊 player 造成傷害 2'),
(2034, 119, 'player: 攻擊 I 造成傷害 5'),
(2035, 119, 'I: 攻擊 player 造成傷害 2'),
(2036, 119, 'player: 攻擊 I 造成傷害 5'),
(2037, 119, 'I: 攻擊 player 造成傷害 2'),
(2038, 119, 'player: 攻擊 I 造成傷害 5'),
(2039, 119, 'I: 攻擊 player 造成傷害 2'),
(2040, 119, 'player: 攻擊 I 造成傷害 5'),
(2041, 119, 'I: 攻擊 player 造成傷害 2'),
(2042, 119, 'player: 攻擊 I 造成傷害 5'),
(2043, 119, 'I: 攻擊 player 造成傷害 2'),
(2044, 119, 'player: 攻擊 I 造成傷害 5'),
(2045, 119, 'I: 攻擊 player 造成傷害 2'),
(2046, 119, 'player: 攻擊 I 造成傷害 5'),
(2047, 119, 'I: 攻擊 player 造成傷害 2'),
(2048, 119, 'player: 攻擊 I 造成傷害 5'),
(2049, 119, 'I: 攻擊 player 造成傷害 2'),
(2050, 119, 'player: 攻擊 I 造成傷害 5'),
(2051, 119, 'I已擊敗，玩家贏得勝利'),
(2052, 119, 'player: 攻擊 C 造成傷害 5'),
(2053, 119, 'C: 攻擊 player 造成傷害 3'),
(2054, 119, 'player: 攻擊 C 造成傷害 5'),
(2055, 119, 'C: 攻擊 player 造成傷害 3'),
(2056, 119, 'player: 攻擊 C 造成傷害 5'),
(2057, 119, 'C: 攻擊 player 造成傷害 3'),
(2058, 119, 'player: 攻擊 C 造成傷害 5'),
(2059, 119, 'C: 攻擊 player 造成傷害 3'),
(2060, 119, 'player: 攻擊 C 造成傷害 5'),
(2061, 119, 'C已擊敗，玩家贏得勝利'),
(2062, 119, 'player: 攻擊 B 造成傷害 2'),
(2063, 119, 'B: 攻擊 player 造成傷害 1'),
(2064, 119, 'player: 攻擊 B 造成傷害 3'),
(2065, 119, 'B: 攻擊 player 造成傷害 1'),
(2066, 119, 'player: 攻擊 B 造成傷害 4'),
(2067, 119, 'B: 攻擊 player 造成傷害 1'),
(2068, 119, 'player: 攻擊 B 造成傷害 5'),
(2069, 119, 'B: 攻擊 player 造成傷害 1'),
(2070, 119, 'player: 攻擊 B 造成傷害 5'),
(2071, 119, 'B: 攻擊 player 造成傷害 1'),
(2072, 119, 'player: 攻擊 B 造成傷害 4'),
(2073, 119, 'B已擊敗，玩家贏得勝利'),
(2074, 120, 'player: 攻擊 I 造成傷害 3'),
(2075, 120, 'I: 攻擊 player 造成傷害 1'),
(2076, 120, 'player: 攻擊 I 造成傷害 2'),
(2077, 120, 'I: 攻擊 player 造成傷害 2'),
(2078, 120, 'player: 攻擊 I 造成傷害 4'),
(2079, 120, 'I: 攻擊 player 造成傷害 1'),
(2080, 120, 'player: 攻擊 I 造成傷害 5'),
(2081, 120, 'I: 攻擊 player 造成傷害 1'),
(2082, 120, 'player: 攻擊 I 造成傷害 3'),
(2083, 120, 'I: 攻擊 player 造成傷害 2'),
(2084, 120, 'player: 攻擊 I 造成傷害 2'),
(2085, 120, 'I: 攻擊 player 造成傷害 1'),
(2086, 120, 'player: 攻擊 I 造成傷害 2'),
(2087, 120, 'I: 攻擊 player 造成傷害 2'),
(2088, 120, 'player: 攻擊 I 造成傷害 4'),
(2089, 120, 'player: 攻擊 I 造成傷害 5'),
(2090, 120, 'I: 攻擊 player 造成傷害 2'),
(2091, 120, 'I: 攻擊 player 造成傷害 1'),
(2092, 120, 'player: 攻擊 I 造成傷害 3'),
(2093, 120, 'I: 攻擊 player 造成傷害 2'),
(2094, 120, 'player: 攻擊 I 造成傷害 2'),
(2095, 120, 'I: 攻擊 player 造成傷害 2'),
(2096, 120, 'player: 攻擊 I 造成傷害 5'),
(2097, 120, 'I: 攻擊 player 造成傷害 2'),
(2098, 120, 'player: 攻擊 I 造成傷害 4'),
(2099, 120, 'I: 攻擊 player 造成傷害 1'),
(2100, 120, 'player: 攻擊 I 造成傷害 4'),
(2101, 120, 'I: 攻擊 player 造成傷害 1'),
(2102, 120, 'player: 攻擊 I 造成傷害 5'),
(2103, 120, 'I: 攻擊 player 造成傷害 1'),
(2104, 120, 'player: 攻擊 I 造成傷害 4'),
(2105, 120, 'I: 攻擊 player 造成傷害 1</br>你已死亡，遊戲結束'),
(2106, 121, 'player: 攻擊 A 造成傷害 5'),
(2107, 121, 'A: 攻擊 player 造成傷害 1'),
(2108, 121, 'player: 攻擊 A 造成傷害 2'),
(2109, 121, 'A: 攻擊 player 造成傷害 1'),
(2110, 121, 'player: 攻擊 A 造成傷害 5'),
(2111, 121, 'A已擊敗，玩家贏得勝利'),
(2112, 121, 'player: 攻擊 C 造成傷害 1'),
(2113, 121, 'C: 攻擊 player 造成傷害 2'),
(2114, 121, 'player: 攻擊 C 造成傷害 1'),
(2115, 121, 'C: 攻擊 player 造成傷害 3'),
(2116, 121, 'player: 攻擊 C 造成傷害 5'),
(2117, 121, 'C: 攻擊 player 造成傷害 2'),
(2118, 121, 'player: 攻擊 C 造成傷害 1'),
(2119, 121, 'C: 攻擊 player 造成傷害 2'),
(2120, 121, 'player: 攻擊 C 造成傷害 3'),
(2121, 121, 'C: 攻擊 player 造成傷害 2'),
(2122, 121, 'player: 攻擊 C 造成傷害 2'),
(2123, 121, 'C: 攻擊 player 造成傷害 1'),
(2124, 121, 'player: 攻擊 C 造成傷害 4'),
(2125, 121, 'C: 攻擊 player 造成傷害 1'),
(2126, 121, 'player: 攻擊 C 造成傷害 2'),
(2127, 121, 'C: 攻擊 player 造成傷害 3'),
(2128, 121, 'player: 攻擊 C 造成傷害 2'),
(2129, 121, 'C: 攻擊 player 造成傷害 1'),
(2130, 121, 'player: 攻擊 C 造成傷害 3'),
(2131, 121, 'C: 攻擊 player 造成傷害 2</br>你已死亡，遊戲結束'),
(2132, 122, 'player: 攻擊 E 造成傷害 3'),
(2133, 122, 'E: 攻擊 player 造成傷害 1'),
(2134, 122, 'player: 攻擊 E 造成傷害 1'),
(2135, 122, 'E: 攻擊 player 造成傷害 4'),
(2136, 122, 'player: 攻擊 E 造成傷害 3'),
(2137, 122, 'E: 攻擊 player 造成傷害 2'),
(2138, 122, 'player: 攻擊 E 造成傷害 2'),
(2139, 122, 'E: 攻擊 player 造成傷害 4'),
(2140, 122, 'player: 攻擊 E 造成傷害 3'),
(2141, 122, 'E: 攻擊 player 造成傷害 3'),
(2142, 122, 'player: 攻擊 E 造成傷害 5'),
(2143, 122, 'E: 攻擊 player 造成傷害 3'),
(2144, 122, 'player: 攻擊 E 造成傷害 3'),
(2145, 122, 'E: 攻擊 player 造成傷害 1'),
(2146, 122, 'player: 攻擊 E 造成傷害 5'),
(2147, 122, 'E: 攻擊 player 造成傷害 1</br>你已死亡，遊戲結束'),
(2148, 123, 'player: 攻擊 B 造成傷害 4'),
(2149, 123, 'B: 攻擊 player 造成傷害 1'),
(2150, 123, 'player: 攻擊 B 造成傷害 4'),
(2151, 123, 'B: 攻擊 player 造成傷害 1'),
(2152, 123, 'player: 攻擊 B 造成傷害 4'),
(2153, 123, 'B: 攻擊 player 造成傷害 1'),
(2154, 123, 'player: 攻擊 B 造成傷害 1'),
(2155, 123, 'B: 攻擊 player 造成傷害 1'),
(2156, 123, 'player: 攻擊 B 造成傷害 5'),
(2157, 123, 'B: 攻擊 player 造成傷害 1'),
(2158, 123, 'player: 攻擊 B 造成傷害 3'),
(2159, 123, 'B已擊敗，玩家贏得勝利'),
(2160, 123, 'player: 攻擊 F 造成傷害 4'),
(2161, 123, 'F: 攻擊 player 造成傷害 3'),
(2162, 123, 'player: 攻擊 F 造成傷害 2'),
(2163, 123, 'F: 攻擊 player 造成傷害 2'),
(2164, 123, 'player: 攻擊 F 造成傷害 1'),
(2165, 123, 'F: 攻擊 player 造成傷害 2'),
(2166, 123, 'player: 攻擊 F 造成傷害 5'),
(2167, 123, 'F: 攻擊 player 造成傷害 2'),
(2168, 123, 'player: 攻擊 F 造成傷害 2'),
(2169, 123, 'F: 攻擊 player 造成傷害 3'),
(2170, 123, 'player: 攻擊 F 造成傷害 5'),
(2171, 123, 'F: 攻擊 player 造成傷害 2'),
(2172, 123, 'player: 攻擊 F 造成傷害 5'),
(2173, 123, 'F: 攻擊 player 造成傷害 1'),
(2174, 123, 'player: 攻擊 F 造成傷害 3'),
(2175, 123, 'F: 攻擊 player 造成傷害 1'),
(2176, 123, 'player: 攻擊 F 造成傷害 3'),
(2177, 123, 'F: 攻擊 player 造成傷害 1'),
(2178, 123, 'player: 攻擊 F 造成傷害 1'),
(2179, 123, 'F: 攻擊 player 造成傷害 2</br>你已死亡，遊戲結束'),
(2180, 124, 'player: 攻擊 I 造成傷害 4'),
(2181, 124, 'I: 攻擊 player 造成傷害 1'),
(2182, 124, 'player: 攻擊 I 造成傷害 4'),
(2183, 124, 'I: 攻擊 player 造成傷害 1'),
(2184, 124, 'player: 攻擊 I 造成傷害 5'),
(2185, 124, 'I: 攻擊 player 造成傷害 1'),
(2186, 124, 'player: 攻擊 I 造成傷害 4'),
(2187, 124, 'I: 攻擊 player 造成傷害 2'),
(2188, 124, 'player: 攻擊 I 造成傷害 4'),
(2189, 124, 'I: 攻擊 player 造成傷害 1'),
(2190, 124, 'player: 攻擊 I 造成傷害 5'),
(2191, 124, 'I: 攻擊 player 造成傷害 2'),
(2192, 124, 'player: 攻擊 I 造成傷害 5'),
(2193, 124, 'player: 攻擊 I 造成傷害 5'),
(2194, 124, 'I: 攻擊 player 造成傷害 2'),
(2195, 124, 'I: 攻擊 player 造成傷害 1'),
(2196, 124, 'player: 攻擊 I 造成傷害 5'),
(2197, 124, 'I: 攻擊 player 造成傷害 1'),
(2198, 124, 'player: 攻擊 I 造成傷害 4'),
(2199, 124, 'I: 攻擊 player 造成傷害 2'),
(2200, 124, 'player: 攻擊 I 造成傷害 3'),
(2201, 124, 'I: 攻擊 player 造成傷害 2'),
(2202, 124, 'player: 攻擊 I 造成傷害 4'),
(2203, 124, 'I: 攻擊 player 造成傷害 1'),
(2204, 124, 'player: 攻擊 I 造成傷害 5'),
(2205, 124, 'I: 攻擊 player 造成傷害 2'),
(2206, 124, 'player: 攻擊 I 造成傷害 1'),
(2207, 124, 'I: 攻擊 player 造成傷害 2'),
(2208, 124, 'player: 攻擊 I 造成傷害 3'),
(2209, 124, 'I已擊敗，玩家贏得勝利'),
(2210, 124, 'player: 攻擊 H 造成傷害 2'),
(2211, 124, 'H: 攻擊 player 造成傷害 1'),
(2212, 124, 'player: 攻擊 H 造成傷害 2'),
(2213, 124, 'H: 攻擊 player 造成傷害 1'),
(2214, 124, 'player: 攻擊 H 造成傷害 3'),
(2215, 124, 'H: 攻擊 player 造成傷害 2'),
(2216, 124, 'player: 攻擊 H 造成傷害 2'),
(2217, 124, 'H: 攻擊 player 造成傷害 3'),
(2218, 124, 'player: 攻擊 H 造成傷害 1'),
(2219, 124, 'H: 攻擊 player 造成傷害 3'),
(2220, 124, 'player: 攻擊 H 造成傷害 1'),
(2221, 124, 'H: 攻擊 player 造成傷害 1'),
(2222, 124, 'player: 攻擊 H 造成傷害 3'),
(2223, 124, 'H: 攻擊 player 造成傷害 2'),
(2224, 124, 'player: 攻擊 H 造成傷害 3'),
(2225, 124, 'H: 攻擊 player 造成傷害 1'),
(2226, 124, 'player: 攻擊 H 造成傷害 4'),
(2227, 124, 'H: 攻擊 player 造成傷害 2'),
(2228, 124, 'player: 攻擊 H 造成傷害 3'),
(2229, 124, 'H: 攻擊 player 造成傷害 1</br>你已死亡，遊戲結束'),
(2230, 125, 'player: 攻擊 E 造成傷害 2'),
(2231, 125, 'E: 攻擊 player 造成傷害 2'),
(2232, 125, 'player: 攻擊 E 造成傷害 3'),
(2233, 125, 'E: 攻擊 player 造成傷害 4'),
(2234, 125, 'player: 攻擊 E 造成傷害 2'),
(2235, 125, 'E: 攻擊 player 造成傷害 3'),
(2236, 125, 'player: 攻擊 E 造成傷害 1'),
(2237, 125, 'E: 攻擊 player 造成傷害 1'),
(2238, 125, 'player: 攻擊 E 造成傷害 4'),
(2239, 125, 'E: 攻擊 player 造成傷害 2'),
(2240, 125, 'player: 攻擊 E 造成傷害 1'),
(2241, 125, 'E: 攻擊 player 造成傷害 2'),
(2242, 125, 'player: 攻擊 E 造成傷害 2'),
(2243, 125, 'E: 攻擊 player 造成傷害 3'),
(2244, 125, 'player: 攻擊 E 造成傷害 5'),
(2245, 125, 'E: 攻擊 player 造成傷害 3</br>你已死亡，遊戲結束'),
(2246, 126, 'player: 攻擊 J 造成傷害 5'),
(2247, 126, 'J: 攻擊 player 造成傷害 3'),
(2248, 126, 'player: 攻擊 J 造成傷害 2'),
(2249, 126, 'J: 攻擊 player 造成傷害 3'),
(2250, 126, 'player: 攻擊 J 造成傷害 5'),
(2251, 126, 'J: 攻擊 player 造成傷害 12</br>你已死亡，遊戲結束'),
(2252, 127, 'player: 攻擊 F 造成傷害 5'),
(2253, 127, 'F: 攻擊 player 造成傷害 2'),
(2254, 127, 'player: 攻擊 F 造成傷害 3'),
(2255, 127, 'F: 攻擊 player 造成傷害 3'),
(2256, 127, 'player: 攻擊 F 造成傷害 2'),
(2257, 127, 'F: 攻擊 player 造成傷害 3'),
(2258, 127, 'player: 攻擊 F 造成傷害 3'),
(2259, 127, 'F: 攻擊 player 造成傷害 2'),
(2260, 127, 'player: 攻擊 F 造成傷害 2'),
(2261, 127, 'F: 攻擊 player 造成傷害 2'),
(2262, 127, 'player: 攻擊 F 造成傷害 2'),
(2263, 127, 'F: 攻擊 player 造成傷害 1'),
(2264, 127, 'player: 攻擊 F 造成傷害 1'),
(2265, 127, 'F: 攻擊 player 造成傷害 2'),
(2266, 127, 'player: 攻擊 F 造成傷害 1'),
(2267, 127, 'F: 攻擊 player 造成傷害 1'),
(2268, 127, 'player: 攻擊 F 造成傷害 5'),
(2269, 127, 'F: 攻擊 player 造成傷害 2'),
(2270, 127, 'player: 攻擊 F 造成傷害 2'),
(2271, 127, 'F: 攻擊 player 造成傷害 3</br>你已死亡，遊戲結束'),
(2272, 128, 'player: 攻擊 E 造成傷害 5'),
(2273, 128, 'E: 攻擊 player 造成傷害 1'),
(2274, 128, 'player: 攻擊 E 造成傷害 5'),
(2275, 128, 'E: 攻擊 player 造成傷害 2'),
(2276, 128, 'player: 攻擊 E 造成傷害 1'),
(2277, 128, 'E: 攻擊 player 造成傷害 4'),
(2278, 128, 'player: 攻擊 E 造成傷害 2'),
(2279, 128, 'E: 攻擊 player 造成傷害 4'),
(2280, 128, 'player: 攻擊 E 造成傷害 2'),
(2281, 128, 'E: 攻擊 player 造成傷害 2'),
(2282, 128, 'player: 攻擊 E 造成傷害 3'),
(2283, 128, 'E: 攻擊 player 造成傷害 4'),
(2284, 128, 'player: 攻擊 E 造成傷害 4'),
(2285, 128, 'E: 攻擊 player 造成傷害 2'),
(2286, 128, 'player: 攻擊 E 造成傷害 5'),
(2287, 128, 'E: 攻擊 player 造成傷害 4</br>你已死亡，遊戲結束'),
(2288, 129, 'player: 攻擊 B 造成傷害 1'),
(2289, 129, 'B: 攻擊 player 造成傷害 1'),
(2290, 129, 'player: 攻擊 B 造成傷害 5'),
(2291, 129, 'B: 攻擊 player 造成傷害 1'),
(2292, 129, 'player: 攻擊 B 造成傷害 5'),
(2293, 129, 'B: 攻擊 player 造成傷害 1'),
(2294, 129, 'player: 攻擊 B 造成傷害 2'),
(2295, 129, 'B: 攻擊 player 造成傷害 1'),
(2296, 129, 'player: 攻擊 B 造成傷害 4'),
(2297, 129, 'B: 攻擊 player 造成傷害 1'),
(2298, 129, 'player: 攻擊 B 造成傷害 2'),
(2299, 129, 'B: 攻擊 player 造成傷害 1'),
(2300, 129, 'player: 攻擊 B 造成傷害 2'),
(2301, 129, 'B已擊敗，玩家贏得勝利'),
(2302, 129, 'player: 攻擊 A 造成傷害 5'),
(2303, 129, 'A: 攻擊 player 造成傷害 1'),
(2304, 129, 'player: 攻擊 A 造成傷害 1'),
(2305, 129, 'A: 攻擊 player 造成傷害 1'),
(2306, 129, 'player: 攻擊 A 造成傷害 2'),
(2307, 129, 'A: 攻擊 player 造成傷害 1'),
(2308, 129, 'player: 攻擊 A 造成傷害 2'),
(2309, 129, 'A已擊敗，玩家贏得勝利'),
(2310, 129, 'player: 攻擊 J 造成傷害 4'),
(2311, 129, 'J: 攻擊 player 造成傷害 5'),
(2312, 129, 'player: 攻擊 J 造成傷害 1'),
(2313, 129, 'J: 攻擊 player 造成傷害 7'),
(2314, 129, 'player: 攻擊 J 造成傷害 4'),
(2315, 129, 'J: 攻擊 player 造成傷害 7</br>你已死亡，遊戲結束'),
(2316, 130, 'player: 攻擊 A 造成傷害 2'),
(2317, 130, 'A: 攻擊 player 造成傷害 1'),
(2318, 130, 'player: 攻擊 A 造成傷害 3'),
(2319, 130, 'A: 攻擊 player 造成傷害 1'),
(2320, 130, 'player: 攻擊 A 造成傷害 5'),
(2321, 130, 'A已擊敗，玩家贏得勝利'),
(2322, 130, 'player: 攻擊 B 造成傷害 2'),
(2323, 130, 'B: 攻擊 player 造成傷害 1'),
(2324, 130, 'player: 攻擊 B 造成傷害 4'),
(2325, 130, 'B: 攻擊 player 造成傷害 1'),
(2326, 130, 'player: 攻擊 B 造成傷害 3'),
(2327, 130, 'B: 攻擊 player 造成傷害 1'),
(2328, 130, 'player: 攻擊 B 造成傷害 2'),
(2329, 130, 'B: 攻擊 player 造成傷害 1'),
(2330, 130, 'player: 攻擊 B 造成傷害 4'),
(2331, 130, 'B: 攻擊 player 造成傷害 1'),
(2332, 130, 'player: 攻擊 B 造成傷害 5'),
(2333, 130, 'B已擊敗，玩家贏得勝利'),
(2334, 130, 'player: 攻擊 A 造成傷害 5'),
(2335, 130, 'A: 攻擊 player 造成傷害 1'),
(2336, 130, 'player: 攻擊 A 造成傷害 2'),
(2337, 130, 'A: 攻擊 player 造成傷害 1'),
(2338, 130, 'player: 攻擊 A 造成傷害 5'),
(2339, 130, 'A已擊敗，玩家贏得勝利'),
(2340, 130, 'player: 攻擊 I 造成傷害 4'),
(2341, 130, 'I: 攻擊 player 造成傷害 2'),
(2342, 130, 'player: 攻擊 I 造成傷害 3'),
(2343, 130, 'I: 攻擊 player 造成傷害 2'),
(2344, 130, 'player: 攻擊 I 造成傷害 1'),
(2345, 130, 'I: 攻擊 player 造成傷害 2'),
(2346, 130, 'player: 攻擊 I 造成傷害 2'),
(2347, 130, 'I: 攻擊 player 造成傷害 1'),
(2348, 130, 'player: 攻擊 I 造成傷害 4'),
(2349, 130, 'I: 攻擊 player 造成傷害 2'),
(2350, 130, 'player: 攻擊 I 造成傷害 3'),
(2351, 130, 'I: 攻擊 player 造成傷害 1'),
(2352, 130, 'player: 攻擊 I 造成傷害 4'),
(2353, 130, 'I: 攻擊 player 造成傷害 2'),
(2354, 130, 'player: 攻擊 I 造成傷害 2'),
(2355, 130, 'I: 攻擊 player 造成傷害 1'),
(2356, 130, 'player: 攻擊 I 造成傷害 5'),
(2357, 130, 'I: 攻擊 player 造成傷害 2'),
(2358, 130, 'player: 攻擊 I 造成傷害 1'),
(2359, 130, 'I: 攻擊 player 造成傷害 2'),
(2360, 130, 'player: 攻擊 I 造成傷害 5'),
(2361, 130, 'I: 攻擊 player 造成傷害 2'),
(2362, 130, 'player: 攻擊 I 造成傷害 4'),
(2363, 130, 'I: 攻擊 player 造成傷害 2'),
(2364, 130, 'player: 攻擊 I 造成傷害 5'),
(2365, 130, 'I: 攻擊 player 造成傷害 1'),
(2366, 130, 'player: 攻擊 I 造成傷害 2'),
(2367, 130, 'I: 攻擊 player 造成傷害 1'),
(2368, 130, 'player: 攻擊 I 造成傷害 4'),
(2369, 130, 'I: 攻擊 player 造成傷害 1</br>你已死亡，遊戲結束'),
(2370, 131, 'player: 攻擊 G 造成傷害 3'),
(2371, 131, 'G: 攻擊 player 造成傷害 3'),
(2372, 131, 'player: 攻擊 G 造成傷害 5'),
(2373, 131, 'G: 攻擊 player 造成傷害 1'),
(2374, 131, 'player: 攻擊 G 造成傷害 5'),
(2375, 131, 'G: 攻擊 player 造成傷害 1'),
(2376, 131, 'player: 攻擊 G 造成傷害 2'),
(2377, 131, 'G: 攻擊 player 造成傷害 2'),
(2378, 131, 'player: 攻擊 G 造成傷害 3'),
(2379, 131, 'G: 攻擊 player 造成傷害 1</br>你已死亡，遊戲結束'),
(2380, 132, 'player: 攻擊 E 造成傷害 3'),
(2381, 132, 'E: 攻擊 player 造成傷害 2'),
(2382, 132, 'player: 攻擊 E 造成傷害 3'),
(2383, 132, 'E: 攻擊 player 造成傷害 1'),
(2384, 132, 'player: 攻擊 E 造成傷害 2'),
(2385, 132, 'E: 攻擊 player 造成傷害 4'),
(2386, 132, 'player: 攻擊 E 造成傷害 2'),
(2387, 132, 'E: 攻擊 player 造成傷害 3'),
(2388, 132, 'player: 攻擊 E 造成傷害 5'),
(2389, 132, 'E: 攻擊 player 造成傷害 4'),
(2390, 132, 'player: 攻擊 E 造成傷害 2'),
(2391, 132, 'E: 攻擊 player 造成傷害 3'),
(2392, 132, 'player: 攻擊 E 造成傷害 1'),
(2393, 132, 'E: 攻擊 player 造成傷害 2'),
(2394, 132, 'player: 攻擊 E 造成傷害 1'),
(2395, 132, 'E: 攻擊 player 造成傷害 3</br>你已死亡，遊戲結束'),
(2396, 133, 'player: 攻擊 F 造成傷害 1'),
(2397, 133, 'F: 攻擊 player 造成傷害 2'),
(2398, 133, 'player: 攻擊 F 造成傷害 4'),
(2399, 133, 'F: 攻擊 player 造成傷害 1'),
(2400, 133, 'player: 攻擊 F 造成傷害 3'),
(2401, 133, 'F: 攻擊 player 造成傷害 1'),
(2402, 133, 'player: 攻擊 F 造成傷害 2'),
(2403, 133, 'F: 攻擊 player 造成傷害 2'),
(2404, 133, 'player: 攻擊 F 造成傷害 4'),
(2405, 133, 'F: 攻擊 player 造成傷害 2'),
(2406, 133, 'player: 攻擊 F 造成傷害 4'),
(2407, 133, 'F: 攻擊 player 造成傷害 2'),
(2408, 133, 'player: 攻擊 F 造成傷害 5'),
(2409, 133, 'F: 攻擊 player 造成傷害 2'),
(2410, 133, 'player: 攻擊 F 造成傷害 3'),
(2411, 133, 'F: 攻擊 player 造成傷害 3'),
(2412, 133, 'player: 攻擊 F 造成傷害 3'),
(2413, 133, 'F: 攻擊 player 造成傷害 2'),
(2414, 133, 'player: 攻擊 F 造成傷害 2'),
(2415, 133, 'F: 攻擊 player 造成傷害 2</br>你已死亡，遊戲結束'),
(2416, 134, 'player: 攻擊 C 造成傷害 5'),
(2417, 134, 'C: 攻擊 player 造成傷害 3'),
(2418, 134, 'player: 攻擊 C 造成傷害 2'),
(2419, 134, 'C: 攻擊 player 造成傷害 2'),
(2420, 134, 'player: 攻擊 C 造成傷害 1'),
(2421, 134, 'player: 攻擊 C 造成傷害 1'),
(2422, 134, 'C: 攻擊 player 造成傷害 1'),
(2423, 134, 'C: 攻擊 player 造成傷害 1'),
(2424, 134, 'player: 攻擊 C 造成傷害 1'),
(2425, 134, 'C: 攻擊 player 造成傷害 3'),
(2426, 134, 'player: 攻擊 C 造成傷害 3'),
(2427, 134, 'C: 攻擊 player 造成傷害 2'),
(2428, 134, 'player: 攻擊 C 造成傷害 5'),
(2429, 134, 'C: 攻擊 player 造成傷害 1'),
(2430, 134, 'player: 攻擊 C 造成傷害 5'),
(2431, 134, 'C: 攻擊 player 造成傷害 1'),
(2432, 134, 'player: 攻擊 C 造成傷害 3'),
(2433, 134, 'C已擊敗，玩家贏得勝利'),
(2434, 134, 'player: 攻擊 A 造成傷害 1'),
(2435, 134, 'A: 攻擊 player 造成傷害 1'),
(2436, 134, 'player: 攻擊 A 造成傷害 2'),
(2437, 134, 'A: 攻擊 player 造成傷害 1'),
(2438, 134, 'player: 攻擊 A 造成傷害 1'),
(2439, 134, 'A: 攻擊 player 造成傷害 1'),
(2440, 134, 'player: 攻擊 A 造成傷害 1'),
(2441, 134, 'A: 攻擊 player 造成傷害 1'),
(2442, 134, 'player: 攻擊 A 造成傷害 3'),
(2443, 134, 'A: 攻擊 player 造成傷害 1'),
(2444, 134, 'player: 攻擊 A 造成傷害 4'),
(2445, 134, 'A已擊敗，玩家贏得勝利'),
(2446, 134, 'player: 攻擊 I 造成傷害 5'),
(2447, 134, 'I: 攻擊 player 造成傷害 2'),
(2448, 134, 'player: 攻擊 I 造成傷害 1'),
(2449, 134, 'I: 攻擊 player 造成傷害 2'),
(2450, 134, 'player: 攻擊 I 造成傷害 1'),
(2451, 134, 'I: 攻擊 player 造成傷害 2'),
(2452, 134, 'player: 攻擊 I 造成傷害 4'),
(2453, 134, 'I: 攻擊 player 造成傷害 2'),
(2454, 134, 'player: 攻擊 I 造成傷害 1'),
(2455, 134, 'I: 攻擊 player 造成傷害 1'),
(2456, 134, 'player: 攻擊 I 造成傷害 3'),
(2457, 134, 'player: 攻擊 I 造成傷害 3'),
(2458, 134, 'I: 攻擊 player 造成傷害 1'),
(2459, 134, 'player: 攻擊 I 造成傷害 3'),
(2460, 134, 'I: 攻擊 player 造成傷害 2'),
(2461, 134, 'I: 攻擊 player 造成傷害 2'),
(2462, 134, 'player: 攻擊 I 造成傷害 1'),
(2463, 134, 'I: 攻擊 player 造成傷害 1'),
(2464, 134, 'player: 攻擊 I 造成傷害 3'),
(2465, 134, 'I: 攻擊 player 造成傷害 1'),
(2466, 134, 'player: 攻擊 I 造成傷害 1'),
(2467, 134, 'I: 攻擊 player 造成傷害 1'),
(2468, 134, 'player: 攻擊 I 造成傷害 3'),
(2469, 134, 'player: 攻擊 I 造成傷害 1'),
(2470, 134, 'I: 攻擊 player 造成傷害 1'),
(2471, 134, 'player: 攻擊 I 造成傷害 1'),
(2472, 134, 'I: 攻擊 player 造成傷害 1'),
(2473, 134, 'I: 攻擊 player 造成傷害 2'),
(2474, 134, 'player: 攻擊 I 造成傷害 1'),
(2475, 134, 'I: 攻擊 player 造成傷害 2'),
(2476, 134, 'player: 攻擊 I 造成傷害 2'),
(2477, 134, 'I: 攻擊 player 造成傷害 2'),
(2478, 134, 'player: 攻擊 I 造成傷害 1'),
(2479, 134, 'I: 攻擊 player 造成傷害 2</br>你已死亡，遊戲結束'),
(2480, 135, 'player: 攻擊 B 造成傷害 2'),
(2481, 135, 'B: 攻擊 player 造成傷害 1'),
(2482, 135, 'player: 攻擊 B 造成傷害 3'),
(2483, 135, 'B: 攻擊 player 造成傷害 1'),
(2484, 135, 'player: 攻擊 B 造成傷害 5'),
(2485, 135, 'B: 攻擊 player 造成傷害 1'),
(2486, 135, 'player: 攻擊 B 造成傷害 2'),
(2487, 135, 'B: 攻擊 player 造成傷害 1'),
(2488, 135, 'player: 攻擊 B 造成傷害 2'),
(2489, 135, 'B: 攻擊 player 造成傷害 1'),
(2490, 135, 'player: 攻擊 B 造成傷害 1'),
(2491, 135, 'B: 攻擊 player 造成傷害 1'),
(2492, 135, 'player: 攻擊 B 造成傷害 5'),
(2493, 135, 'B已擊敗，玩家贏得勝利'),
(2494, 135, 'player: 攻擊 H 造成傷害 4'),
(2495, 135, 'H: 攻擊 player 造成傷害 1'),
(2496, 135, 'player: 攻擊 H 造成傷害 1'),
(2497, 135, 'H: 攻擊 player 造成傷害 1'),
(2498, 135, 'player: 攻擊 H 造成傷害 5'),
(2499, 135, 'H: 攻擊 player 造成傷害 3'),
(2500, 135, 'player: 攻擊 H 造成傷害 4'),
(2501, 135, 'player: 攻擊 H 造成傷害 5'),
(2502, 135, 'H: 攻擊 player 造成傷害 3'),
(2503, 135, 'H: 攻擊 player 造成傷害 3'),
(2504, 135, 'player: 攻擊 H 造成傷害 4'),
(2505, 135, 'H: 攻擊 player 造成傷害 1'),
(2506, 135, 'player: 攻擊 H 造成傷害 1'),
(2507, 135, 'H: 攻擊 player 造成傷害 1'),
(2508, 135, 'player: 攻擊 H 造成傷害 4'),
(2509, 135, 'H: 攻擊 player 造成傷害 3'),
(2510, 135, 'player: 攻擊 H 造成傷害 2'),
(2511, 135, 'H: 攻擊 player 造成傷害 2'),
(2512, 135, 'player: 攻擊 H 造成傷害 1'),
(2513, 135, 'H: 攻擊 player 造成傷害 1'),
(2514, 135, 'player: 攻擊 H 造成傷害 4'),
(2515, 135, 'H: 攻擊 player 造成傷害 3</br>你已死亡，遊戲結束'),
(2516, 136, 'player: 攻擊 F 造成傷害 2'),
(2517, 136, 'F: 攻擊 player 造成傷害 1'),
(2518, 136, 'player: 攻擊 F 造成傷害 4'),
(2519, 136, 'F: 攻擊 player 造成傷害 3'),
(2520, 136, 'player: 攻擊 F 造成傷害 5'),
(2521, 136, 'F: 攻擊 player 造成傷害 1'),
(2522, 136, 'player: 攻擊 F 造成傷害 1'),
(2523, 136, 'F: 攻擊 player 造成傷害 3'),
(2524, 136, 'player: 攻擊 F 造成傷害 4'),
(2525, 136, 'F: 攻擊 player 造成傷害 2'),
(2526, 136, 'player: 攻擊 F 造成傷害 4'),
(2527, 136, 'F: 攻擊 player 造成傷害 2'),
(2528, 136, 'player: 攻擊 F 造成傷害 2'),
(2529, 136, 'F: 攻擊 player 造成傷害 1'),
(2530, 136, 'player: 攻擊 F 造成傷害 2'),
(2531, 136, 'F: 攻擊 player 造成傷害 1'),
(2532, 136, 'player: 攻擊 F 造成傷害 5'),
(2533, 136, 'F: 攻擊 player 造成傷害 3'),
(2534, 136, 'player: 攻擊 F 造成傷害 2'),
(2535, 136, 'F: 攻擊 player 造成傷害 2</br>你已死亡，遊戲結束'),
(2536, 137, 'player: 攻擊 C 造成傷害 5'),
(2537, 137, 'C: 攻擊 player 造成傷害 2'),
(2538, 137, 'player: 攻擊 C 造成傷害 5'),
(2539, 137, 'C: 攻擊 player 造成傷害 2'),
(2540, 137, 'player: 攻擊 C 造成傷害 1'),
(2541, 137, 'C: 攻擊 player 造成傷害 3'),
(2542, 137, 'player: 攻擊 C 造成傷害 2'),
(2543, 137, 'C: 攻擊 player 造成傷害 3'),
(2544, 137, 'player: 攻擊 C 造成傷害 1'),
(2545, 137, 'C: 攻擊 player 造成傷害 3'),
(2546, 137, 'player: 攻擊 C 造成傷害 1'),
(2547, 137, 'C: 攻擊 player 造成傷害 1'),
(2548, 137, 'player: 攻擊 C 造成傷害 1'),
(2549, 137, 'C: 攻擊 player 造成傷害 3'),
(2550, 137, 'player: 攻擊 C 造成傷害 1'),
(2551, 137, 'C: 攻擊 player 造成傷害 3'),
(2552, 137, 'player: 攻擊 C 造成傷害 5'),
(2553, 137, 'C: 攻擊 player 造成傷害 2'),
(2554, 137, 'player: 攻擊 C 造成傷害 2'),
(2555, 137, 'C: 攻擊 player 造成傷害 3</br>你已死亡，遊戲結束'),
(2556, 138, 'player: 攻擊 F 造成傷害 4'),
(2557, 138, 'F: 攻擊 player 造成傷害 1'),
(2558, 138, 'player: 攻擊 F 造成傷害 3'),
(2559, 138, 'F: 攻擊 player 造成傷害 2'),
(2560, 138, 'player: 攻擊 F 造成傷害 5'),
(2561, 138, 'F: 攻擊 player 造成傷害 1'),
(2562, 138, 'player: 攻擊 F 造成傷害 3'),
(2563, 138, 'F: 攻擊 player 造成傷害 3'),
(2564, 138, 'player: 攻擊 F 造成傷害 4'),
(2565, 138, 'F: 攻擊 player 造成傷害 2'),
(2566, 138, 'player: 攻擊 F 造成傷害 4'),
(2567, 138, 'F: 攻擊 player 造成傷害 1'),
(2568, 138, 'player: 攻擊 F 造成傷害 3'),
(2569, 138, 'F: 攻擊 player 造成傷害 1'),
(2570, 138, 'player: 攻擊 F 造成傷害 1'),
(2571, 138, 'F: 攻擊 player 造成傷害 1'),
(2572, 138, 'player: 攻擊 F 造成傷害 1'),
(2573, 138, 'F: 攻擊 player 造成傷害 3'),
(2574, 138, 'player: 攻擊 F 造成傷害 1'),
(2575, 138, 'F: 攻擊 player 造成傷害 2</br>你已死亡，遊戲結束'),
(2576, 139, 'player: 攻擊 D 造成傷害 4'),
(2577, 139, 'D: 攻擊 player 造成傷害 1'),
(2578, 139, 'player: 攻擊 D 造成傷害 2'),
(2579, 139, 'D: 攻擊 player 造成傷害 2'),
(2580, 139, 'player: 攻擊 D 造成傷害 5'),
(2581, 139, 'D: 攻擊 player 造成傷害 2'),
(2582, 139, 'player: 攻擊 D 造成傷害 5'),
(2583, 139, 'D: 攻擊 player 造成傷害 1'),
(2584, 139, 'player: 攻擊 D 造成傷害 1'),
(2585, 139, 'D: 攻擊 player 造成傷害 2'),
(2586, 139, 'player: 攻擊 D 造成傷害 3'),
(2587, 139, 'D: 攻擊 player 造成傷害 2'),
(2588, 139, 'player: 攻擊 D 造成傷害 1'),
(2589, 139, 'D: 攻擊 player 造成傷害 2'),
(2590, 139, 'player: 攻擊 D 造成傷害 2'),
(2591, 139, 'D: 攻擊 player 造成傷害 1'),
(2592, 139, 'player: 攻擊 D 造成傷害 1'),
(2593, 139, 'D: 攻擊 player 造成傷害 1'),
(2594, 139, 'player: 攻擊 D 造成傷害 4'),
(2595, 139, 'D: 攻擊 player 造成傷害 2'),
(2596, 139, 'player: 攻擊 D 造成傷害 5'),
(2597, 139, 'D已擊敗，玩家贏得勝利'),
(2598, 139, 'player: 攻擊 E 造成傷害 5'),
(2599, 139, 'E: 攻擊 player 造成傷害 3'),
(2600, 139, 'player: 攻擊 E 造成傷害 3'),
(2601, 139, 'E: 攻擊 player 造成傷害 2'),
(2602, 139, 'player: 攻擊 E 造成傷害 2'),
(2603, 139, 'E: 攻擊 player 造成傷害 2'),
(2604, 139, 'player: 攻擊 E 造成傷害 4'),
(2605, 139, 'E: 攻擊 player 造成傷害 3'),
(2606, 139, 'player: 攻擊 E 造成傷害 5'),
(2607, 139, 'E: 攻擊 player 造成傷害 3'),
(2608, 139, 'player: 攻擊 E 造成傷害 5'),
(2609, 139, 'E: 攻擊 player 造成傷害 1'),
(2610, 139, 'player: 攻擊 E 造成傷害 5'),
(2611, 139, 'E: 攻擊 player 造成傷害 2'),
(2612, 139, 'player: 攻擊 E 造成傷害 2'),
(2613, 139, 'E: 攻擊 player 造成傷害 3</br>你已死亡，遊戲結束'),
(2614, 140, 'player: 攻擊 C 造成傷害 4'),
(2615, 140, 'C: 攻擊 player 造成傷害 1'),
(2616, 140, 'player: 攻擊 C 造成傷害 1'),
(2617, 140, 'C: 攻擊 player 造成傷害 1'),
(2618, 140, 'player: 攻擊 C 造成傷害 3'),
(2619, 140, 'C: 攻擊 player 造成傷害 2'),
(2620, 140, 'player: 攻擊 C 造成傷害 2'),
(2621, 140, 'C: 攻擊 player 造成傷害 3'),
(2622, 140, 'player: 攻擊 C 造成傷害 3'),
(2623, 140, 'C: 攻擊 player 造成傷害 1'),
(2624, 140, 'player: 攻擊 C 造成傷害 4'),
(2625, 140, 'C: 攻擊 player 造成傷害 1'),
(2626, 140, 'player: 攻擊 C 造成傷害 5'),
(2627, 140, 'C: 攻擊 player 造成傷害 3'),
(2628, 140, 'player: 攻擊 C 造成傷害 2'),
(2629, 140, 'C: 攻擊 player 造成傷害 3'),
(2630, 140, 'player: 攻擊 C 造成傷害 4'),
(2631, 140, 'C已擊敗，玩家贏得勝利'),
(2632, 140, 'player: 攻擊 H 造成傷害 5'),
(2633, 140, 'H: 攻擊 player 造成傷害 3'),
(2634, 140, 'player: 攻擊 H 造成傷害 2'),
(2635, 140, 'H: 攻擊 player 造成傷害 2'),
(2636, 140, 'player: 攻擊 H 造成傷害 5'),
(2637, 140, 'H: 攻擊 player 造成傷害 3'),
(2638, 140, 'player: 攻擊 H 造成傷害 3'),
(2639, 140, 'H: 攻擊 player 造成傷害 1'),
(2640, 140, 'player: 攻擊 H 造成傷害 3'),
(2641, 140, 'H: 攻擊 player 造成傷害 3'),
(2642, 140, 'player: 攻擊 H 造成傷害 3'),
(2643, 140, 'H: 攻擊 player 造成傷害 3'),
(2644, 140, 'player: 攻擊 H 造成傷害 2'),
(2645, 140, 'H: 攻擊 player 造成傷害 2'),
(2646, 140, 'player: 攻擊 H 造成傷害 1'),
(2647, 140, 'H: 攻擊 player 造成傷害 2'),
(2648, 140, 'player: 攻擊 H 造成傷害 4'),
(2649, 140, 'H: 攻擊 player 造成傷害 2'),
(2650, 140, 'player: 攻擊 H 造成傷害 4'),
(2651, 140, 'H: 攻擊 player 造成傷害 1</br>你已死亡，遊戲結束'),
(2652, 141, 'player: 攻擊 F 造成傷害 3'),
(2653, 141, 'F: 攻擊 player 造成傷害 3'),
(2654, 141, 'player: 攻擊 F 造成傷害 5'),
(2655, 141, 'F: 攻擊 player 造成傷害 1'),
(2656, 141, 'player: 攻擊 F 造成傷害 2'),
(2657, 141, 'F: 攻擊 player 造成傷害 2'),
(2658, 141, 'player: 攻擊 F 造成傷害 4'),
(2659, 141, 'F: 攻擊 player 造成傷害 2'),
(2660, 141, 'player: 攻擊 F 造成傷害 2'),
(2661, 141, 'F: 攻擊 player 造成傷害 1'),
(2662, 141, 'player: 攻擊 F 造成傷害 3'),
(2663, 141, 'F: 攻擊 player 造成傷害 2'),
(2664, 141, 'player: 攻擊 F 造成傷害 3'),
(2665, 141, 'F: 攻擊 player 造成傷害 3'),
(2666, 141, 'player: 攻擊 F 造成傷害 5'),
(2667, 141, 'F: 攻擊 player 造成傷害 2'),
(2668, 141, 'player: 攻擊 F 造成傷害 4'),
(2669, 141, 'F: 攻擊 player 造成傷害 1'),
(2670, 141, 'player: 攻擊 F 造成傷害 5'),
(2671, 141, 'F: 攻擊 player 造成傷害 1</br>你已死亡，遊戲結束'),
(2672, 142, 'player: 攻擊 E 造成傷害 '),
(2673, 142, 'E已擊敗，玩家贏得勝利'),
(2674, 142, 'player: 攻擊 E 造成傷害 '),
(2675, 142, 'E已擊敗，玩家贏得勝利'),
(2676, 142, 'player: 攻擊 E 造成傷害 '),
(2677, 142, 'E已擊敗，玩家贏得勝利'),
(2678, 142, 'player: 攻擊 E 造成傷害 '),
(2679, 142, 'player: 攻擊 E 造成傷害 '),
(2680, 142, 'player: 攻擊 E 造成傷害 '),
(2681, 142, 'player: 攻擊 E 造成傷害 '),
(2682, 142, 'player: 攻擊 E 造成傷害 '),
(2683, 142, 'player: 攻擊 E 造成傷害 '),
(2684, 142, 'player: 攻擊 E 造成傷害 '),
(2685, 142, 'player: 攻擊 E 造成傷害 '),
(2686, 142, 'player: 攻擊 E 造成傷害 '),
(2687, 142, 'player: 攻擊 E 造成傷害 '),
(2688, 142, 'player: 攻擊 E 造成傷害 '),
(2689, 142, 'player: 攻擊 E 造成傷害 '),
(2690, 142, 'player: 攻擊 E 造成傷害 '),
(2691, 142, 'player: 攻擊 E 造成傷害 '),
(2692, 142, 'player: 攻擊 E 造成傷害 '),
(2693, 142, 'player: 攻擊 E 造成傷害 '),
(2694, 142, 'player: 攻擊 E 造成傷害 '),
(2695, 142, 'player: 攻擊 E 造成傷害 '),
(2696, 142, 'player: 攻擊 E 造成傷害 '),
(2697, 142, 'player: 攻擊 E 造成傷害 '),
(2698, 142, 'player: 攻擊 E 造成傷害 '),
(2699, 142, 'player: 攻擊 E 造成傷害 '),
(2700, 142, 'player: 攻擊 E 造成傷害 Array'),
(2701, 142, 'player: 攻擊 E 造成傷害 4'),
(2702, 142, 'E: 攻擊 player 造成傷害 3'),
(2703, 142, 'player: 攻擊 E 造成傷害 1'),
(2704, 142, 'E: 攻擊 player 造成傷害 2'),
(2705, 142, 'player: 攻擊 E 造成傷害 4'),
(2706, 142, 'E: 攻擊 player 造成傷害 1'),
(2707, 142, 'player: 攻擊 E 造成傷害 1'),
(2708, 142, 'E: 攻擊 player 造成傷害 1'),
(2709, 142, 'player: 攻擊 E 造成傷害 1'),
(2710, 142, 'E: 攻擊 player 造成傷害 3'),
(2711, 142, 'player: 攻擊 E 造成傷害 4'),
(2712, 142, 'E: 攻擊 player 造成傷害 1'),
(2713, 142, 'player: 攻擊 E 造成傷害 1'),
(2714, 142, 'E: 攻擊 player 造成傷害 1'),
(2715, 142, 'player: 攻擊 E 造成傷害 3'),
(2716, 142, 'E: 攻擊 player 造成傷害 2</br>你已死亡，遊戲結束'),
(2717, 143, 'player: 攻擊 I 造成傷害 4'),
(2718, 143, 'I: 攻擊 player 造成傷害 2'),
(2719, 143, 'player: 攻擊 I 造成傷害 2'),
(2720, 143, 'I: 攻擊 player 造成傷害 1'),
(2721, 143, 'player: 攻擊 I 造成傷害 5'),
(2722, 143, 'I: 攻擊 player 造成傷害 1'),
(2723, 143, 'player: 攻擊 I 造成傷害 3'),
(2724, 143, 'I: 攻擊 player 造成傷害 2'),
(2725, 143, 'player: 攻擊 I造成傷害 4'),
(2726, 143, 'I: 攻擊 player 造成傷害 1'),
(2727, 143, 'player: 攻擊 I造成傷害 3'),
(2728, 143, 'I: 攻擊 player 造成傷害 1'),
(2729, 143, 'player: 攻擊 I造成傷害 2'),
(2730, 143, 'I: 攻擊 player 造成傷害 2'),
(2731, 143, 'player: 攻擊 I 造成傷害 3'),
(2732, 143, 'I: 攻擊 player 造成傷害 1'),
(2733, 143, 'player: 攻擊 I 造成傷害 4'),
(2734, 143, 'I: 攻擊 player 造成傷害 1'),
(2735, 143, 'player: 攻擊 I 造成傷害 3'),
(2736, 143, 'I: 攻擊 player 造成傷害 1'),
(2737, 143, 'player: 攻擊 I 造成傷害 3'),
(2738, 143, 'I: 攻擊 player 造成傷害 1'),
(2739, 143, 'player: 攻擊 I 造成傷害 1'),
(2740, 143, 'I: 攻擊 player 造成傷害 1'),
(2741, 143, 'player: 攻擊 I 造成傷害 3'),
(2742, 143, 'I: 攻擊 player 造成傷害 1'),
(2743, 143, 'player: 攻擊 I 造成傷害 3'),
(2744, 143, 'I: 攻擊 player 造成傷害 1'),
(2745, 143, 'player: 攻擊 I 造成傷害 2'),
(2746, 143, 'I: 攻擊 player 造成傷害 2</br>你已死亡，遊戲結束'),
(2747, 144, 'player: 攻擊 D 造成傷害 1'),
(2748, 144, 'D: 攻擊 player 造成傷害 2'),
(2749, 144, 'player: 攻擊 D 造成傷害 5'),
(2750, 144, 'D: 攻擊 player 造成傷害 2'),
(2751, 144, 'player: 攻擊 D 造成傷害 1'),
(2752, 144, 'D: 攻擊 player 造成傷害 2'),
(2753, 144, 'player: 攻擊 D 造成傷害 2'),
(2754, 144, 'D: 攻擊 player 造成傷害 2'),
(2755, 144, 'player: 攻擊 D 造成傷害 4'),
(2756, 144, 'D: 攻擊 player 造成傷害 1'),
(2757, 144, 'player: 攻擊 D 造成傷害 3'),
(2758, 144, 'D: 攻擊 player 造成傷害 2'),
(2759, 144, 'player: 攻擊 D 造成傷害 1'),
(2760, 144, 'D: 攻擊 player 造成傷害 2'),
(2761, 144, 'player: 攻擊 D 造成傷害 3'),
(2762, 144, 'D: 攻擊 player 造成傷害 1'),
(2763, 144, ''),
(2764, 144, 'player: 攻擊 D 造成傷害 4'),
(2765, 144, 'D: 攻擊 player 造成傷害 2'),
(2766, 144, 'player: 攻擊 D 造成傷害 2'),
(2767, 144, 'D: 攻擊 player 造成傷害 1'),
(2768, 144, 'player: 攻擊 D 造成傷害 2'),
(2769, 144, 'D: 攻擊 player 造成傷害 2'),
(2770, 144, 'player: 攻擊 D 造成傷害 4'),
(2771, 144, 'D: 攻擊 player 造成傷害 1'),
(2772, 144, 'player: 攻擊 D 造成傷害 3'),
(2773, 144, 'D: 攻擊 player 造成傷害 1'),
(2774, 144, 'player: 攻擊 D 造成傷害 4'),
(2775, 144, 'D: 攻擊 player 造成傷害 1'),
(2776, 144, 'player: 攻擊 D 造成傷害 5'),
(2777, 144, 'D: 攻擊 player 造成傷害 2</br>你已死亡，遊戲結束'),
(2778, 145, 'player: 攻擊 G 造成傷害 5'),
(2779, 145, 'G: 攻擊 player 造成傷害 1'),
(2780, 145, 'player: 攻擊 G 造成傷害 3'),
(2781, 145, 'G: 攻擊 player 造成傷害 1'),
(2782, 145, 'player: 攻擊 G 造成傷害 4'),
(2783, 145, 'G: 攻擊 player 造成傷害 2'),
(2784, 145, 'player: 攻擊 G 造成傷害 1'),
(2785, 145, 'G: 攻擊 player 造成傷害 6'),
(2786, 145, 'player: 攻擊 G 造成傷害 5'),
(2787, 145, 'G: 攻擊 player 造成傷害 3</br>你已死亡，遊戲結束'),
(2788, 146, 'player: 攻擊 A 造成傷害 2'),
(2789, 146, 'A: 攻擊 player 造成傷害 1'),
(2790, 146, 'player: 攻擊 A 造成傷害 5'),
(2791, 146, 'A: 攻擊 player 造成傷害 1'),
(2792, 146, 'player: 攻擊 A 造成傷害 '),
(2793, 146, 'A已擊敗，玩家贏得勝利'),
(2794, 146, 'player: 攻擊 A 造成傷害 '),
(2795, 146, 'A已擊敗，玩家贏得勝利'),
(2796, 146, 'player: 攻擊 A 造成傷害 '),
(2797, 146, 'A已擊敗，玩家贏得勝利'),
(2798, 146, 'player: 攻擊 A 造成傷害 '),
(2799, 146, 'A已擊敗，玩家贏得勝利'),
(2800, 146, 'player: 攻擊 A 造成傷害 1'),
(2801, 146, 'A: 攻擊 player 造成傷害 1'),
(2802, 146, 'player: 攻擊 A 造成傷害 5'),
(2803, 146, 'A已擊敗，玩家贏得勝利'),
(2804, 146, 'player: 攻擊 F 造成傷害 2'),
(2805, 146, 'F: 攻擊 player 造成傷害 2'),
(2806, 146, 'player: 攻擊 F 造成傷害 1'),
(2807, 146, 'F: 攻擊 player 造成傷害 3'),
(2808, 146, 'player: 攻擊 F 造成傷害 2'),
(2809, 146, 'F: 攻擊 player 造成傷害 3'),
(2810, 146, 'player: 攻擊 F 造成傷害 2'),
(2811, 146, 'F: 攻擊 player 造成傷害 2'),
(2812, 146, 'player: 攻擊 F 造成傷害 4'),
(2813, 146, 'F: 攻擊 player 造成傷害 1'),
(2814, 146, 'player: 攻擊 F 造成傷害 1'),
(2815, 146, 'F: 攻擊 player 造成傷害 2'),
(2816, 146, 'player: 攻擊 F 造成傷害 4'),
(2817, 146, 'F: 攻擊 player 造成傷害 2'),
(2818, 146, 'player: 攻擊 F 造成傷害 5'),
(2819, 146, 'F: 攻擊 player 造成傷害 2'),
(2820, 146, 'player: 攻擊 F 造成傷害 1'),
(2821, 146, 'F: 攻擊 player 造成傷害 2'),
(2822, 146, 'player: 攻擊 F 造成傷害 2'),
(2823, 146, 'F: 攻擊 player 造成傷害 1</br>你已死亡，遊戲結束'),
(2824, 147, 'player: 攻擊 B 造成傷害 1'),
(2825, 147, 'B: 攻擊 player 造成傷害 1'),
(2826, 147, 'player: 攻擊 B 造成傷害 2'),
(2827, 147, 'B: 攻擊 player 造成傷害 1'),
(2828, 147, 'player: 攻擊 B 造成傷害 5'),
(2829, 147, 'B: 攻擊 player 造成傷害 1'),
(2830, 147, 'player: 攻擊 B 造成傷害 1'),
(2831, 147, 'B: 攻擊 player 造成傷害 1'),
(2832, 147, 'player: 攻擊 B 造成傷害 2'),
(2833, 147, 'B: 攻擊 player 造成傷害 1'),
(2834, 147, 'player: 攻擊 B 造成傷害 2'),
(2835, 147, 'B: 攻擊 player 造成傷害 1'),
(2836, 147, 'player: 攻擊 B 造成傷害 2'),
(2837, 147, 'B: 攻擊 player 造成傷害 1'),
(2838, 147, 'player: 攻擊 B 造成傷害 2'),
(2839, 147, 'B: 攻擊 player 造成傷害 1'),
(2840, 147, 'player: 攻擊 B 造成傷害 3'),
(2841, 147, 'B已擊敗，玩家贏得勝利'),
(2842, 147, 'player: 攻擊 G 造成傷害 2'),
(2843, 147, 'G: 攻擊 player 造成傷害 2'),
(2844, 147, 'player: 攻擊 G 造成傷害 2'),
(2845, 147, 'G: 攻擊 player 造成傷害 5'),
(2846, 147, 'player: 攻擊 G 造成傷害 1'),
(2847, 147, 'G: 攻擊 player 造成傷害 2'),
(2848, 147, 'player: 攻擊 G 造成傷害 1'),
(2849, 147, 'G: 攻擊 player 造成傷害 3'),
(2850, 147, 'player: 攻擊 G 造成傷害 5'),
(2851, 147, 'G: 攻擊 player 造成傷害 4</br>你已死亡，遊戲結束'),
(2852, 148, 'player: 攻擊 D 造成傷害 4'),
(2853, 148, 'D: 攻擊 player 造成傷害 2'),
(2854, 148, 'player: 攻擊 D 造成傷害 1'),
(2855, 148, 'D: 攻擊 player 造成傷害 1'),
(2856, 148, 'player: 攻擊 D 造成傷害 1'),
(2857, 148, 'D: 攻擊 player 造成傷害 2'),
(2858, 148, 'player: 攻擊 D 造成傷害 5'),
(2859, 148, 'D: 攻擊 player 造成傷害 1'),
(2860, 148, 'player: 攻擊 D 造成傷害 1'),
(2861, 148, 'D: 攻擊 player 造成傷害 2'),
(2862, 148, 'player: 攻擊 D 造成傷害 4'),
(2863, 148, 'D: 攻擊 player 造成傷害 2'),
(2864, 148, 'player: 攻擊 D 造成傷害 1'),
(2865, 148, 'D: 攻擊 player 造成傷害 1'),
(2866, 148, 'player: 攻擊 D 造成傷害 5'),
(2867, 148, 'D: 攻擊 player 造成傷害 2'),
(2868, 148, 'player: 攻擊 D 造成傷害 4'),
(2869, 148, 'D: 攻擊 player 造成傷害 2'),
(2870, 148, 'player: 攻擊 D 造成傷害 1'),
(2871, 148, 'D: 攻擊 player 造成傷害 1'),
(2872, 148, 'player: 攻擊 D 造成傷害 2'),
(2873, 148, 'D: 攻擊 player 造成傷害 2'),
(2874, 148, 'player: 攻擊 D 造成傷害 3'),
(2875, 148, 'D已擊敗，玩家贏得勝利'),
(2876, 148, 'player: 攻擊 H 造成傷害 2'),
(2877, 148, 'H: 攻擊 player 造成傷害 2'),
(2878, 148, 'player: 攻擊 H 造成傷害 2'),
(2879, 148, 'H: 攻擊 player 造成傷害 2'),
(2880, 148, 'player: 攻擊 H 造成傷害 4'),
(2881, 148, 'H: 攻擊 player 造成傷害 2'),
(2882, 148, 'player: 攻擊 H 造成傷害 5'),
(2883, 148, 'H: 攻擊 player 造成傷害 1'),
(2884, 148, 'player: 攻擊 H 造成傷害 3'),
(2885, 148, 'H: 攻擊 player 造成傷害 1'),
(2886, 148, 'player: 攻擊 H 造成傷害 3'),
(2887, 148, 'H: 攻擊 player 造成傷害 1'),
(2888, 148, 'player: 攻擊 H 造成傷害 1'),
(2889, 148, 'H: 攻擊 player 造成傷害 2'),
(2890, 148, 'player: 攻擊 H 造成傷害 4'),
(2891, 148, 'H: 攻擊 player 造成傷害 3'),
(2892, 148, 'player: 攻擊 H 造成傷害 5'),
(2893, 148, 'H: 攻擊 player 造成傷害 3'),
(2894, 148, 'player: 攻擊 H 造成傷害 4'),
(2895, 148, 'H: 攻擊 player 造成傷害 2'),
(2896, 148, 'player: 攻擊 H 造成傷害 4'),
(2897, 148, 'H: 攻擊 player 造成傷害 3'),
(2898, 148, 'player: 攻擊 H 造成傷害 1'),
(2899, 148, 'H: 攻擊 player 造成傷害 2'),
(2900, 148, 'player: 攻擊 H 造成傷害 1'),
(2901, 148, 'H: 攻擊 player 造成傷害 3'),
(2902, 148, 'player: 攻擊 H 造成傷害 3'),
(2903, 148, 'H: 攻擊 player 造成傷害 1'),
(2904, 148, 'player: 攻擊 H 造成傷害 4'),
(2905, 148, 'H: 攻擊 player 造成傷害 2'),
(2906, 148, 'player: 攻擊 H 造成傷害 5'),
(2907, 148, 'H已擊敗，玩家贏得勝利'),
(2908, 148, 'player: 攻擊 I 造成傷害 4'),
(2909, 148, 'I已擊敗，玩家贏得勝利'),
(2910, 148, 'player: 攻擊 J 造成傷害 3'),
(2911, 148, 'J已擊敗，玩家贏得勝利'),
(2912, 148, 'player: 攻擊 I 造成傷害 1'),
(2913, 148, 'I已擊敗，玩家贏得勝利'),
(2914, 148, 'player: 攻擊 J 造成傷害 5'),
(2915, 148, 'J已擊敗，玩家贏得勝利'),
(2916, 148, 'player: 攻擊 J 造成傷害 1'),
(2917, 148, 'J已擊敗，玩家贏得勝利'),
(2918, 148, 'player: 攻擊 J 造成傷害 2'),
(2919, 148, 'J已擊敗，玩家贏得勝利'),
(2920, 148, 'player: 攻擊 B 造成傷害 5'),
(2921, 148, 'B已擊敗，玩家贏得勝利'),
(2922, 148, 'player: 攻擊 F 造成傷害 4'),
(2923, 148, 'F已擊敗，玩家贏得勝利'),
(2924, 148, 'player: 攻擊 I 造成傷害 1'),
(2925, 148, 'I已擊敗，玩家贏得勝利'),
(2926, 152, 'player: 攻擊 I 造成傷害 1'),
(2927, 152, 'player: 攻擊 I 造成傷害 1'),
(2928, 152, 'player: 攻擊 I 造成傷害 4'),
(2929, 152, 'player: 攻擊 I 造成傷害 1'),
(2930, 152, 'player: 攻擊 I 造成傷害 2'),
(2931, 152, 'player: 攻擊 I 造成傷害 2'),
(2932, 152, 'player: 攻擊 I 造成傷害 2'),
(2933, 152, 'player: 攻擊 I 造成傷害 2'),
(2934, 152, 'player: 攻擊 I 造成傷害 5'),
(2935, 152, 'player: 攻擊 I 造成傷害 5'),
(2936, 152, 'player: 攻擊 I 造成傷害 2'),
(2937, 152, 'player: 攻擊 I 造成傷害 3'),
(2938, 152, 'player: 攻擊 I 造成傷害 2'),
(2939, 152, 'player: 攻擊 I 造成傷害 1'),
(2940, 152, 'player: 攻擊 I 造成傷害 3'),
(2941, 152, 'player: 攻擊 I 造成傷害 4'),
(2942, 152, 'I已擊敗，玩家贏得勝利'),
(2943, 153, 'player: 攻擊 F 造成傷害 2'),
(2944, 153, 'player: 攻擊 F 造成傷害 4'),
(2945, 153, 'player: 攻擊 F 造成傷害 3'),
(2946, 154, 'player: 攻擊 D 造成傷害 2'),
(2947, 154, 'player: 攻擊 D 造成傷害 1'),
(2948, 155, 'player: 攻擊 E 造成傷害 5'),
(2949, 156, 'player: 攻擊 H 造成傷害 5'),
(2950, 157, 'player: 攻擊 F 造成傷害 3'),
(2951, 157, 'player: 攻擊 F 造成傷害 2'),
(2952, 157, 'F: 攻擊 player 造成傷害 2'),
(2953, 0, 'player: 攻擊 F 造成傷害 2'),
(2954, 0, 'F: 攻擊 player 造成傷害 2'),
(2955, 158, 'player: 攻擊 F 造成傷害 1'),
(2956, 158, 'F: 攻擊 player 造成傷害 3'),
(2957, 0, 'player: 攻擊 F 造成傷害 1'),
(2958, 0, 'F: 攻擊 player 造成傷害 2'),
(2959, 0, 'player: 攻擊 F 造成傷害 5'),
(2960, 0, 'F: 攻擊 player 造成傷害 3'),
(2961, 0, 'player: 攻擊 F 造成傷害 3'),
(2962, 0, 'F: 攻擊 player 造成傷害 3'),
(2963, 0, 'player: 攻擊 F 造成傷害 4'),
(2964, 0, 'F: 攻擊 player 造成傷害 3'),
(2965, 0, 'player: 攻擊 F 造成傷害 4'),
(2966, 0, 'F: 攻擊 player 造成傷害 1'),
(2967, 0, 'player: 攻擊 F 造成傷害 5'),
(2968, 0, 'F: 攻擊 player 造成傷害 3'),
(2969, 0, 'player: 攻擊 F 造成傷害 3'),
(2970, 0, 'F: 攻擊 player 造成傷害 1'),
(2971, 159, 'player: 攻擊 G 造成傷害 5'),
(2972, 159, 'G: 攻擊 player 造成傷害 3'),
(2973, 159, 'player: 攻擊 G 造成傷害 4'),
(2974, 159, 'G: 攻擊 player 造成傷害 5'),
(2975, 159, 'player: 攻擊 G 造成傷害 5'),
(2976, 159, 'G: 攻擊 player 造成傷害 4'),
(2977, 159, 'player: 攻擊 G 造成傷害 3'),
(2978, 159, 'G: 攻擊 player 造成傷害 1'),
(2979, 159, 'player: 攻擊 G 造成傷害 4'),
(2980, 159, 'G: 攻擊 player 造成傷害 4'),
(2981, 159, 'player: 攻擊 G 造成傷害 3'),
(2982, 159, 'G: 攻擊 player 造成傷害 5'),
(2983, 159, 'player: 攻擊 G 造成傷害 2'),
(2984, 159, 'G: 攻擊 player 造成傷害 4'),
(2985, 159, 'player: 攻擊 G 造成傷害 4'),
(2986, 159, 'G: 攻擊 player 造成傷害 4'),
(2987, 159, 'player: 攻擊 G 造成傷害 5'),
(2988, 159, 'G: 攻擊 player 造成傷害 5'),
(2989, 159, 'player: 攻擊 G 造成傷害 1'),
(2990, 159, 'G: 攻擊 player 造成傷害 4'),
(2991, 0, 'player: 攻擊 G 造成傷害 5'),
(2992, 0, 'G: 攻擊 player 造成傷害 1'),
(2993, 0, 'player: 攻擊 G 造成傷害 1'),
(2994, 0, 'G: 攻擊 player 造成傷害 5'),
(2995, 0, 'player: 攻擊 G 造成傷害 4'),
(2996, 0, 'G已擊敗，玩家贏得勝利'),
(2997, 160, 'player: 攻擊 B 造成傷害 4'),
(2998, 160, 'B: 攻擊 player 造成傷害 1'),
(2999, 0, 'player: 攻擊 B 造成傷害 3'),
(3000, 0, 'B: 攻擊 player 造成傷害 1'),
(3001, 0, 'player: 攻擊 B 造成傷害 4'),
(3002, 0, 'B: 攻擊 player 造成傷害 1'),
(3003, 161, 'player: 攻擊 B 造成傷害 2'),
(3004, 161, 'B: 攻擊 player 造成傷害 1'),
(3005, 0, 'player: 攻擊 B 造成傷害 4'),
(3006, 0, 'B: 攻擊 player 造成傷害 1'),
(3007, 162, 'player: 攻擊 D 造成傷害 3'),
(3008, 162, 'D: 攻擊 player 造成傷害 2'),
(3009, 0, 'player: 攻擊 D 造成傷害 2'),
(3010, 0, 'D: 攻擊 player 造成傷害 2'),
(3011, 0, 'player: 攻擊 D 造成傷害 2'),
(3012, 0, 'D: 攻擊 player 造成傷害 2'),
(3013, 0, 'player: 攻擊 D 造成傷害 3'),
(3014, 0, 'D: 攻擊 player 造成傷害 2'),
(3015, 0, 'player: 攻擊 D 造成傷害 2'),
(3016, 0, 'D: 攻擊 player 造成傷害 1'),
(3017, 0, 'player: 攻擊 D 造成傷害 3'),
(3018, 0, 'D: 攻擊 player 造成傷害 1'),
(3019, 0, 'player: 攻擊 D 造成傷害 3'),
(3020, 0, 'D: 攻擊 player 造成傷害 1'),
(3021, 0, 'player: 攻擊 D 造成傷害 1'),
(3022, 0, 'D: 攻擊 player 造成傷害 1'),
(3023, 0, 'player: 攻擊 D 造成傷害 4'),
(3024, 0, 'D: 攻擊 player 造成傷害 1'),
(3025, 0, 'player: 攻擊 D 造成傷害 3'),
(3026, 0, 'D: 攻擊 player 造成傷害 1'),
(3027, 0, 'player: 攻擊 D 造成傷害 1'),
(3028, 0, 'D: 攻擊 player 造成傷害 1'),
(3029, 0, 'player: 攻擊 D 造成傷害 5'),
(3030, 0, 'D已擊敗，玩家贏得勝利'),
(3031, 163, 'player: 攻擊 D 造成傷害 5'),
(3032, 163, 'D: 攻擊 player 造成傷害 2'),
(3033, 164, 'player: 攻擊 I 造成傷害 5'),
(3034, 164, 'I: 攻擊 player 造成傷害 2'),
(3035, 0, 'player: 攻擊 I 造成傷害 2'),
(3036, 0, 'I: 攻擊 player 造成傷害 2'),
(3037, 0, 'player: 攻擊 I 造成傷害 4'),
(3038, 0, 'I: 攻擊 player 造成傷害 2'),
(3039, 165, 'player: 攻擊 I 造成傷害 5'),
(3040, 165, 'I: 攻擊 player 造成傷害 1'),
(3041, 0, 'player: 攻擊 I 造成傷害 2'),
(3042, 0, 'I: 攻擊 player 造成傷害 1'),
(3043, 0, 'player: 攻擊 I 造成傷害 4'),
(3044, 0, 'I: 攻擊 player 造成傷害 1'),
(3045, 0, 'player: 攻擊 I 造成傷害 3'),
(3046, 0, 'I: 攻擊 player 造成傷害 1'),
(3047, 0, 'player: 攻擊 I 造成傷害 4'),
(3048, 0, 'I: 攻擊 player 造成傷害 1'),
(3049, 0, 'player: 攻擊 I 造成傷害 5');
INSERT INTO `msg_tab` (`msg_id`, `msg_sg_id`, `msg_content`) VALUES
(3050, 0, 'I: 攻擊 player 造成傷害 1'),
(3051, 0, 'player: 攻擊 I 造成傷害 5'),
(3052, 0, 'I: 攻擊 player 造成傷害 2'),
(3053, 0, 'player: 攻擊 I 造成傷害 3'),
(3054, 0, 'I: 攻擊 player 造成傷害 1'),
(3055, 0, 'player: 攻擊 I 造成傷害 2'),
(3056, 0, 'I: 攻擊 player 造成傷害 2'),
(3057, 0, 'player: 攻擊 I 造成傷害 3'),
(3058, 0, 'I: 攻擊 player 造成傷害 1'),
(3059, 0, 'player: 攻擊 I 造成傷害 4'),
(3060, 0, 'I: 攻擊 player 造成傷害 2'),
(3061, 0, 'player: 攻擊 I 造成傷害 4'),
(3062, 0, 'I: 攻擊 player 造成傷害 2'),
(3063, 0, 'player: 攻擊 I 造成傷害 2'),
(3064, 0, 'I: 攻擊 player 造成傷害 1'),
(3065, 0, 'player: 攻擊 I 造成傷害 3'),
(3066, 0, 'I: 攻擊 player 造成傷害 2'),
(3067, 0, 'player: 攻擊 I 造成傷害 1'),
(3068, 0, 'I: 攻擊 player 造成傷害 2'),
(3069, 0, 'player: 攻擊 I 造成傷害 4'),
(3070, 0, 'I: 攻擊 player 造成傷害 1'),
(3071, 0, 'player: 攻擊 I 造成傷害 2'),
(3072, 0, 'I已擊敗，玩家贏得勝利'),
(3073, 166, 'player: 攻擊 J 造成傷害 4'),
(3074, 166, 'J: 攻擊 player 造成傷害 10'),
(3075, 0, 'player: 攻擊 J 造成傷害 3'),
(3076, 0, 'J: 攻擊 player 造成傷害 1'),
(3077, 0, 'player: 攻擊 J 造成傷害 1'),
(3078, 0, 'J: 攻擊 player 造成傷害 4'),
(3079, 0, 'player: 攻擊 J 造成傷害 4'),
(3080, 0, 'J: 攻擊 player 造成傷害 1'),
(3081, 0, 'player: 攻擊 J 造成傷害 1'),
(3082, 0, 'J: 攻擊 player 造成傷害 13'),
(3083, 0, 'player: 攻擊 J 造成傷害 4'),
(3084, 0, 'J: 攻擊 player 造成傷害 </br>你已死亡，遊戲結束'),
(3085, 0, 'player: 攻擊 J 造成傷害 3'),
(3086, 0, 'J: 攻擊 player 造成傷害 </br>你已死亡，遊戲結束'),
(3087, 0, 'player: 攻擊 J 造成傷害 4'),
(3088, 0, 'J: 攻擊 player 造成傷害 </br>你已死亡，遊戲結束'),
(3089, 0, 'player: 攻擊 J 造成傷害 4'),
(3090, 0, 'J: 攻擊 player 造成傷害 </br>你已死亡，遊戲結束'),
(3091, 0, 'player: 攻擊 J 造成傷害 1'),
(3092, 0, 'J: 攻擊 player 造成傷害 </br>你已死亡，遊戲結束'),
(3093, 0, 'player: 攻擊 J 造成傷害 5'),
(3094, 0, 'J: 攻擊 player 造成傷害 </br>你已死亡，遊戲結束'),
(3095, 0, 'player: 攻擊 J 造成傷害 1'),
(3096, 0, 'J: 攻擊 player 造成傷害 </br>你已死亡，遊戲結束'),
(3097, 0, 'player: 攻擊 J 造成傷害 3'),
(3098, 0, 'J: 攻擊 player 造成傷害 </br>你已死亡，遊戲結束'),
(3099, 0, 'player: 攻擊 J 造成傷害 4'),
(3100, 0, 'J: 攻擊 player 造成傷害 </br>你已死亡，遊戲結束'),
(3101, 167, 'player: 攻擊 F 造成傷害 5'),
(3102, 167, 'F: 攻擊 player 造成傷害 2'),
(3103, 0, 'player: 攻擊 F 造成傷害 1'),
(3104, 0, 'F: 攻擊 player 造成傷害 3'),
(3105, 0, 'player: 攻擊 F 造成傷害 3'),
(3106, 0, 'F: 攻擊 player 造成傷害 2'),
(3107, 0, 'player: 攻擊 F 造成傷害 1'),
(3108, 0, 'F: 攻擊 player 造成傷害 2'),
(3109, 0, 'player: 攻擊 F 造成傷害 4'),
(3110, 0, 'F: 攻擊 player 造成傷害 3'),
(3111, 0, 'player: 攻擊 F 造成傷害 5'),
(3112, 0, 'F: 攻擊 player 造成傷害 1'),
(3113, 0, 'player: 攻擊 F 造成傷害 3'),
(3114, 0, 'F: 攻擊 player 造成傷害 3'),
(3115, 0, 'player: 攻擊 F 造成傷害 5'),
(3116, 0, 'F: 攻擊 player 造成傷害 1'),
(3117, 0, 'player: 攻擊 F 造成傷害 2'),
(3118, 0, 'F: 攻擊 player 造成傷害 1'),
(3119, 0, 'player: 攻擊 F 造成傷害 1'),
(3120, 0, 'F: 攻擊 player 造成傷害 2'),
(3121, 0, 'player: 攻擊 F 造成傷害 1'),
(3122, 0, 'F: 攻擊 player 造成傷害 1'),
(3123, 0, 'player: 攻擊 F 造成傷害 3'),
(3124, 0, 'F: 攻擊 player 造成傷害 2'),
(3125, 0, 'player: 攻擊 F 造成傷害 2'),
(3126, 0, 'F: 攻擊 player 造成傷害 1'),
(3127, 0, 'player: 攻擊 F 造成傷害 2'),
(3128, 0, 'F: 攻擊 player 造成傷害 3'),
(3129, 0, 'player: 攻擊 F 造成傷害 2'),
(3130, 0, 'F已擊敗，玩家贏得勝利'),
(3131, 0, 'player: 攻擊 B 造成傷害 2'),
(3132, 0, 'B已擊敗，玩家贏得勝利'),
(3133, 168, 'player: 攻擊 A 造成傷害 5'),
(3134, 168, 'A: 攻擊 player 造成傷害 1'),
(3135, 0, 'player: 攻擊 A 造成傷害 3'),
(3136, 0, 'A: 攻擊 player 造成傷害 1'),
(3137, 0, 'player: 攻擊 A 造成傷害 2'),
(3138, 0, 'A已擊敗，玩家贏得勝利'),
(3139, 169, 'player: 攻擊 G 造成傷害 1'),
(3140, 169, 'G: 攻擊 player 造成傷害 3'),
(3141, 0, 'player: 攻擊 G 造成傷害 1'),
(3142, 0, 'G: 攻擊 player 造成傷害 3'),
(3143, 0, 'player: 攻擊 G 造成傷害 1'),
(3144, 0, 'G: 攻擊 player 造成傷害 6'),
(3145, 0, 'player: 攻擊 G 造成傷害 3'),
(3146, 0, 'G: 攻擊 player 造成傷害 5'),
(3147, 0, 'player: 攻擊 G 造成傷害 1'),
(3148, 0, 'G: 攻擊 player 造成傷害 6'),
(3149, 0, 'player: 攻擊 G 造成傷害 4'),
(3150, 0, 'G: 攻擊 player 造成傷害 1'),
(3151, 0, 'player: 攻擊 G 造成傷害 2'),
(3152, 0, 'G: 攻擊 player 造成傷害 5'),
(3153, 0, 'player: 攻擊 G 造成傷害 4'),
(3154, 0, 'G: 攻擊 player 造成傷害 </br>你已死亡，遊戲結束'),
(3155, 0, 'player: 攻擊 G 造成傷害 5'),
(3156, 0, 'G: 攻擊 player 造成傷害 </br>你已死亡，遊戲結束'),
(3157, 0, 'player: 攻擊 G 造成傷害 4'),
(3158, 0, 'G: 攻擊 player 造成傷害 </br>你已死亡，遊戲結束'),
(3159, 0, 'player: 攻擊 G 造成傷害 4'),
(3160, 0, 'G: 攻擊 player 造成傷害 </br>你已死亡，遊戲結束'),
(3161, 0, 'player: 攻擊 G 造成傷害 5'),
(3162, 0, 'G: 攻擊 player 造成傷害 </br>你已死亡，遊戲結束'),
(3163, 0, 'player: 攻擊 G 造成傷害 5'),
(3164, 0, 'G: 攻擊 player 造成傷害 </br>你已死亡，遊戲結束'),
(3165, 170, 'player: 攻擊 H 造成傷害 2'),
(3166, 170, 'H: 攻擊 player 造成傷害 1'),
(3167, 0, 'player: 攻擊 H 造成傷害 4'),
(3168, 0, 'H: 攻擊 player 造成傷害 2'),
(3169, 0, 'player: 攻擊 H 造成傷害 5'),
(3170, 0, 'H: 攻擊 player 造成傷害 1'),
(3171, 0, 'player: 攻擊 H 造成傷害 5'),
(3172, 0, 'H: 攻擊 player 造成傷害 3'),
(3173, 0, 'player: 攻擊 H 造成傷害 4'),
(3174, 0, 'H: 攻擊 player 造成傷害 3'),
(3175, 0, 'player: 攻擊 H 造成傷害 3'),
(3176, 0, 'H: 攻擊 player 造成傷害 3'),
(3177, 0, 'player: 攻擊 H 造成傷害 5'),
(3178, 0, 'H: 攻擊 player 造成傷害 3'),
(3179, 0, 'player: 攻擊 H 造成傷害 4'),
(3180, 0, 'H: 攻擊 player 造成傷害 2'),
(3181, 0, 'player: 攻擊 H 造成傷害 1'),
(3182, 0, 'H: 攻擊 player 造成傷害 1'),
(3183, 0, 'player: 攻擊 H 造成傷害 4'),
(3184, 0, 'H: 攻擊 player 造成傷害 1'),
(3185, 0, 'player: 攻擊 H 造成傷害 5'),
(3186, 0, 'H: 攻擊 player 造成傷害 3'),
(3187, 0, 'player: 攻擊 H 造成傷害 2'),
(3188, 0, 'H: 攻擊 player 造成傷害 1'),
(3189, 0, 'player: 攻擊 H 造成傷害 3'),
(3190, 0, 'H: 攻擊 player 造成傷害 2'),
(3191, 0, 'player: 攻擊 H 造成傷害 2'),
(3192, 0, 'H: 攻擊 player 造成傷害 1'),
(3193, 0, 'player: 攻擊 H 造成傷害 5'),
(3194, 0, 'H已擊敗，玩家贏得勝利'),
(3195, 171, 'player: 攻擊 F 造成傷害 2'),
(3196, 171, 'F: 攻擊 player 造成傷害 1'),
(3197, 0, 'player: 攻擊 F 造成傷害 5'),
(3198, 0, 'F: 攻擊 player 造成傷害 2'),
(3199, 0, 'player: 攻擊 F 造成傷害 2'),
(3200, 0, 'F: 攻擊 player 造成傷害 1'),
(3201, 0, 'player: 攻擊 F 造成傷害 1'),
(3202, 0, 'F: 攻擊 player 造成傷害 1'),
(3203, 0, 'player: 攻擊 F 造成傷害 3'),
(3204, 0, 'F: 攻擊 player 造成傷害 2'),
(3205, 0, 'player: 攻擊 F 造成傷害 1'),
(3206, 0, 'F: 攻擊 player 造成傷害 2'),
(3207, 0, 'player: 攻擊 F 造成傷害 2'),
(3208, 0, 'F: 攻擊 player 造成傷害 3'),
(3209, 0, 'player: 攻擊 F 造成傷害 4'),
(3210, 0, 'F: 攻擊 player 造成傷害 1'),
(3211, 0, 'player: 攻擊 F 造成傷害 3'),
(3212, 0, 'F: 攻擊 player 造成傷害 3'),
(3213, 0, 'player: 攻擊 F 造成傷害 3'),
(3214, 0, 'F: 攻擊 player 造成傷害 2'),
(3215, 0, 'player: 攻擊 F 造成傷害 4'),
(3216, 0, 'F: 攻擊 player 造成傷害 2'),
(3217, 0, 'player: 攻擊 F 造成傷害 5'),
(3218, 0, 'F: 攻擊 player 造成傷害 2'),
(3219, 0, 'player: 攻擊 F 造成傷害 3'),
(3220, 0, 'F: 攻擊 player 造成傷害 1'),
(3221, 0, 'player: 攻擊 F 造成傷害 5'),
(3222, 0, 'F已擊敗，玩家贏得勝利'),
(3223, 172, 'player: 攻擊 J 造成傷害 3'),
(3224, 172, 'J: 攻擊 player 造成傷害 6'),
(3225, 0, 'player: 攻擊 J 造成傷害 5'),
(3226, 0, 'J: 攻擊 player 造成傷害 7'),
(3227, 0, 'player: 攻擊 J 造成傷害 2'),
(3228, 0, 'J: 攻擊 player 造成傷害 5'),
(3229, 0, 'player: 攻擊 J 造成傷害 5'),
(3230, 0, 'J: 攻擊 player 造成傷害 4'),
(3231, 0, 'player: 攻擊 J 造成傷害 4'),
(3232, 0, 'J: 攻擊 player 造成傷害 </br>你已死亡，遊戲結束'),
(3233, 0, 'player: 攻擊 J 造成傷害 4'),
(3234, 0, 'J: 攻擊 player 造成傷害 1'),
(3235, 0, 'player: 攻擊 J 造成傷害 2'),
(3236, 0, 'J: 攻擊 player 造成傷害 3'),
(3237, 0, 'player: 攻擊 J 造成傷害 4'),
(3238, 0, 'J: 攻擊 player 造成傷害 </br>你已死亡，遊戲結束'),
(3239, 0, 'player: 攻擊 J 造成傷害 3'),
(3240, 0, 'J: 攻擊 player 造成傷害 </br>你已死亡，遊戲結束'),
(3241, 0, 'player: 攻擊 J 造成傷害 5'),
(3242, 0, 'J: 攻擊 player 造成傷害 </br>你已死亡，遊戲結束'),
(3243, 0, 'player: 攻擊 J 造成傷害 4'),
(3244, 0, 'J: 攻擊 player 造成傷害 9'),
(3245, 173, 'player: 攻擊 D 造成傷害 3'),
(3246, 173, 'D: 攻擊 player 造成傷害 2'),
(3247, 0, 'player: 攻擊 D 造成傷害 4'),
(3248, 0, 'D: 攻擊 player 造成傷害 1'),
(3249, 0, 'player: 攻擊 D 造成傷害 1'),
(3250, 0, 'D: 攻擊 player 造成傷害 1'),
(3251, 0, 'player: 攻擊 D 造成傷害 4'),
(3252, 0, 'D: 攻擊 player 造成傷害 2'),
(3253, 0, 'player: 攻擊 D 造成傷害 4'),
(3254, 0, 'D: 攻擊 player 造成傷害 2'),
(3255, 174, 'player: 攻擊 J 造成傷害 2'),
(3256, 174, 'J: 攻擊 player 造成傷害 11'),
(3257, 0, 'player: 攻擊 J 造成傷害 4'),
(3258, 0, 'J: 攻擊 player 造成傷害 8'),
(3259, 0, 'player: 攻擊 J 造成傷害 2'),
(3260, 0, 'J: 攻擊 player 造成傷害 7'),
(3261, 0, 'player: 攻擊 J 造成傷害 2'),
(3262, 0, 'J: 攻擊 player 造成傷害 8'),
(3263, 176, 'player: 攻擊 H 造成傷害 5'),
(3264, 176, 'H: 攻擊 player 造成傷害 2'),
(3265, 0, 'player: 攻擊 H 造成傷害 2'),
(3266, 0, 'H: 攻擊 player 造成傷害 3'),
(3267, 0, 'player: 攻擊 H 造成傷害 5'),
(3268, 0, 'H: 攻擊 player 造成傷害 2'),
(3269, 0, 'player: 攻擊 H 造成傷害 5'),
(3270, 0, 'H: 攻擊 player 造成傷害 1'),
(3271, 0, 'player: 攻擊 H 造成傷害 2'),
(3272, 0, 'H: 攻擊 player 造成傷害 1'),
(3273, 0, 'player: 攻擊 H 造成傷害 5'),
(3274, 0, 'H: 攻擊 player 造成傷害 1'),
(3275, 0, 'player: 攻擊 H 造成傷害 5'),
(3276, 0, 'H: 攻擊 player 造成傷害 3'),
(3277, 0, 'player: 攻擊 H 造成傷害 3'),
(3278, 0, 'H: 攻擊 player 造成傷害 1'),
(3279, 0, 'player: 攻擊 H 造成傷害 1'),
(3280, 0, 'H: 攻擊 player 造成傷害 2'),
(3281, 0, 'player: 攻擊 H 造成傷害 1'),
(3282, 0, 'H: 攻擊 player 造成傷害 1'),
(3283, 0, 'player: 攻擊 H 造成傷害 3'),
(3284, 0, 'H: 攻擊 player 造成傷害 3'),
(3285, 0, 'player: 攻擊 H 造成傷害 4'),
(3286, 0, 'H: 攻擊 player 造成傷害 3'),
(3287, 0, 'player: 攻擊 H 造成傷害 1'),
(3288, 0, 'H: 攻擊 player 造成傷害 3'),
(3289, 0, 'player: 攻擊 H 造成傷害 5'),
(3290, 0, 'H: 攻擊 player 造成傷害 1'),
(3291, 0, 'player: 攻擊 H 造成傷害 5'),
(3292, 0, 'H已擊敗，玩家贏得勝利'),
(3293, 179, 'player: 攻擊 G 造成傷害 4'),
(3294, 179, 'G: 攻擊 player 造成傷害 3'),
(3295, 0, 'player: 攻擊 G 造成傷害 5'),
(3296, 0, 'G: 攻擊 player 造成傷害 6'),
(3297, 0, 'player: 攻擊 G 造成傷害 4'),
(3298, 0, 'G: 攻擊 player 造成傷害 4'),
(3299, 0, 'player: 攻擊 G 造成傷害 5'),
(3300, 0, 'G: 攻擊 player 造成傷害 5'),
(3301, 0, 'player: 攻擊 G 造成傷害 1'),
(3302, 0, 'G: 攻擊 player 造成傷害 1'),
(3303, 0, 'player: 攻擊 G 造成傷害 2'),
(3304, 0, 'G: 攻擊 player 造成傷害 5'),
(3305, 0, 'player: 攻擊 G 造成傷害 4'),
(3306, 0, 'G: 攻擊 player 造成傷害 2'),
(3307, 0, 'player: 攻擊 G 造成傷害 1'),
(3308, 0, 'G: 攻擊 player 造成傷害 4'),
(3309, 180, 'player: 攻擊 H 造成傷害 4'),
(3310, 180, 'H: 攻擊 player 造成傷害 1'),
(3311, 180, 'player: 攻擊 H 造成傷害 5'),
(3312, 180, 'H: 攻擊 player 造成傷害 3'),
(3313, 180, 'player: 攻擊 H 造成傷害 4'),
(3314, 180, 'H: 攻擊 player 造成傷害 1'),
(3315, 180, 'player: 攻擊 H 造成傷害 2'),
(3316, 180, 'H: 攻擊 player 造成傷害 3'),
(3317, 180, 'player: 攻擊 H 造成傷害 5'),
(3318, 180, 'H: 攻擊 player 造成傷害 1'),
(3319, 180, 'player: 攻擊 H 造成傷害 3'),
(3320, 180, 'H: 攻擊 player 造成傷害 2'),
(3321, 180, 'player: 攻擊 H 造成傷害 5'),
(3322, 180, 'H: 攻擊 player 造成傷害 3'),
(3323, 180, 'player: 攻擊 H 造成傷害 5'),
(3324, 180, 'H: 攻擊 player 造成傷害 1'),
(3325, 180, 'player: 攻擊 H 造成傷害 2'),
(3326, 180, 'H: 攻擊 player 造成傷害 1'),
(3327, 180, 'player: 攻擊 H 造成傷害 4'),
(3328, 180, 'H: 攻擊 player 造成傷害 2'),
(3329, 180, 'player: 攻擊 H 造成傷害 1'),
(3330, 180, 'H: 攻擊 player 造成傷害 2'),
(3331, 180, 'player: 攻擊 H 造成傷害 5'),
(3332, 180, 'H: 攻擊 player 造成傷害 3'),
(3333, 180, 'player: 攻擊 H 造成傷害 1'),
(3334, 180, 'H: 攻擊 player 造成傷害 3'),
(3335, 180, 'player: 攻擊 H 造成傷害 1'),
(3336, 180, 'H: 攻擊 player 造成傷害 2'),
(3337, 180, 'player: 攻擊 H 造成傷害 5'),
(3338, 180, 'H已擊敗，玩家贏得勝利'),
(3339, 180, 'player: 攻擊 H 造成傷害 4'),
(3340, 180, 'H已擊敗，玩家贏得勝利'),
(3341, 180, 'player: 攻擊 C 造成傷害 3'),
(3342, 180, 'C已擊敗，玩家贏得勝利'),
(3343, 181, 'player: 攻擊 D 造成傷害 2'),
(3344, 181, 'D: 攻擊 player 造成傷害 1'),
(3345, 181, 'player: 攻擊 D 造成傷害 5'),
(3346, 181, 'D: 攻擊 player 造成傷害 2'),
(3347, 181, 'player: 攻擊 D 造成傷害 4'),
(3348, 181, 'D: 攻擊 player 造成傷害 1'),
(3349, 181, 'player: 攻擊 D 造成傷害 1'),
(3350, 181, 'D: 攻擊 player 造成傷害 2'),
(3351, 181, 'player: 攻擊 D 造成傷害 4'),
(3352, 181, 'player: 攻擊 D 造成傷害 2'),
(3353, 181, 'D: 攻擊 player 造成傷害 2'),
(3354, 181, 'D: 攻擊 player 造成傷害 1'),
(3355, 181, 'player: 攻擊 D 造成傷害 4'),
(3356, 181, 'D: 攻擊 player 造成傷害 2'),
(3357, 181, 'player: 攻擊 D 造成傷害 1'),
(3358, 181, 'D: 攻擊 player 造成傷害 2'),
(3359, 181, 'player: 攻擊 D 造成傷害 5'),
(3360, 181, 'D: 攻擊 player 造成傷害 2'),
(3361, 181, 'player: 攻擊 D 造成傷害 4'),
(3362, 181, 'D: 攻擊 player 造成傷害 1'),
(3363, 181, 'player: 攻擊 D 造成傷害 1'),
(3364, 181, 'D: 攻擊 player 造成傷害 1'),
(3365, 181, 'player: 攻擊 D 造成傷害 1'),
(3366, 181, 'D已擊敗，玩家贏得勝利'),
(3367, 181, 'player: 攻擊 G 造成傷害 4'),
(3368, 181, 'G已擊敗，玩家贏得勝利'),
(3369, 181, 'player: 攻擊 D 造成傷害 3'),
(3370, 181, 'D: 攻擊 player 造成傷害 2'),
(3371, 181, 'player: 攻擊 D 造成傷害 4'),
(3372, 181, 'D: 攻擊 player 造成傷害 2'),
(3373, 181, 'player: 攻擊 D 造成傷害 5'),
(3374, 181, 'D: 攻擊 player 造成傷害 1'),
(3375, 181, 'player: 攻擊 D 造成傷害 5'),
(3376, 181, 'D: 攻擊 player 造成傷害 2'),
(3377, 181, 'player: 攻擊 D 造成傷害 1'),
(3378, 181, 'D: 攻擊 player 造成傷害 1'),
(3379, 181, 'player: 攻擊 D 造成傷害 3'),
(3380, 181, 'D: 攻擊 player 造成傷害 2'),
(3381, 181, 'player: 攻擊 D 造成傷害 5'),
(3382, 181, 'D: 攻擊 player 造成傷害 1'),
(3383, 181, 'player: 攻擊 D 造成傷害 4'),
(3384, 181, 'D已擊敗，玩家贏得勝利'),
(3385, 181, 'player: 攻擊 G 造成傷害 2'),
(3386, 181, 'G: 攻擊 player 造成傷害 4'),
(3387, 181, 'player: 攻擊 G 造成傷害 1'),
(3388, 181, 'G: 攻擊 player 造成傷害 3'),
(3389, 181, 'player: 攻擊 G 造成傷害 4'),
(3390, 181, 'G: 攻擊 player 造成傷害 1'),
(3391, 181, 'player: 攻擊 G 造成傷害 5'),
(3392, 181, 'G: 攻擊 player 造成傷害 3'),
(3393, 181, 'player: 攻擊 G 造成傷害 5'),
(3394, 181, 'G: 攻擊 player 造成傷害 5'),
(3395, 181, 'player: 攻擊 G 造成傷害 1'),
(3396, 181, 'G: 攻擊 player 造成傷害 4'),
(3397, 181, 'player: 攻擊 G 造成傷害 1'),
(3398, 181, 'G: 攻擊 player 造成傷害 3'),
(3399, 181, 'player: 攻擊 G 造成傷害 2'),
(3400, 181, 'G: 攻擊 player 造成傷害 4'),
(3401, 181, 'player: 攻擊 G 造成傷害 4'),
(3402, 181, 'G: 攻擊 player 造成傷害 1'),
(3403, 181, 'player: 攻擊 G 造成傷害 1'),
(3404, 181, 'G: 攻擊 player 造成傷害 2'),
(3405, 183, 'player: 攻擊 G 造成傷害 1'),
(3406, 183, 'G: 攻擊 player 造成傷害 5'),
(3407, 183, 'player: 攻擊 G 造成傷害 1'),
(3408, 183, 'G: 攻擊 player 造成傷害 5'),
(3409, 183, 'player: 攻擊 G 造成傷害 3'),
(3410, 183, 'G: 攻擊 player 造成傷害 5'),
(3411, 183, 'player: 攻擊 G 造成傷害 4'),
(3412, 183, 'G: 攻擊 player 造成傷害 1'),
(3413, 183, 'player: 攻擊 G 造成傷害 3'),
(3414, 183, 'G: 攻擊 player 造成傷害 1'),
(3415, 183, 'player: 攻擊 G 造成傷害 1'),
(3416, 183, 'G: 攻擊 player 造成傷害 1'),
(3417, 183, 'player: 攻擊 G 造成傷害 4'),
(3418, 183, 'G: 攻擊 player 造成傷害 2'),
(3419, 183, 'player: 攻擊 G 造成傷害 4'),
(3420, 183, 'G: 攻擊 player 造成傷害 4'),
(3421, 183, 'player: 攻擊 G 造成傷害 3'),
(3422, 183, 'G: 攻擊 player 造成傷害 4'),
(3423, 183, 'player: 攻擊 G 造成傷害 5'),
(3424, 183, 'G: 攻擊 player 造成傷害 4'),
(3425, 185, 'player: 攻擊 C 造成傷害 1'),
(3426, 185, 'C: 攻擊 player 造成傷害 3'),
(3427, 185, 'player: 攻擊 C 造成傷害 3'),
(3428, 185, 'C: 攻擊 player 造成傷害 2'),
(3429, 185, 'player: 攻擊 C 造成傷害 4'),
(3430, 185, 'C: 攻擊 player 造成傷害 3'),
(3431, 185, 'player: 攻擊 C 造成傷害 2'),
(3432, 185, 'C: 攻擊 player 造成傷害 1'),
(3433, 185, 'player: 攻擊 C 造成傷害 2'),
(3434, 185, 'C: 攻擊 player 造成傷害 2'),
(3435, 185, 'player: 攻擊 C 造成傷害 1'),
(3436, 185, 'C: 攻擊 player 造成傷害 1'),
(3437, 185, 'player: 攻擊 C 造成傷害 1'),
(3438, 185, 'C: 攻擊 player 造成傷害 1'),
(3439, 185, 'player: 攻擊 C 造成傷害 1'),
(3440, 185, 'C: 攻擊 player 造成傷害 1'),
(3441, 185, 'player: 攻擊 C 造成傷害 5'),
(3442, 185, 'C: 攻擊 player 造成傷害 3'),
(3443, 185, 'player: 攻擊 C 造成傷害 3'),
(3444, 185, 'C: 攻擊 player 造成傷害 2'),
(3445, 185, 'player: 攻擊 C 造成傷害 1'),
(3446, 185, 'C: 攻擊 player 造成傷害 3'),
(3447, 185, 'player: 攻擊 C 造成傷害 3'),
(3448, 185, 'C已擊敗，玩家贏得勝利'),
(3449, 185, 'player: 攻擊 J 造成傷害 1'),
(3450, 185, 'J: 攻擊 player 造成傷害 2'),
(3451, 185, 'player: 攻擊 J 造成傷害 3'),
(3452, 185, 'J: 攻擊 player 造成傷害 1'),
(3453, 185, 'player: 攻擊 J 造成傷害 1'),
(3454, 185, 'J: 攻擊 player 造成傷害 1'),
(3455, 185, 'player: 攻擊 J 造成傷害 4'),
(3456, 185, 'J: 攻擊 player 造成傷害 8'),
(3457, 185, 'player: 攻擊 J 造成傷害 1'),
(3458, 185, 'J: 攻擊 player 造成傷害 12'),
(3459, 185, 'player: 攻擊 J 造成傷害 4'),
(3460, 185, 'J: 攻擊 player 造成傷害 8'),
(3461, 187, 'player: 攻擊 I 造成傷害 4'),
(3462, 187, 'I: 攻擊 player 造成傷害 1'),
(3463, 187, 'player: 攻擊 I 造成傷害 1'),
(3464, 187, 'I: 攻擊 player 造成傷害 2'),
(3465, 187, 'player: 攻擊 I 造成傷害 5'),
(3466, 187, 'I: 攻擊 player 造成傷害 2'),
(3467, 187, 'player: 攻擊 I 造成傷害 1'),
(3468, 187, 'I: 攻擊 player 造成傷害 1'),
(3469, 187, 'player: 攻擊 I 造成傷害 5'),
(3470, 187, 'I: 攻擊 player 造成傷害 1'),
(3471, 187, 'player: 攻擊 I 造成傷害 4'),
(3472, 187, 'I: 攻擊 player 造成傷害 2'),
(3473, 187, 'player: 攻擊 I 造成傷害 4'),
(3474, 187, 'I: 攻擊 player 造成傷害 2'),
(3475, 187, 'player: 攻擊 I 造成傷害 1'),
(3476, 187, 'I: 攻擊 player 造成傷害 2'),
(3477, 187, 'player: 攻擊 I 造成傷害 3'),
(3478, 187, 'I: 攻擊 player 造成傷害 1'),
(3479, 187, 'player: 攻擊 I 造成傷害 2'),
(3480, 187, 'I: 攻擊 player 造成傷害 1'),
(3481, 187, 'player: 攻擊 I 造成傷害 1'),
(3482, 187, 'I: 攻擊 player 造成傷害 2'),
(3483, 187, 'player: 攻擊 I 造成傷害 5'),
(3484, 187, 'I: 攻擊 player 造成傷害 2'),
(3485, 187, 'player: 攻擊 I 造成傷害 2'),
(3486, 187, 'I: 攻擊 player 造成傷害 1'),
(3487, 187, 'player: 攻擊 I 造成傷害 1'),
(3488, 187, 'I: 攻擊 player 造成傷害 2'),
(3489, 187, 'player: 攻擊 I 造成傷害 3'),
(3490, 187, 'I: 攻擊 player 造成傷害 1'),
(3491, 187, 'player: 攻擊 I 造成傷害 2'),
(3492, 187, 'I: 攻擊 player 造成傷害 2'),
(3493, 187, 'player: 攻擊 I 造成傷害 1'),
(3494, 187, 'I: 攻擊 player 造成傷害 1'),
(3495, 187, 'player: 攻擊 I 造成傷害 1'),
(3496, 187, 'I: 攻擊 player 造成傷害 1'),
(3497, 187, 'player: 攻擊 I 造成傷害 1'),
(3498, 187, 'I: 攻擊 player 造成傷害 1'),
(3499, 187, 'player: 攻擊 I 造成傷害 3'),
(3500, 187, 'I: 攻擊 player 造成傷害 2'),
(3501, 189, 'player: 攻擊 F 造成傷害 5'),
(3502, 189, 'F: 攻擊 player 造成傷害 3'),
(3503, 189, 'player: 攻擊 F 造成傷害 2'),
(3504, 189, 'F: 攻擊 player 造成傷害 3'),
(3505, 189, 'player: 攻擊 F 造成傷害 4'),
(3506, 189, 'F: 攻擊 player 造成傷害 3'),
(3507, 189, 'player: 攻擊 F 造成傷害 5'),
(3508, 189, 'F: 攻擊 player 造成傷害 1'),
(3509, 189, 'player: 攻擊 F 造成傷害 1'),
(3510, 189, 'F: 攻擊 player 造成傷害 2'),
(3511, 189, 'player: 攻擊 F 造成傷害 1'),
(3512, 189, 'F: 攻擊 player 造成傷害 1'),
(3513, 189, 'player: 攻擊 F 造成傷害 3'),
(3514, 189, 'F: 攻擊 player 造成傷害 1'),
(3515, 189, 'player: 攻擊 F 造成傷害 3'),
(3516, 189, 'F: 攻擊 player 造成傷害 2'),
(3517, 189, 'player: 攻擊 F 造成傷害 3'),
(3518, 189, 'F: 攻擊 player 造成傷害 3'),
(3519, 189, 'player: 攻擊 F 造成傷害 2'),
(3520, 189, 'F: 攻擊 player 造成傷害 3'),
(3521, 189, 'player: 攻擊 F 造成傷害 3'),
(3522, 189, 'F: 攻擊 player 造成傷害 1'),
(3523, 189, 'player: 攻擊 F 造成傷害 5'),
(3524, 189, 'F: 攻擊 player 造成傷害 3'),
(3525, 189, 'player: 攻擊 F 造成傷害 2'),
(3526, 189, 'F: 攻擊 player 造成傷害 3'),
(3527, 189, 'player: 攻擊 F 造成傷害 4'),
(3528, 189, 'F已擊敗，玩家贏得勝利'),
(3529, 189, 'player: 攻擊 E 造成傷害 2'),
(3530, 189, 'E: 攻擊 player 造成傷害 4'),
(3531, 189, 'player: 攻擊 E 造成傷害 3'),
(3532, 189, 'E: 攻擊 player 造成傷害 4'),
(3533, 189, 'player: 攻擊 E 造成傷害 2'),
(3534, 189, 'E: 攻擊 player 造成傷害 1'),
(3535, 189, 'player: 攻擊 E 造成傷害 4'),
(3536, 189, 'E: 攻擊 player 造成傷害 4'),
(3537, 189, 'player: 攻擊 E 造成傷害 2'),
(3538, 189, 'E: 攻擊 player 造成傷害 4'),
(3539, 189, 'player: 攻擊 E 造成傷害 4'),
(3540, 189, 'E: 攻擊 player 造成傷害 4'),
(3541, 189, 'player: 攻擊 E 造成傷害 1'),
(3542, 189, 'E: 攻擊 player 造成傷害 1'),
(3543, 189, 'player: 攻擊 E 造成傷害 4'),
(3544, 189, 'E: 攻擊 player 造成傷害 4'),
(3545, 189, 'player: 攻擊 E 造成傷害 2'),
(3546, 189, 'E: 攻擊 player 造成傷害 1'),
(3547, 189, 'player: 攻擊 E 造成傷害 3'),
(3548, 189, 'E: 攻擊 player 造成傷害 3'),
(3549, 190, 'player: 攻擊 H 造成傷害 2'),
(3550, 190, 'H: 攻擊 player 造成傷害 2'),
(3551, 190, 'player: 攻擊 H 造成傷害 3'),
(3552, 190, 'H: 攻擊 player 造成傷害 3'),
(3553, 190, 'player: 攻擊 H 造成傷害 4'),
(3554, 190, 'H: 攻擊 player 造成傷害 1'),
(3555, 190, 'player: 攻擊 H 造成傷害 2'),
(3556, 190, 'H: 攻擊 player 造成傷害 2'),
(3557, 190, 'player: 攻擊 H 造成傷害 1'),
(3558, 190, 'H: 攻擊 player 造成傷害 3'),
(3559, 190, 'player: 攻擊 H 造成傷害 1'),
(3560, 190, 'H: 攻擊 player 造成傷害 3'),
(3561, 190, 'player: 攻擊 H 造成傷害 1'),
(3562, 190, 'H: 攻擊 player 造成傷害 1'),
(3563, 190, 'player: 攻擊 H 造成傷害 2'),
(3564, 190, 'H: 攻擊 player 造成傷害 3'),
(3565, 190, 'player: 攻擊 H 造成傷害 4'),
(3566, 190, 'H: 攻擊 player 造成傷害 3'),
(3567, 190, 'player: 攻擊 H 造成傷害 3'),
(3568, 190, 'H: 攻擊 player 造成傷害 2'),
(3569, 190, 'player: 攻擊 H 造成傷害 3'),
(3570, 190, 'H: 攻擊 player 造成傷害 2'),
(3571, 190, 'player: 攻擊 H 造成傷害 4'),
(3572, 190, 'H: 攻擊 player 造成傷害 2'),
(3573, 190, 'player: 攻擊 H 造成傷害 4'),
(3574, 190, 'H: 攻擊 player 造成傷害 2'),
(3575, 190, 'player: 攻擊 H 造成傷害 2'),
(3576, 190, 'H: 攻擊 player 造成傷害 2'),
(3577, 191, 'player: 攻擊 D 造成傷害 2'),
(3578, 191, 'D: 攻擊 player 造成傷害 2'),
(3579, 191, 'player: 攻擊 D 造成傷害 1'),
(3580, 191, 'D: 攻擊 player 造成傷害 1'),
(3581, 191, 'player: 攻擊 D 造成傷害 1'),
(3582, 191, 'D: 攻擊 player 造成傷害 1'),
(3583, 191, 'player: 攻擊 D 造成傷害 4'),
(3584, 191, 'D: 攻擊 player 造成傷害 1'),
(3585, 191, 'player: 攻擊 D 造成傷害 5'),
(3586, 191, 'D: 攻擊 player 造成傷害 1'),
(3587, 191, 'player: 攻擊 D 造成傷害 2'),
(3588, 191, 'D: 攻擊 player 造成傷害 1'),
(3589, 191, 'player: 攻擊 D 造成傷害 4'),
(3590, 191, 'D: 攻擊 player 造成傷害 1'),
(3591, 191, 'player: 攻擊 D 造成傷害 3'),
(3592, 191, 'D: 攻擊 player 造成傷害 2'),
(3593, 191, 'player: 攻擊 D 造成傷害 3'),
(3594, 191, 'D: 攻擊 player 造成傷害 1'),
(3595, 191, 'player: 攻擊 D 造成傷害 4'),
(3596, 191, 'D: 攻擊 player 造成傷害 1'),
(3597, 191, 'player: 攻擊 D 造成傷害 3'),
(3598, 191, 'D已擊敗，玩家贏得勝利'),
(3599, 191, 'player: 攻擊 G 造成傷害 4'),
(3600, 191, 'G: 攻擊 player 造成傷害 1'),
(3601, 191, 'player: 攻擊 G 造成傷害 4'),
(3602, 191, 'G: 攻擊 player 造成傷害 6'),
(3603, 191, 'player: 攻擊 G 造成傷害 5'),
(3604, 191, 'G: 攻擊 player 造成傷害 5'),
(3605, 191, 'player: 攻擊 G 造成傷害 1'),
(3606, 191, 'G: 攻擊 player 造成傷害 3'),
(3607, 191, 'player: 攻擊 G 造成傷害 2'),
(3608, 191, 'G: 攻擊 player 造成傷害 2'),
(3609, 191, 'player: 攻擊 G 造成傷害 4'),
(3610, 191, 'G: 攻擊 player 造成傷害 1'),
(3611, 191, 'player: 攻擊 G 造成傷害 4'),
(3612, 191, 'G: 攻擊 player 造成傷害 1'),
(3613, 191, 'player: 攻擊 G 造成傷害 5'),
(3614, 191, 'G: 攻擊 player 造成傷害 3'),
(3615, 191, 'player: 攻擊 G 造成傷害 1'),
(3616, 191, 'G: 攻擊 player 造成傷害 5'),
(3617, 191, 'player: 攻擊 G 造成傷害 1'),
(3618, 191, 'G: 攻擊 player 造成傷害 3'),
(3619, 192, 'player: 攻擊 F 造成傷害 5'),
(3620, 192, 'F: 攻擊 player 造成傷害 2'),
(3621, 192, 'player: 攻擊 F 造成傷害 1'),
(3622, 192, 'F: 攻擊 player 造成傷害 2'),
(3623, 192, 'player: 攻擊 F 造成傷害 5'),
(3624, 192, 'F: 攻擊 player 造成傷害 1'),
(3625, 192, 'player: 攻擊 F 造成傷害 3'),
(3626, 192, 'F: 攻擊 player 造成傷害 3'),
(3627, 192, 'player: 攻擊 F 造成傷害 3'),
(3628, 192, 'F: 攻擊 player 造成傷害 3'),
(3629, 192, 'player: 攻擊 F 造成傷害 2'),
(3630, 192, 'F: 攻擊 player 造成傷害 3'),
(3631, 192, 'player: 攻擊 F 造成傷害 4'),
(3632, 192, 'F: 攻擊 player 造成傷害 3'),
(3633, 192, 'player: 攻擊 F 造成傷害 4'),
(3634, 192, 'F: 攻擊 player 造成傷害 1'),
(3635, 192, 'player: 攻擊 F 造成傷害 1'),
(3636, 192, 'F: 攻擊 player 造成傷害 1'),
(3637, 192, 'player: 攻擊 F 造成傷害 5'),
(3638, 192, 'F: 攻擊 player 造成傷害 1'),
(3639, 192, 'player: 攻擊 F 造成傷害 2'),
(3640, 192, 'F: 攻擊 player 造成傷害 2'),
(3641, 192, 'player: 攻擊 F 造成傷害 4'),
(3642, 192, 'F: 攻擊 player 造成傷害 2'),
(3643, 192, 'player: 攻擊 F 造成傷害 3'),
(3644, 192, 'F已擊敗，玩家贏得勝利'),
(3645, 192, 'player: 攻擊 I 造成傷害 5'),
(3646, 192, 'I: 攻擊 player 造成傷害 1'),
(3647, 192, 'player: 攻擊 I 造成傷害 4'),
(3648, 192, 'player: 攻擊 I 造成傷害 3'),
(3649, 192, 'I: 攻擊 player 造成傷害 1'),
(3650, 192, 'I: 攻擊 player 造成傷害 1'),
(3651, 192, 'player: 攻擊 I 造成傷害 3'),
(3652, 192, 'I: 攻擊 player 造成傷害 2'),
(3653, 192, 'player: 攻擊 I 造成傷害 2'),
(3654, 192, 'I: 攻擊 player 造成傷害 2'),
(3655, 192, 'player: 攻擊 I 造成傷害 4'),
(3656, 192, 'I: 攻擊 player 造成傷害 1'),
(3657, 192, 'player: 攻擊 I 造成傷害 4'),
(3658, 192, 'I: 攻擊 player 造成傷害 2'),
(3659, 192, 'player: 攻擊 I 造成傷害 5'),
(3660, 192, 'I: 攻擊 player 造成傷害 2'),
(3661, 192, 'player: 攻擊 I 造成傷害 1'),
(3662, 192, 'I: 攻擊 player 造成傷害 2'),
(3663, 192, 'player: 攻擊 I 造成傷害 5'),
(3664, 192, 'I: 攻擊 player 造成傷害 2'),
(3665, 192, 'player: 攻擊 I 造成傷害 4'),
(3666, 192, 'I: 攻擊 player 造成傷害 1'),
(3667, 192, 'player: 攻擊 I 造成傷害 3'),
(3668, 192, 'I: 攻擊 player 造成傷害 1'),
(3669, 192, 'player: 攻擊 I 造成傷害 2'),
(3670, 192, 'I: 攻擊 player 造成傷害 2'),
(3671, 192, 'player: 攻擊 I 造成傷害 1'),
(3672, 192, 'I: 攻擊 player 造成傷害 1'),
(3673, 192, 'player: 攻擊 I 造成傷害 1'),
(3674, 192, 'I: 攻擊 player 造成傷害 2'),
(3675, 192, 'player: 攻擊 I 造成傷害 1'),
(3676, 192, 'I: 攻擊 player 造成傷害 1'),
(3677, 192, 'player: 攻擊 I 造成傷害 2'),
(3678, 192, 'I: 攻擊 player 造成傷害 1'),
(3679, 192, 'player: 攻擊 I 造成傷害 1'),
(3680, 192, 'I: 攻擊 player 造成傷害 2'),
(3681, 192, 'player: 攻擊 I 造成傷害 4'),
(3682, 192, 'I: 攻擊 player 造成傷害 1'),
(3683, 192, 'player: 攻擊 I 造成傷害 2'),
(3684, 192, 'I: 攻擊 player 造成傷害 1'),
(3685, 192, 'player: 攻擊 I 造成傷害 1'),
(3686, 192, 'I: 攻擊 player 造成傷害 1'),
(3687, 192, 'player: 攻擊 I 造成傷害 3'),
(3688, 192, 'I已擊敗，玩家贏得勝利'),
(3689, 193, 'player: 攻擊 I 造成傷害 1'),
(3690, 193, 'I: 攻擊 player 造成傷害 2'),
(3691, 193, 'player: 攻擊 I 造成傷害 2'),
(3692, 193, 'I: 攻擊 player 造成傷害 1'),
(3693, 193, 'player: 攻擊 I 造成傷害 3'),
(3694, 193, 'I: 攻擊 player 造成傷害 1'),
(3695, 193, 'player: 攻擊 I 造成傷害 5'),
(3696, 193, 'I: 攻擊 player 造成傷害 2'),
(3697, 193, 'player: 攻擊 I 造成傷害 5'),
(3698, 193, 'I: 攻擊 player 造成傷害 2'),
(3699, 193, 'player: 攻擊 I 造成傷害 4'),
(3700, 193, 'I: 攻擊 player 造成傷害 1'),
(3701, 193, 'player: 攻擊 I 造成傷害 5'),
(3702, 193, 'I: 攻擊 player 造成傷害 2'),
(3703, 193, 'player: 攻擊 I 造成傷害 1'),
(3704, 193, 'I: 攻擊 player 造成傷害 1'),
(3705, 193, 'player: 攻擊 I 造成傷害 1'),
(3706, 193, 'I: 攻擊 player 造成傷害 1'),
(3707, 193, 'I: 攻擊 player 造成傷害 1'),
(3708, 193, 'I: 攻擊 player 造成傷害 2'),
(3709, 193, 'I: 攻擊 player 造成傷害 1'),
(3710, 193, 'player: 攻擊 I 造成傷害 5'),
(3711, 193, 'I: 攻擊 player 造成傷害 1'),
(3712, 193, 'player: 攻擊 I 造成傷害 4'),
(3713, 193, 'I: 攻擊 player 造成傷害 1'),
(3714, 193, 'player: 攻擊 I 造成傷害 5'),
(3715, 193, 'I: 攻擊 player 造成傷害 2'),
(3716, 193, 'player: 攻擊 I 造成傷害 1'),
(3717, 193, 'I: 攻擊 player 造成傷害 1'),
(3718, 193, 'player: 攻擊 I 造成傷害 2'),
(3719, 193, 'I: 攻擊 player 造成傷害 2'),
(3720, 193, 'player: 攻擊 I 造成傷害 1'),
(3721, 193, 'I: 攻擊 player 造成傷害 2'),
(3722, 193, 'player: 攻擊 I 造成傷害 4'),
(3723, 193, 'I: 攻擊 player 造成傷害 1'),
(3724, 193, 'I已擊敗，玩家贏得勝利'),
(3725, 0, 'I已擊敗，玩家贏得勝利'),
(3726, 193, 'player: 攻擊 I 造成傷害 3'),
(3727, 193, 'I: 攻擊 player 造成傷害 1'),
(3728, 193, 'player: 攻擊 I 造成傷害 3'),
(3729, 193, 'I: 攻擊 player 造成傷害 1'),
(3730, 193, 'player: 攻擊 I 造成傷害 4'),
(3731, 193, 'I: 攻擊 player 造成傷害 2'),
(3732, 193, 'player: 攻擊 I 造成傷害 2'),
(3733, 193, 'I: 攻擊 player 造成傷害 1'),
(3734, 193, 'player: 攻擊 I 造成傷害 5'),
(3735, 193, 'I: 攻擊 player 造成傷害 1'),
(3736, 193, 'player: 攻擊 I 造成傷害 1'),
(3737, 193, 'I: 攻擊 player 造成傷害 1'),
(3738, 193, 'player: 攻擊 I 造成傷害 1'),
(3739, 193, 'I: 攻擊 player 造成傷害 2'),
(3740, 193, 'player: 攻擊 I 造成傷害 3'),
(3741, 193, 'I: 攻擊 player 造成傷害 2'),
(3742, 193, 'player: 攻擊 I 造成傷害 4'),
(3743, 193, 'I: 攻擊 player 造成傷害 2'),
(3744, 193, 'player: 攻擊 I 造成傷害 3'),
(3745, 193, 'I: 攻擊 player 造成傷害 1'),
(3746, 193, 'player: 攻擊 I 造成傷害 3'),
(3747, 193, 'I: 攻擊 player 造成傷害 2'),
(3748, 193, 'player: 攻擊 I 造成傷害 2'),
(3749, 193, 'I: 攻擊 player 造成傷害 2'),
(3750, 193, 'player: 攻擊 I 造成傷害 4'),
(3751, 193, 'I: 攻擊 player 造成傷害 1'),
(3752, 193, 'player: 攻擊 I 造成傷害 4'),
(3753, 193, 'I: 攻擊 player 造成傷害 1'),
(3754, 193, 'player: 攻擊 I 造成傷害 3'),
(3755, 193, 'I: 攻擊 player 造成傷害 2'),
(3756, 193, 'player: 攻擊 I 造成傷害 1'),
(3757, 193, 'I: 攻擊 player 造成傷害 2'),
(3758, 193, 'player: 攻擊 I 造成傷害 1'),
(3759, 193, 'I: 攻擊 player 造成傷害 1'),
(3760, 193, 'player: 攻擊 I 造成傷害 2'),
(3761, 193, 'I: 攻擊 player 造成傷害 2'),
(3762, 193, 'player: 攻擊 I 造成傷害 3'),
(3763, 193, 'I: 攻擊 player 造成傷害 2'),
(3764, 193, 'player: 攻擊 I 造成傷害 1'),
(3765, 193, 'I: 攻擊 player 造成傷害 1'),
(3766, 194, 'player: 攻擊 D 造成傷害 1'),
(3767, 194, 'D: 攻擊 player 造成傷害 2'),
(3768, 194, 'player: 攻擊 D 造成傷害 2'),
(3769, 194, 'D: 攻擊 player 造成傷害 2'),
(3770, 194, 'player: 攻擊 D 造成傷害 5'),
(3771, 194, 'D: 攻擊 player 造成傷害 1'),
(3772, 194, 'player: 攻擊 D 造成傷害 5'),
(3773, 194, 'D: 攻擊 player 造成傷害 2'),
(3774, 194, 'player: 攻擊 D 造成傷害 4'),
(3775, 194, 'D: 攻擊 player 造成傷害 2'),
(3776, 194, 'player: 攻擊 D 造成傷害 2'),
(3777, 194, 'D: 攻擊 player 造成傷害 2'),
(3778, 194, 'player: 攻擊 D 造成傷害 2'),
(3779, 194, 'D: 攻擊 player 造成傷害 2'),
(3780, 194, 'player: 攻擊 D 造成傷害 3'),
(3781, 194, 'D: 攻擊 player 造成傷害 1'),
(3782, 194, 'player: 攻擊 D 造成傷害 2'),
(3783, 194, 'D: 攻擊 player 造成傷害 2'),
(3784, 194, 'player: 攻擊 D 造成傷害 3'),
(3785, 194, 'D: 攻擊 player 造成傷害 1'),
(3786, 194, 'player: 攻擊 D 造成傷害 5'),
(3787, 194, 'D已擊敗，玩家贏得勝利'),
(3788, 194, 'player: 攻擊 G 造成傷害 3'),
(3789, 194, 'G: 攻擊 player 造成傷害 5'),
(3790, 194, 'player: 攻擊 G 造成傷害 1'),
(3791, 194, 'G: 攻擊 player 造成傷害 3'),
(3792, 194, 'player: 攻擊 G 造成傷害 1'),
(3793, 194, 'G: 攻擊 player 造成傷害 6'),
(3794, 194, 'player: 攻擊 G 造成傷害 5'),
(3795, 194, 'G: 攻擊 player 造成傷害 4'),
(3796, 194, 'player: 攻擊 G 造成傷害 5'),
(3797, 194, 'G: 攻擊 player 造成傷害 4'),
(3798, 194, 'player: 攻擊 G 造成傷害 2'),
(3799, 194, 'G: 攻擊 player 造成傷害 5'),
(3800, 194, 'player: 攻擊 G 造成傷害 5'),
(3801, 194, 'G: 攻擊 player 造成傷害 4'),
(3802, 195, 'player: 攻擊 B 造成傷害 4'),
(3803, 195, 'B: 攻擊 player 造成傷害 1'),
(3804, 195, 'player: 攻擊 B 造成傷害 5'),
(3805, 195, 'B: 攻擊 player 造成傷害 1'),
(3806, 195, 'player: 攻擊 B 造成傷害 4'),
(3807, 195, 'B: 攻擊 player 造成傷害 1'),
(3808, 195, 'player: 攻擊 B 造成傷害 4'),
(3809, 195, 'B: 攻擊 player 造成傷害 1'),
(3810, 195, 'player: 攻擊 B 造成傷害 4'),
(3811, 195, 'B已擊敗，玩家贏得勝利'),
(3812, 195, 'player: 攻擊 A 造成傷害 2'),
(3813, 195, 'A: 攻擊 player 造成傷害 1'),
(3814, 195, 'player: 攻擊 A 造成傷害 3'),
(3815, 195, 'A: 攻擊 player 造成傷害 1'),
(3816, 195, 'player: 攻擊 A 造成傷害 5'),
(3817, 195, 'A已擊敗，玩家贏得勝利'),
(3818, 195, 'player: 攻擊 G 造成傷害 5'),
(3819, 195, 'G: 攻擊 player 造成傷害 5'),
(3820, 195, 'player: 攻擊 G 造成傷害 1'),
(3821, 195, 'G: 攻擊 player 造成傷害 3'),
(3822, 195, 'player: 攻擊 G 造成傷害 4'),
(3823, 195, 'G: 攻擊 player 造成傷害 4'),
(3824, 195, 'player: 攻擊 G 造成傷害 4'),
(3825, 195, 'G: 攻擊 player 造成傷害 2'),
(3826, 195, 'player: 攻擊 G 造成傷害 1'),
(3827, 195, 'G: 攻擊 player 造成傷害 3'),
(3828, 195, 'player: 攻擊 G 造成傷害 5'),
(3829, 195, 'G: 攻擊 player 造成傷害 6'),
(3830, 195, 'player: 攻擊 G 造成傷害 4'),
(3831, 195, 'G: 攻擊 player 造成傷害 6'),
(3832, 195, 'player: 攻擊 G 造成傷害 1'),
(3833, 195, 'G: 攻擊 player 造成傷害 6'),
(3834, 196, 'player: 攻擊 I 造成傷害 4'),
(3835, 196, 'I: 攻擊 player 造成傷害 1'),
(3836, 196, 'player: 攻擊 I 造成傷害 2'),
(3837, 196, 'I: 攻擊 player 造成傷害 2'),
(3838, 196, 'player: 攻擊 I 造成傷害 5'),
(3839, 196, 'I: 攻擊 player 造成傷害 1'),
(3840, 196, 'player: 攻擊 I 造成傷害 5'),
(3841, 196, 'I: 攻擊 player 造成傷害 1'),
(3842, 196, 'player: 攻擊 I 造成傷害 1'),
(3843, 196, 'I: 攻擊 player 造成傷害 2'),
(3844, 196, 'player: 攻擊 I 造成傷害 2'),
(3845, 196, 'I: 攻擊 player 造成傷害 2'),
(3846, 196, 'player: 攻擊 I 造成傷害 2'),
(3847, 196, 'I: 攻擊 player 造成傷害 2'),
(3848, 196, 'player: 攻擊 I 造成傷害 2'),
(3849, 196, 'I: 攻擊 player 造成傷害 2'),
(3850, 196, 'player: 攻擊 I 造成傷害 4'),
(3851, 196, 'I: 攻擊 player 造成傷害 2'),
(3852, 196, 'player: 攻擊 I 造成傷害 4'),
(3853, 196, 'I: 攻擊 player 造成傷害 2'),
(3854, 196, 'player: 攻擊 I 造成傷害 1'),
(3855, 196, 'I: 攻擊 player 造成傷害 1'),
(3856, 196, 'player: 攻擊 I 造成傷害 1'),
(3857, 196, 'I: 攻擊 player 造成傷害 2'),
(3858, 196, 'player: 攻擊 I 造成傷害 2'),
(3859, 196, 'I: 攻擊 player 造成傷害 2'),
(3860, 196, 'player: 攻擊 I 造成傷害 3'),
(3861, 196, 'I: 攻擊 player 造成傷害 2'),
(3862, 196, 'player: 攻擊 I 造成傷害 5'),
(3863, 196, 'I: 攻擊 player 造成傷害 2'),
(3864, 196, 'player: 攻擊 I 造成傷害 2'),
(3865, 196, 'I: 攻擊 player 造成傷害 2'),
(3866, 196, 'player: 攻擊 I 造成傷害 4'),
(3867, 196, 'I: 攻擊 player 造成傷害 1'),
(3868, 196, 'player: 攻擊 I 造成傷害 2'),
(3869, 196, 'I: 攻擊 player 造成傷害 2'),
(3870, 197, 'player: 攻擊 H 造成傷害 1'),
(3871, 197, 'H: 攻擊 player 造成傷害 1'),
(3872, 197, 'player: 攻擊 H 造成傷害 3'),
(3873, 197, 'H: 攻擊 player 造成傷害 3'),
(3874, 197, 'player: 攻擊 H 造成傷害 3'),
(3875, 197, 'H: 攻擊 player 造成傷害 1'),
(3876, 197, 'player: 攻擊 H 造成傷害 1'),
(3877, 197, 'H: 攻擊 player 造成傷害 2'),
(3878, 197, 'player: 攻擊 H 造成傷害 3'),
(3879, 197, 'H: 攻擊 player 造成傷害 3'),
(3880, 197, 'player: 攻擊 H 造成傷害 4'),
(3881, 197, 'H: 攻擊 player 造成傷害 3'),
(3882, 197, 'player: 攻擊 H 造成傷害 3'),
(3883, 197, 'H: 攻擊 player 造成傷害 3'),
(3884, 197, 'player: 攻擊 H 造成傷害 1'),
(3885, 197, 'H: 攻擊 player 造成傷害 3'),
(3886, 197, 'player: 攻擊 H 造成傷害 4'),
(3887, 197, 'H: 攻擊 player 造成傷害 1'),
(3888, 197, 'player: 攻擊 H 造成傷害 5'),
(3889, 197, 'H: 攻擊 player 造成傷害 2'),
(3890, 197, 'player: 攻擊 H 造成傷害 2'),
(3891, 197, 'H: 攻擊 player 造成傷害 3'),
(3892, 197, 'player: 攻擊 H 造成傷害 3'),
(3893, 197, 'H: 攻擊 player 造成傷害 2'),
(3894, 197, 'player: 攻擊 H 造成傷害 5'),
(3895, 197, 'H: 攻擊 player 造成傷害 2'),
(3896, 197, 'player: 攻擊 H 造成傷害 3'),
(3897, 197, 'H: 攻擊 player 造成傷害 3'),
(3898, 0, 'player: 攻擊 C 造成傷害 3'),
(3899, 0, 'C: 攻擊 player 造成傷害 3'),
(3900, 0, 'player: 攻擊 C 造成傷害 2'),
(3901, 0, 'C: 攻擊 player 造成傷害 1'),
(3902, 0, 'player: 攻擊 C 造成傷害 5'),
(3903, 0, 'C: 攻擊 player 造成傷害 1'),
(3904, 0, 'player: 攻擊 C 造成傷害 5'),
(3905, 0, 'C: 攻擊 player 造成傷害 1'),
(3906, 0, 'player: 攻擊 C 造成傷害 5'),
(3907, 0, 'C: 攻擊 player 造成傷害 1'),
(3908, 0, 'player: 攻擊 C 造成傷害 1'),
(3909, 0, 'C: 攻擊 player 造成傷害 1'),
(3910, 0, 'player: 攻擊 C 造成傷害 4'),
(3911, 0, 'C已擊敗，玩家贏得勝利'),
(3912, 0, 'player: 攻擊 F 造成傷害 1'),
(3913, 0, 'F: 攻擊 player 造成傷害 2'),
(3914, 0, 'player: 攻擊 F 造成傷害 1'),
(3915, 0, 'F: 攻擊 player 造成傷害 1'),
(3916, 0, 'player: 攻擊 F 造成傷害 4'),
(3917, 0, 'F: 攻擊 player 造成傷害 3'),
(3918, 0, 'player: 攻擊 F 造成傷害 3'),
(3919, 0, 'F: 攻擊 player 造成傷害 3'),
(3920, 0, 'player: 攻擊 F 造成傷害 5'),
(3921, 0, 'F: 攻擊 player 造成傷害 3'),
(3922, 0, 'player: 攻擊 F 造成傷害 3'),
(3923, 0, 'F: 攻擊 player 造成傷害 3'),
(3924, 0, 'player: 攻擊 F 造成傷害 1'),
(3925, 0, 'F: 攻擊 player 造成傷害 2'),
(3926, 0, 'player: 攻擊 F 造成傷害 3'),
(3927, 0, 'F: 攻擊 player 造成傷害 3'),
(3928, 0, 'player: 攻擊 F 造成傷害 3'),
(3929, 0, 'F: 攻擊 player 造成傷害 3'),
(3930, 0, 'player: 攻擊 F 造成傷害 4'),
(3931, 0, 'F: 攻擊 player 造成傷害 1'),
(3932, 0, 'player: 攻擊 F 造成傷害 5'),
(3933, 0, 'F: 攻擊 player 造成傷害 1'),
(3934, 0, 'player: 攻擊 F 造成傷害 2'),
(3935, 0, 'F: 攻擊 player 造成傷害 2'),
(3936, 0, 'player: 攻擊 F 造成傷害 3'),
(3937, 0, 'F: 攻擊 player 造成傷害 1'),
(3938, 0, 'player: 攻擊 F 造成傷害 2'),
(3939, 0, 'F已擊敗，玩家贏得勝利'),
(3940, 0, 'player: 攻擊 B 造成傷害 1'),
(3941, 0, 'B: 攻擊 player 造成傷害 1'),
(3942, 0, 'player: 攻擊 B 造成傷害 3'),
(3943, 0, 'B: 攻擊 player 造成傷害 1'),
(3944, 0, 'player: 攻擊 B 造成傷害 5'),
(3945, 0, 'B: 攻擊 player 造成傷害 1'),
(3946, 0, 'player: 攻擊 B 造成傷害 4'),
(3947, 0, 'B: 攻擊 player 造成傷害 1'),
(3948, 0, 'player: 攻擊 B 造成傷害 3'),
(3949, 0, 'B: 攻擊 player 造成傷害 1'),
(3950, 0, 'player: 攻擊 B 造成傷害 4'),
(3951, 0, 'B已擊敗，玩家贏得勝利'),
(3952, 0, 'player: 攻擊 C 造成傷害 1'),
(3953, 0, 'C: 攻擊 player 造成傷害 3'),
(3954, 0, 'player: 攻擊 C 造成傷害 1'),
(3955, 0, 'C: 攻擊 player 造成傷害 2'),
(3956, 0, 'player: 攻擊 C 造成傷害 1'),
(3957, 0, 'C: 攻擊 player 造成傷害 3'),
(3958, 0, 'player: 攻擊 C 造成傷害 1'),
(3959, 0, 'C: 攻擊 player 造成傷害 3'),
(3960, 0, 'player: 攻擊 C 造成傷害 2'),
(3961, 0, 'C: 攻擊 player 造成傷害 1'),
(3962, 0, 'player: 攻擊 C 造成傷害 4'),
(3963, 0, 'C: 攻擊 player 造成傷害 2'),
(3964, 0, 'player: 攻擊 C 造成傷害 4'),
(3965, 0, 'C: 攻擊 player 造成傷害 2'),
(3966, 0, 'player: 攻擊 C 造成傷害 5'),
(3967, 0, 'C: 攻擊 player 造成傷害 2'),
(3968, 0, 'player: 攻擊 C 造成傷害 3'),
(3969, 0, 'C: 攻擊 player 造成傷害 2'),
(3970, 0, 'player: 攻擊 C 造成傷害 4'),
(3971, 0, 'C已擊敗，玩家贏得勝利'),
(3972, 0, 'player: 攻擊 I 造成傷害 2'),
(3973, 0, 'I: 攻擊 player 造成傷害 2'),
(3974, 0, 'player: 攻擊 I 造成傷害 5'),
(3975, 0, 'I: 攻擊 player 造成傷害 1'),
(3976, 0, 'player: 攻擊 I 造成傷害 5'),
(3977, 0, 'I: 攻擊 player 造成傷害 2'),
(3978, 0, 'player: 攻擊 I 造成傷害 4'),
(3979, 0, 'I: 攻擊 player 造成傷害 2'),
(3980, 0, 'player: 攻擊 I 造成傷害 5'),
(3981, 0, 'I: 攻擊 player 造成傷害 2'),
(3982, 0, 'player: 攻擊 I 造成傷害 5'),
(3983, 0, 'I: 攻擊 player 造成傷害 2'),
(3984, 0, 'player: 攻擊 I 造成傷害 1'),
(3985, 0, 'I: 攻擊 player 造成傷害 1'),
(3986, 0, 'player: 攻擊 I 造成傷害 3'),
(3987, 0, 'I: 攻擊 player 造成傷害 1'),
(3988, 0, 'player: 攻擊 I 造成傷害 4'),
(3989, 0, 'I: 攻擊 player 造成傷害 1'),
(3990, 0, 'player: 攻擊 I 造成傷害 3'),
(3991, 0, 'I: 攻擊 player 造成傷害 2'),
(3992, 0, 'player: 攻擊 I 造成傷害 3'),
(3993, 0, 'I: 攻擊 player 造成傷害 1'),
(3994, 0, 'player: 攻擊 I 造成傷害 4'),
(3995, 0, 'I: 攻擊 player 造成傷害 1'),
(3996, 0, 'player: 攻擊 I 造成傷害 3'),
(3997, 0, 'I: 攻擊 player 造成傷害 1'),
(3998, 0, 'player: 攻擊 I 造成傷害 1'),
(3999, 0, 'I: 攻擊 player 造成傷害 2'),
(4000, 0, 'player: 攻擊 I 造成傷害 2'),
(4001, 0, 'I: 攻擊 player 造成傷害 2'),
(4002, 0, 'player: 攻擊 I 造成傷害 3'),
(4003, 0, 'I: 攻擊 player 造成傷害 2'),
(4004, 0, 'player: 攻擊 I 造成傷害 3'),
(4005, 0, 'I已擊敗，玩家贏得勝利'),
(4006, 0, 'player: 攻擊 B 造成傷害 1'),
(4007, 0, 'B: 攻擊 player 造成傷害 1'),
(4008, 0, 'player: 攻擊 B 造成傷害 3'),
(4009, 0, 'B: 攻擊 player 造成傷害 1'),
(4010, 0, 'player: 攻擊 B 造成傷害 3'),
(4011, 0, 'B: 攻擊 player 造成傷害 1'),
(4012, 0, 'player: 攻擊 B 造成傷害 3'),
(4013, 0, 'B: 攻擊 player 造成傷害 1'),
(4014, 0, 'player: 攻擊 B 造成傷害 1'),
(4015, 0, 'B: 攻擊 player 造成傷害 1'),
(4016, 0, 'player: 攻擊 B 造成傷害 1'),
(4017, 0, 'B: 攻擊 player 造成傷害 1'),
(4018, 0, 'player: 攻擊 B 造成傷害 5'),
(4019, 0, 'B: 攻擊 player 造成傷害 1'),
(4020, 0, 'player: 攻擊 B 造成傷害 3'),
(4021, 0, 'B已擊敗，玩家贏得勝利'),
(4022, 0, 'player: 攻擊 E 造成傷害 2'),
(4023, 0, 'E: 攻擊 player 造成傷害 3'),
(4024, 0, 'player: 攻擊 E 造成傷害 1'),
(4025, 0, 'E: 攻擊 player 造成傷害 4'),
(4026, 0, 'player: 攻擊 E 造成傷害 2'),
(4027, 0, 'E: 攻擊 player 造成傷害 3'),
(4028, 0, 'player: 攻擊 E 造成傷害 4'),
(4029, 0, 'E: 攻擊 player 造成傷害 1'),
(4030, 0, 'player: 攻擊 E 造成傷害 2'),
(4031, 0, 'E: 攻擊 player 造成傷害 1'),
(4032, 0, 'player: 攻擊 E 造成傷害 1'),
(4033, 0, 'E: 攻擊 player 造成傷害 4'),
(4034, 0, 'player: 攻擊 E 造成傷害 3'),
(4035, 0, 'E: 攻擊 player 造成傷害 4'),
(4036, 0, 'player: 攻擊 E 造成傷害 4'),
(4037, 0, 'E: 攻擊 player 造成傷害 1'),
(4038, 0, 'player: 攻擊 E 造成傷害 4'),
(4039, 0, 'E: 攻擊 player 造成傷害 1'),
(4040, 0, 'player: 攻擊 E 造成傷害 3'),
(4041, 0, 'E: 攻擊 player 造成傷害 2'),
(4042, 0, 'player: 攻擊 E 造成傷害 3'),
(4043, 0, 'E: 攻擊 player 造成傷害 1'),
(4044, 0, 'player: 攻擊 E 造成傷害 4'),
(4045, 0, 'E: 攻擊 player 造成傷害 4'),
(4046, 0, 'player: 攻擊 E 造成傷害 4'),
(4047, 0, 'E已擊敗，玩家贏得勝利'),
(4048, 0, 'player: 攻擊 F 造成傷害 1'),
(4049, 0, 'F: 攻擊 player 造成傷害 1'),
(4050, 0, 'player: 攻擊 F 造成傷害 4'),
(4051, 0, 'F: 攻擊 player 造成傷害 3'),
(4052, 0, 'player: 攻擊 F 造成傷害 2'),
(4053, 0, 'F: 攻擊 player 造成傷害 3'),
(4054, 0, 'player: 攻擊 F 造成傷害 1'),
(4055, 0, 'F: 攻擊 player 造成傷害 1'),
(4056, 0, 'player: 攻擊 F 造成傷害 3'),
(4057, 0, 'F: 攻擊 player 造成傷害 2'),
(4058, 0, 'player: 攻擊 F 造成傷害 1'),
(4059, 0, 'F: 攻擊 player 造成傷害 2'),
(4060, 0, 'player: 攻擊 F 造成傷害 1'),
(4061, 0, 'F: 攻擊 player 造成傷害 2'),
(4062, 0, 'player: 攻擊 F 造成傷害 2'),
(4063, 0, 'F: 攻擊 player 造成傷害 1'),
(4064, 0, 'player: 攻擊 F 造成傷害 5'),
(4065, 0, 'F: 攻擊 player 造成傷害 2'),
(4066, 0, 'player: 攻擊 F 造成傷害 4'),
(4067, 0, 'F: 攻擊 player 造成傷害 2'),
(4068, 0, 'player: 攻擊 F 造成傷害 5'),
(4069, 0, 'F: 攻擊 player 造成傷害 2'),
(4070, 0, 'player: 攻擊 F 造成傷害 4'),
(4071, 0, 'F: 攻擊 player 造成傷害 1'),
(4072, 0, 'player: 攻擊 F 造成傷害 2'),
(4073, 0, 'F: 攻擊 player 造成傷害 3'),
(4074, 0, 'player: 攻擊 F 造成傷害 3'),
(4075, 0, 'F: 攻擊 player 造成傷害 1'),
(4076, 0, 'player: 攻擊 F 造成傷害 5'),
(4077, 0, 'F已擊敗，玩家贏得勝利'),
(4078, 0, 'player: 攻擊 B 造成傷害 1'),
(4079, 0, 'B: 攻擊 player 造成傷害 1'),
(4080, 0, 'player: 攻擊 B 造成傷害 5'),
(4081, 0, 'B: 攻擊 player 造成傷害 1'),
(4082, 0, 'player: 攻擊 B 造成傷害 2'),
(4083, 0, 'B: 攻擊 player 造成傷害 1'),
(4084, 0, 'player: 攻擊 B 造成傷害 5'),
(4085, 0, 'B: 攻擊 player 造成傷害 1'),
(4086, 0, 'player: 攻擊 B 造成傷害 4'),
(4087, 0, 'B: 攻擊 player 造成傷害 1'),
(4088, 0, 'player: 攻擊 B 造成傷害 1'),
(4089, 0, 'B: 攻擊 player 造成傷害 1'),
(4090, 0, 'player: 攻擊 B 造成傷害 4'),
(4091, 0, 'B已擊敗，玩家贏得勝利'),
(4092, 0, 'player: 攻擊 I 造成傷害 1'),
(4093, 0, 'I: 攻擊 player 造成傷害 1'),
(4094, 0, 'player: 攻擊 I 造成傷害 3'),
(4095, 0, 'I: 攻擊 player 造成傷害 1'),
(4096, 0, 'player: 攻擊 I 造成傷害 3'),
(4097, 0, 'I: 攻擊 player 造成傷害 1'),
(4098, 0, 'player: 攻擊 I 造成傷害 4'),
(4099, 0, 'I: 攻擊 player 造成傷害 2'),
(4100, 0, 'player: 攻擊 I 造成傷害 4'),
(4101, 0, 'I: 攻擊 player 造成傷害 2'),
(4102, 0, 'player: 攻擊 I 造成傷害 5'),
(4103, 0, 'I: 攻擊 player 造成傷害 2'),
(4104, 0, 'player: 攻擊 I 造成傷害 3'),
(4105, 0, 'I: 攻擊 player 造成傷害 2'),
(4106, 0, 'player: 攻擊 I 造成傷害 5'),
(4107, 0, 'I: 攻擊 player 造成傷害 1'),
(4108, 0, 'player: 攻擊 I 造成傷害 2'),
(4109, 0, 'I: 攻擊 player 造成傷害 1'),
(4110, 0, 'player: 攻擊 I 造成傷害 2'),
(4111, 0, 'I: 攻擊 player 造成傷害 2'),
(4112, 0, 'player: 攻擊 I 造成傷害 4'),
(4113, 0, 'I: 攻擊 player 造成傷害 1'),
(4114, 0, 'player: 攻擊 I 造成傷害 5'),
(4115, 0, 'I: 攻擊 player 造成傷害 1'),
(4116, 0, 'player: 攻擊 I 造成傷害 2'),
(4117, 0, 'I: 攻擊 player 造成傷害 2'),
(4118, 0, 'player: 攻擊 I 造成傷害 2'),
(4119, 0, 'I: 攻擊 player 造成傷害 2'),
(4120, 0, 'player: 攻擊 I 造成傷害 3'),
(4121, 0, 'I: 攻擊 player 造成傷害 1'),
(4122, 0, 'player: 攻擊 I 造成傷害 3'),
(4123, 0, 'I: 攻擊 player 造成傷害 2'),
(4124, 0, 'player: 攻擊 I 造成傷害 4'),
(4125, 0, 'I已擊敗，玩家贏得勝利'),
(4126, 0, 'player: 攻擊 D 造成傷害 4'),
(4127, 0, 'D: 攻擊 player 造成傷害 2'),
(4128, 0, 'player: 攻擊 D 造成傷害 5'),
(4129, 0, 'D: 攻擊 player 造成傷害 2'),
(4130, 0, 'player: 攻擊 D 造成傷害 3'),
(4131, 0, 'D: 攻擊 player 造成傷害 1'),
(4132, 0, 'player: 攻擊 D 造成傷害 1'),
(4133, 0, 'D: 攻擊 player 造成傷害 2'),
(4134, 0, 'player: 攻擊 D 造成傷害 1'),
(4135, 0, 'D: 攻擊 player 造成傷害 1'),
(4136, 0, 'player: 攻擊 D 造成傷害 4'),
(4137, 0, 'D: 攻擊 player 造成傷害 1'),
(4138, 0, 'player: 攻擊 D 造成傷害 2'),
(4139, 0, 'D: 攻擊 player 造成傷害 1'),
(4140, 0, 'player: 攻擊 D 造成傷害 3'),
(4141, 0, 'D: 攻擊 player 造成傷害 1'),
(4142, 0, 'player: 攻擊 D 造成傷害 4'),
(4143, 0, 'D: 攻擊 player 造成傷害 1'),
(4144, 0, 'player: 攻擊 D 造成傷害 1'),
(4145, 0, 'D: 攻擊 player 造成傷害 2'),
(4146, 0, 'player: 攻擊 D 造成傷害 1'),
(4147, 0, 'D: 攻擊 player 造成傷害 2'),
(4148, 0, 'player: 攻擊 D 造成傷害 2'),
(4149, 0, 'D已擊敗，玩家贏得勝利'),
(4150, 0, 'player: 攻擊 A 造成傷害 5'),
(4151, 0, 'A: 攻擊 player 造成傷害 1'),
(4152, 0, 'player: 攻擊 A 造成傷害 3'),
(4153, 0, 'A: 攻擊 player 造成傷害 1'),
(4154, 0, 'player: 攻擊 A 造成傷害 5'),
(4155, 0, 'A已擊敗，玩家贏得勝利'),
(4156, 0, 'player: 攻擊 I 造成傷害 1'),
(4157, 0, 'I: 攻擊 player 造成傷害 1'),
(4158, 0, 'player: 攻擊 I 造成傷害 2'),
(4159, 0, 'I: 攻擊 player 造成傷害 1'),
(4160, 0, 'player: 攻擊 I 造成傷害 3'),
(4161, 0, 'I: 攻擊 player 造成傷害 2'),
(4162, 0, 'player: 攻擊 I 造成傷害 3'),
(4163, 0, 'I: 攻擊 player 造成傷害 1'),
(4164, 0, 'player: 攻擊 I 造成傷害 5'),
(4165, 0, 'I: 攻擊 player 造成傷害 2'),
(4166, 0, 'player: 攻擊 I 造成傷害 3'),
(4167, 0, 'I: 攻擊 player 造成傷害 1'),
(4168, 0, 'player: 攻擊 I 造成傷害 3'),
(4169, 0, 'I: 攻擊 player 造成傷害 1'),
(4170, 0, 'player: 攻擊 I 造成傷害 1'),
(4171, 0, 'I: 攻擊 player 造成傷害 2'),
(4172, 0, 'player: 攻擊 I 造成傷害 2'),
(4173, 0, 'I: 攻擊 player 造成傷害 1'),
(4174, 0, 'player: 攻擊 I 造成傷害 4'),
(4175, 0, 'I: 攻擊 player 造成傷害 1'),
(4176, 0, 'player: 攻擊 I 造成傷害 3'),
(4177, 0, 'I: 攻擊 player 造成傷害 2'),
(4178, 0, 'player: 攻擊 I 造成傷害 3'),
(4179, 0, 'I: 攻擊 player 造成傷害 2'),
(4180, 0, 'player: 攻擊 I 造成傷害 5'),
(4181, 0, 'I: 攻擊 player 造成傷害 1'),
(4182, 0, 'player: 攻擊 I 造成傷害 4'),
(4183, 0, 'I: 攻擊 player 造成傷害 2'),
(4184, 0, 'player: 攻擊 I 造成傷害 1'),
(4185, 0, 'I: 攻擊 player 造成傷害 2'),
(4186, 0, 'player: 攻擊 I 造成傷害 1'),
(4187, 0, 'I: 攻擊 player 造成傷害 2'),
(4188, 0, 'player: 攻擊 I 造成傷害 3'),
(4189, 0, 'I: 攻擊 player 造成傷害 2'),
(4190, 0, 'player: 攻擊 I 造成傷害 3'),
(4191, 0, 'I: 攻擊 player 造成傷害 1'),
(4192, 0, 'player: 攻擊 I 造成傷害 5'),
(4193, 0, 'I已擊敗，玩家贏得勝利'),
(4194, 0, 'player: 攻擊 A 造成傷害 3'),
(4195, 0, 'A: 攻擊 player 造成傷害 1'),
(4196, 0, 'player: 攻擊 A 造成傷害 2'),
(4197, 0, 'A: 攻擊 player 造成傷害 1'),
(4198, 0, 'player: 攻擊 A 造成傷害 1'),
(4199, 0, 'A: 攻擊 player 造成傷害 1'),
(4200, 0, 'player: 攻擊 A 造成傷害 2'),
(4201, 0, 'A: 攻擊 player 造成傷害 1'),
(4202, 0, 'player: 攻擊 A 造成傷害 1'),
(4203, 0, 'A: 攻擊 player 造成傷害 1'),
(4204, 0, 'player: 攻擊 A 造成傷害 4'),
(4205, 0, 'A已擊敗，玩家贏得勝利'),
(4206, 0, 'player: 攻擊 B 造成傷害 2'),
(4207, 0, 'B: 攻擊 player 造成傷害 1'),
(4208, 0, 'player: 攻擊 B 造成傷害 5'),
(4209, 0, 'B: 攻擊 player 造成傷害 1'),
(4210, 0, 'player: 攻擊 B 造成傷害 2'),
(4211, 0, 'B: 攻擊 player 造成傷害 1'),
(4212, 0, 'player: 攻擊 B 造成傷害 5'),
(4213, 0, 'B: 攻擊 player 造成傷害 1'),
(4214, 0, 'player: 攻擊 B 造成傷害 4'),
(4215, 0, 'B: 攻擊 player 造成傷害 1'),
(4216, 0, 'player: 攻擊 B 造成傷害 4'),
(4217, 0, 'B已擊敗，玩家贏得勝利'),
(4218, 0, 'player: 攻擊 J 造成傷害 4'),
(4219, 0, 'J: 攻擊 player 造成傷害 2'),
(4220, 0, 'player: 攻擊 J 造成傷害 5'),
(4221, 0, 'J: 攻擊 player 造成傷害 13'),
(4222, 0, 'player: 攻擊 J 造成傷害 2'),
(4223, 0, 'J: 攻擊 player 造成傷害 5'),
(4224, 0, 'player: 攻擊 J 造成傷害 3'),
(4225, 0, 'J: 攻擊 player 造成傷害 12'),
(4226, 0, 'player: 攻擊 J 造成傷害 1'),
(4227, 0, 'J: 攻擊 player 造成傷害 1'),
(4228, 0, 'player: 攻擊 J 造成傷害 5'),
(4229, 0, 'J: 攻擊 player 造成傷害 4'),
(4230, 0, 'player: 攻擊 J 造成傷害 5'),
(4231, 0, 'J: 攻擊 player 造成傷害 3'),
(4232, 0, 'player: 攻擊 J 造成傷害 4'),
(4233, 0, 'J: 攻擊 player 造成傷害 7'),
(4234, 0, 'player: 攻擊 J 造成傷害 5'),
(4235, 0, 'J: 攻擊 player 造成傷害 1'),
(4236, 0, 'player: 攻擊 J 造成傷害 2'),
(4237, 0, 'J: 攻擊 player 造成傷害 8'),
(4238, 0, 'player: 攻擊 J 造成傷害 1'),
(4239, 0, 'J: 攻擊 player 造成傷害 10'),
(4240, 0, 'player: 攻擊 J 造成傷害 1'),
(4241, 0, 'J: 攻擊 player 造成傷害 5'),
(4242, 0, 'player: 攻擊 J 造成傷害 4'),
(4243, 0, 'J: 攻擊 player 造成傷害 8'),
(4244, 0, 'player: 攻擊 J 造成傷害 4'),
(4245, 0, 'J: 攻擊 player 造成傷害 13'),
(4246, 0, 'player: 攻擊 J 造成傷害 3'),
(4247, 0, 'J: 攻擊 player 造成傷害 10'),
(4248, 0, 'player: 攻擊 C 造成傷害 2'),
(4249, 0, 'C: 攻擊 player 造成傷害 3'),
(4250, 0, 'player: 攻擊 C 造成傷害 1'),
(4251, 0, 'C: 攻擊 player 造成傷害 3'),
(4252, 0, 'player: 攻擊 C 造成傷害 4'),
(4253, 0, 'C: 攻擊 player 造成傷害 1'),
(4254, 0, 'player: 攻擊 C 造成傷害 4'),
(4255, 0, 'C: 攻擊 player 造成傷害 3'),
(4256, 0, 'player: 攻擊 C 造成傷害 5'),
(4257, 0, 'C: 攻擊 player 造成傷害 2'),
(4258, 0, 'player: 攻擊 C 造成傷害 5'),
(4259, 0, 'C: 攻擊 player 造成傷害 3'),
(4260, 0, 'player: 攻擊 C 造成傷害 3'),
(4261, 0, 'C: 攻擊 player 造成傷害 2'),
(4262, 0, 'player: 攻擊 C 造成傷害 3'),
(4263, 0, 'C已擊敗，玩家贏得勝利'),
(4264, 0, 'player: 攻擊 H 造成傷害 4'),
(4265, 0, 'H: 攻擊 player 造成傷害 2'),
(4266, 0, 'player: 攻擊 H 造成傷害 4'),
(4267, 0, 'H: 攻擊 player 造成傷害 1'),
(4268, 0, 'player: 攻擊 H 造成傷害 3'),
(4269, 0, 'H: 攻擊 player 造成傷害 2'),
(4270, 0, 'player: 攻擊 H 造成傷害 5'),
(4271, 0, 'H: 攻擊 player 造成傷害 1'),
(4272, 0, 'player: 攻擊 H 造成傷害 2'),
(4273, 0, 'H: 攻擊 player 造成傷害 3'),
(4274, 0, 'player: 攻擊 H 造成傷害 1'),
(4275, 0, 'H: 攻擊 player 造成傷害 2'),
(4276, 0, 'player: 攻擊 H 造成傷害 2'),
(4277, 0, 'H: 攻擊 player 造成傷害 2'),
(4278, 0, 'player: 攻擊 H 造成傷害 2'),
(4279, 0, 'H: 攻擊 player 造成傷害 1'),
(4280, 0, 'player: 攻擊 H 造成傷害 3'),
(4281, 0, 'H: 攻擊 player 造成傷害 2'),
(4282, 0, 'player: 攻擊 H 造成傷害 3'),
(4283, 0, 'H: 攻擊 player 造成傷害 2'),
(4284, 0, 'player: 攻擊 H 造成傷害 4'),
(4285, 0, 'H: 攻擊 player 造成傷害 3'),
(4286, 0, 'player: 攻擊 H 造成傷害 5'),
(4287, 0, 'H: 攻擊 player 造成傷害 2'),
(4288, 0, 'player: 攻擊 H 造成傷害 4'),
(4289, 0, 'H: 攻擊 player 造成傷害 2'),
(4290, 0, 'player: 攻擊 H 造成傷害 1'),
(4291, 0, 'H: 攻擊 player 造成傷害 2'),
(4292, 0, 'player: 攻擊 H 造成傷害 3'),
(4293, 0, 'H: 攻擊 player 造成傷害 2'),
(4294, 0, 'player: 攻擊 H 造成傷害 2'),
(4295, 0, 'H: 攻擊 player 造成傷害 2'),
(4296, 0, 'player: 攻擊 G 造成傷害 4'),
(4297, 0, 'G: 攻擊 player 造成傷害 1'),
(4298, 0, 'player: 攻擊 G 造成傷害 1'),
(4299, 0, 'G: 攻擊 player 造成傷害 5'),
(4300, 0, 'player: 攻擊 G 造成傷害 5'),
(4301, 0, 'G: 攻擊 player 造成傷害 4'),
(4302, 0, 'player: 攻擊 G 造成傷害 3'),
(4303, 0, 'G: 攻擊 player 造成傷害 2'),
(4304, 0, 'player: 攻擊 G 造成傷害 5'),
(4305, 0, 'G: 攻擊 player 造成傷害 3'),
(4306, 0, 'player: 攻擊 G 造成傷害 2'),
(4307, 0, 'G: 攻擊 player 造成傷害 6'),
(4308, 0, 'player: 攻擊 G 造成傷害 5'),
(4309, 0, 'G: 攻擊 player 造成傷害 6'),
(4310, 0, 'player: 攻擊 G 造成傷害 1'),
(4311, 0, 'G: 攻擊 player 造成傷害 4'),
(4312, 0, 'player，已死亡'),
(4313, 0, 'player: 攻擊 G 造成傷害 4'),
(4314, 0, 'G: 攻擊 player 造成傷害 6'),
(4315, 0, 'player: 攻擊 G 造成傷害 4'),
(4316, 0, 'G: 攻擊 player 造成傷害 5'),
(4317, 0, 'player: 攻擊 G 造成傷害 5'),
(4318, 0, 'G: 攻擊 player 造成傷害 4'),
(4319, 0, 'player: 攻擊 G 造成傷害 5'),
(4320, 0, 'G: 攻擊 player 造成傷害 5'),
(4321, 0, 'player: 攻擊 G 造成傷害 1'),
(4322, 0, 'G: 攻擊 player 造成傷害 3'),
(4323, 0, 'player: 攻擊 G 造成傷害 5'),
(4324, 0, 'G: 攻擊 player 造成傷害 6'),
(4325, 0, 'player: 攻擊 G 造成傷害 1'),
(4326, 0, 'G: 攻擊 player 造成傷害 4'),
(4327, 0, 'player，已死亡'),
(4328, 0, 'player: 攻擊 G 造成傷害 1'),
(4329, 0, 'G: 攻擊 player 造成傷害 6'),
(4330, 0, 'player: 攻擊 G 造成傷害 2'),
(4331, 0, 'G: 攻擊 player 造成傷害 5'),
(4332, 0, 'player: 攻擊 G 造成傷害 3'),
(4333, 0, 'G: 攻擊 player 造成傷害 3'),
(4334, 0, 'player: 攻擊 G 造成傷害 1'),
(4335, 0, 'G: 攻擊 player 造成傷害 2'),
(4336, 0, 'player: 攻擊 G 造成傷害 5'),
(4337, 0, 'G: 攻擊 player 造成傷害 1'),
(4338, 0, 'player: 攻擊 G 造成傷害 1'),
(4339, 0, 'G: 攻擊 player 造成傷害 3'),
(4340, 0, 'player: 攻擊 G 造成傷害 3'),
(4341, 0, 'G: 攻擊 player 造成傷害 1'),
(4342, 0, 'player: 攻擊 G 造成傷害 4'),
(4343, 0, 'G: 攻擊 player 造成傷害 6'),
(4344, 0, 'player: 攻擊 G 造成傷害 3'),
(4345, 0, 'G: 攻擊 player 造成傷害 3'),
(4346, 0, 'player，已死亡'),
(4347, 0, 'player: 攻擊 I 造成傷害 2'),
(4348, 0, 'I: 攻擊 player 造成傷害 1'),
(4349, 0, 'player: 攻擊 I 造成傷害 4'),
(4350, 0, 'I: 攻擊 player 造成傷害 1'),
(4351, 0, 'player: 攻擊 I 造成傷害 1'),
(4352, 0, 'I: 攻擊 player 造成傷害 1'),
(4353, 0, 'player: 攻擊 I 造成傷害 2'),
(4354, 0, 'I: 攻擊 player 造成傷害 2'),
(4355, 0, 'player: 攻擊 I 造成傷害 5'),
(4356, 0, 'I: 攻擊 player 造成傷害 2'),
(4357, 0, 'player: 攻擊 I 造成傷害 3'),
(4358, 0, 'I: 攻擊 player 造成傷害 1'),
(4359, 0, 'player: 攻擊 I 造成傷害 4'),
(4360, 0, 'I: 攻擊 player 造成傷害 1'),
(4361, 0, 'player: 攻擊 I 造成傷害 1'),
(4362, 0, 'I: 攻擊 player 造成傷害 2'),
(4363, 0, 'player: 攻擊 I 造成傷害 2'),
(4364, 0, 'I: 攻擊 player 造成傷害 2'),
(4365, 0, 'player: 攻擊 I 造成傷害 1'),
(4366, 0, 'I: 攻擊 player 造成傷害 1'),
(4367, 0, 'player: 攻擊 I 造成傷害 4'),
(4368, 0, 'I: 攻擊 player 造成傷害 2'),
(4369, 0, 'player: 攻擊 I 造成傷害 2'),
(4370, 0, 'I: 攻擊 player 造成傷害 2'),
(4371, 0, 'player: 攻擊 I 造成傷害 4'),
(4372, 0, 'I: 攻擊 player 造成傷害 1'),
(4373, 0, 'player: 攻擊 I 造成傷害 4'),
(4374, 0, 'I: 攻擊 player 造成傷害 1'),
(4375, 0, 'player: 攻擊 I 造成傷害 4'),
(4376, 0, 'I: 攻擊 player 造成傷害 2'),
(4377, 0, 'player: 攻擊 I 造成傷害 2'),
(4378, 0, 'I: 攻擊 player 造成傷害 2'),
(4379, 0, 'player: 攻擊 I 造成傷害 3'),
(4380, 0, 'I: 攻擊 player 造成傷害 2'),
(4381, 0, 'player: 攻擊 I 造成傷害 2'),
(4382, 0, 'I: 攻擊 player 造成傷害 1'),
(4383, 0, 'player: 攻擊 I 造成傷害 2'),
(4384, 0, 'I: 攻擊 player 造成傷害 1'),
(4385, 0, 'player: 攻擊 I 造成傷害 3'),
(4386, 0, 'I已擊敗，玩家贏得勝利'),
(4387, 0, 'player: 攻擊 I 造成傷害 5'),
(4388, 0, 'I: 攻擊 player 造成傷害 2'),
(4389, 0, 'player: 攻擊 I 造成傷害 1'),
(4390, 0, 'I: 攻擊 player 造成傷害 2'),
(4391, 0, 'player: 攻擊 I 造成傷害 4'),
(4392, 0, 'I: 攻擊 player 造成傷害 2'),
(4393, 0, 'player: 攻擊 I 造成傷害 5'),
(4394, 0, 'I: 攻擊 player 造成傷害 1'),
(4395, 0, 'player: 攻擊 I 造成傷害 2'),
(4396, 0, 'I: 攻擊 player 造成傷害 1'),
(4397, 0, 'player: 攻擊 I 造成傷害 1'),
(4398, 0, 'I: 攻擊 player 造成傷害 1'),
(4399, 0, 'player: 攻擊 I 造成傷害 5'),
(4400, 0, 'I: 攻擊 player 造成傷害 1'),
(4401, 0, 'player: 攻擊 I 造成傷害 1'),
(4402, 0, 'I: 攻擊 player 造成傷害 1'),
(4403, 0, 'player: 攻擊 I 造成傷害 5'),
(4404, 0, 'I: 攻擊 player 造成傷害 1'),
(4405, 0, 'player: 攻擊 I 造成傷害 4'),
(4406, 0, 'I: 攻擊 player 造成傷害 2'),
(4407, 0, 'player: 攻擊 I 造成傷害 4'),
(4408, 0, 'I: 攻擊 player 造成傷害 2'),
(4409, 0, 'player: 攻擊 I 造成傷害 4'),
(4410, 0, 'I: 攻擊 player 造成傷害 2'),
(4411, 0, 'player: 攻擊 I 造成傷害 4'),
(4412, 0, 'I: 攻擊 player 造成傷害 1'),
(4413, 0, 'player: 攻擊 I 造成傷害 3'),
(4414, 0, 'I: 攻擊 player 造成傷害 1'),
(4415, 0, 'player: 攻擊 I 造成傷害 5'),
(4416, 0, 'I: 攻擊 player 造成傷害 1'),
(4417, 0, 'player: 攻擊 I 造成傷害 2'),
(4418, 0, 'I已擊敗，玩家贏得勝利'),
(4419, 198, 'player: 攻擊 C 造成傷害 4'),
(4420, 198, 'C: 攻擊 player 造成傷害 3'),
(4421, 198, 'player: 攻擊 C 造成傷害 4'),
(4422, 198, 'C: 攻擊 player 造成傷害 1'),
(4423, 198, 'player: 攻擊 C 造成傷害 1'),
(4424, 198, 'C: 攻擊 player 造成傷害 1'),
(4425, 198, 'player: 攻擊 C 造成傷害 2'),
(4426, 198, 'C: 攻擊 player 造成傷害 2'),
(4427, 198, 'player: 攻擊 C 造成傷害 5'),
(4428, 198, 'C: 攻擊 player 造成傷害 1'),
(4429, 198, 'player: 攻擊 C 造成傷害 5'),
(4430, 198, 'C: 攻擊 player 造成傷害 1'),
(4431, 198, 'player: 攻擊 C 造成傷害 4'),
(4432, 198, 'C已擊敗，玩家贏得勝利'),
(4433, 198, 'player: 攻擊 F 造成傷害 1'),
(4434, 198, 'F: 攻擊 player 造成傷害 1'),
(4435, 198, 'player: 攻擊 F 造成傷害 3'),
(4436, 198, 'F: 攻擊 player 造成傷害 3'),
(4437, 198, 'player: 攻擊 F 造成傷害 5'),
(4438, 198, 'F: 攻擊 player 造成傷害 3'),
(4439, 198, 'player: 攻擊 F 造成傷害 1'),
(4440, 198, 'F: 攻擊 player 造成傷害 3'),
(4441, 198, 'player: 攻擊 F 造成傷害 1'),
(4442, 198, 'F: 攻擊 player 造成傷害 2'),
(4443, 198, 'player: 攻擊 F 造成傷害 3'),
(4444, 198, 'F: 攻擊 player 造成傷害 2'),
(4445, 198, 'player: 攻擊 F 造成傷害 1'),
(4446, 198, 'F: 攻擊 player 造成傷害 3'),
(4447, 198, 'player: 攻擊 F 造成傷害 5'),
(4448, 198, 'F: 攻擊 player 造成傷害 1'),
(4449, 198, 'player: 攻擊 F 造成傷害 1'),
(4450, 198, 'F: 攻擊 player 造成傷害 1'),
(4451, 198, 'player: 攻擊 F 造成傷害 1'),
(4452, 198, 'F: 攻擊 player 造成傷害 3'),
(4453, 198, 'player: 攻擊 F 造成傷害 3'),
(4454, 198, 'F: 攻擊 player 造成傷害 2'),
(4455, 198, 'player: 攻擊 F 造成傷害 4'),
(4456, 198, 'F: 攻擊 player 造成傷害 1'),
(4457, 198, 'player: 攻擊 F 造成傷害 1'),
(4458, 198, 'F: 攻擊 player 造成傷害 1'),
(4459, 198, 'player: 攻擊 F 造成傷害 4'),
(4460, 198, 'F: 攻擊 player 造成傷害 3'),
(4461, 198, 'player: 攻擊 F 造成傷害 1'),
(4462, 198, 'F: 攻擊 player 造成傷害 1'),
(4463, 198, 'player，已死亡'),
(4464, 0, 'player: 攻擊 J 造成傷害 2'),
(4465, 0, 'J: 攻擊 player 造成傷害 3'),
(4466, 0, 'player: 攻擊 J 造成傷害 3'),
(4467, 0, 'player: 攻擊 J 造成傷害 4'),
(4468, 0, 'J: 攻擊 player 造成傷害 1'),
(4469, 0, 'J: 攻擊 player 造成傷害 9'),
(4470, 0, 'player: 攻擊 J 造成傷害 1'),
(4471, 0, 'J: 攻擊 player 造成傷害 7'),
(4472, 0, 'player: 攻擊 J 造成傷害 2'),
(4473, 0, 'J: 攻擊 player 造成傷害 4'),
(4474, 0, 'player: 攻擊 J 造成傷害 5'),
(4475, 0, 'J: 攻擊 player 造成傷害 12'),
(4476, 0, 'player，已死亡'),
(4477, 0, 'player: 攻擊 F 造成傷害 3'),
(4478, 0, 'F: 攻擊 player 造成傷害 1'),
(4479, 0, 'player: 攻擊 F 造成傷害 5'),
(4480, 0, 'F: 攻擊 player 造成傷害 3'),
(4481, 0, 'player: 攻擊 F 造成傷害 4'),
(4482, 0, 'F: 攻擊 player 造成傷害 3'),
(4483, 0, 'player: 攻擊 F 造成傷害 5'),
(4484, 0, 'F: 攻擊 player 造成傷害 3'),
(4485, 0, 'player: 攻擊 F 造成傷害 1'),
(4486, 0, 'F: 攻擊 player 造成傷害 3'),
(4487, 0, 'player: 攻擊 F 造成傷害 2'),
(4488, 0, 'F: 攻擊 player 造成傷害 1'),
(4489, 0, 'player: 攻擊 F 造成傷害 3'),
(4490, 0, 'F: 攻擊 player 造成傷害 2'),
(4491, 0, 'player: 攻擊 F 造成傷害 1'),
(4492, 0, 'F: 攻擊 player 造成傷害 2'),
(4493, 0, 'player: 攻擊 F 造成傷害 1'),
(4494, 0, 'F: 攻擊 player 造成傷害 1'),
(4495, 0, 'player: 攻擊 F 造成傷害 5'),
(4496, 0, 'F: 攻擊 player 造成傷害 2'),
(4497, 0, 'player: 攻擊 F 造成傷害 1'),
(4498, 0, 'F: 攻擊 player 造成傷害 3'),
(4499, 0, 'player: 攻擊 F 造成傷害 1'),
(4500, 0, 'F: 攻擊 player 造成傷害 1'),
(4501, 0, 'player: 攻擊 F 造成傷害 4'),
(4502, 0, 'F: 攻擊 player 造成傷害 3'),
(4503, 0, 'player: 攻擊 F 造成傷害 3'),
(4504, 0, 'F: 攻擊 player 造成傷害 3'),
(4505, 0, 'player，已死亡'),
(4506, 0, 'player: 攻擊 C 造成傷害 4'),
(4507, 0, 'C: 攻擊 player 造成傷害 2'),
(4508, 0, 'player: 攻擊 C 造成傷害 3'),
(4509, 0, 'C: 攻擊 player 造成傷害 1'),
(4510, 0, 'player: 攻擊 C 造成傷害 1'),
(4511, 0, 'C: 攻擊 player 造成傷害 3'),
(4512, 0, 'player: 攻擊 C 造成傷害 5'),
(4513, 0, 'C: 攻擊 player 造成傷害 1'),
(4514, 0, 'player: 攻擊 C 造成傷害 3'),
(4515, 0, 'C: 攻擊 player 造成傷害 1'),
(4516, 0, 'player: 攻擊 C 造成傷害 2'),
(4517, 0, 'C: 攻擊 player 造成傷害 2'),
(4518, 0, 'player: 攻擊 C 造成傷害 2'),
(4519, 0, 'C: 攻擊 player 造成傷害 1'),
(4520, 0, 'player: 攻擊 C 造成傷害 5'),
(4521, 0, 'C已擊敗，玩家贏得勝利'),
(4522, 0, 'player: 攻擊 C 造成傷害 2'),
(4523, 0, 'C: 攻擊 player 造成傷害 3'),
(4524, 199, 'player: 攻擊 I 造成傷害 4'),
(4525, 199, 'I: 攻擊 player 造成傷害 1'),
(4526, 199, 'player: 攻擊 I 造成傷害 3'),
(4527, 199, 'I: 攻擊 player 造成傷害 2'),
(4528, 199, 'player: 攻擊 I 造成傷害 1'),
(4529, 199, 'I: 攻擊 player 造成傷害 2'),
(4530, 199, 'player: 攻擊 I 造成傷害 3'),
(4531, 199, 'I: 攻擊 player 造成傷害 1'),
(4532, 199, 'player: 攻擊 I 造成傷害 1'),
(4533, 199, 'I: 攻擊 player 造成傷害 2'),
(4534, 199, 'player: 攻擊 I 造成傷害 3'),
(4535, 199, 'I: 攻擊 player 造成傷害 2'),
(4536, 199, 'player: 攻擊 I 造成傷害 4'),
(4537, 199, 'I: 攻擊 player 造成傷害 2'),
(4538, 199, 'player: 攻擊 I 造成傷害 3'),
(4539, 199, 'I: 攻擊 player 造成傷害 1'),
(4540, 199, 'player: 攻擊 I 造成傷害 1'),
(4541, 199, 'I: 攻擊 player 造成傷害 2'),
(4542, 199, 'player: 攻擊 I 造成傷害 2'),
(4543, 199, 'I: 攻擊 player 造成傷害 2'),
(4544, 199, 'player: 攻擊 I 造成傷害 4'),
(4545, 199, 'I: 攻擊 player 造成傷害 2'),
(4546, 199, 'player: 攻擊 I 造成傷害 5'),
(4547, 199, 'I: 攻擊 player 造成傷害 1'),
(4548, 199, 'player: 攻擊 I 造成傷害 4'),
(4549, 199, 'I: 攻擊 player 造成傷害 2'),
(4550, 199, 'player: 攻擊 I 造成傷害 1'),
(4551, 199, 'I: 攻擊 player 造成傷害 2'),
(4552, 199, 'player: 攻擊 I 造成傷害 5'),
(4553, 199, 'I: 攻擊 player 造成傷害 1'),
(4554, 199, 'player: 攻擊 I 造成傷害 4'),
(4555, 199, 'I: 攻擊 player 造成傷害 1'),
(4556, 199, 'player: 攻擊 I 造成傷害 3'),
(4557, 199, 'I: 攻擊 player 造成傷害 1'),
(4558, 199, 'player: 攻擊 I 造成傷害 4'),
(4559, 199, 'I已擊敗，玩家贏得勝利'),
(4560, 199, 'player: 攻擊 F 造成傷害 3'),
(4561, 199, 'F: 攻擊 player 造成傷害 3'),
(4562, 199, 'player: 攻擊 F 造成傷害 4'),
(4563, 199, 'F: 攻擊 player 造成傷害 3'),
(4564, 199, 'player: 攻擊 F 造成傷害 3'),
(4565, 199, 'F: 攻擊 player 造成傷害 3'),
(4566, 199, 'player: 攻擊 F 造成傷害 4'),
(4567, 199, 'F: 攻擊 player 造成傷害 3'),
(4568, 199, 'player: 攻擊 F 造成傷害 1'),
(4569, 199, 'F: 攻擊 player 造成傷害 3'),
(4570, 199, 'player: 攻擊 F 造成傷害 4');
INSERT INTO `msg_tab` (`msg_id`, `msg_sg_id`, `msg_content`) VALUES
(4571, 199, 'F: 攻擊 player 造成傷害 1'),
(4572, 199, 'player: 攻擊 F 造成傷害 2'),
(4573, 199, 'F: 攻擊 player 造成傷害 1'),
(4574, 199, 'player: 攻擊 F 造成傷害 3'),
(4575, 199, 'F: 攻擊 player 造成傷害 2'),
(4576, 199, 'player: 攻擊 F 造成傷害 1'),
(4577, 199, 'F: 攻擊 player 造成傷害 2'),
(4578, 199, 'player: 攻擊 F 造成傷害 2'),
(4579, 199, 'F: 攻擊 player 造成傷害 3'),
(4580, 199, 'player: 攻擊 F 造成傷害 2'),
(4581, 199, 'F: 攻擊 player 造成傷害 1'),
(4582, 199, 'player: 攻擊 F 造成傷害 5'),
(4583, 199, 'F: 攻擊 player 造成傷害 3'),
(4584, 199, 'player: 攻擊 F 造成傷害 3'),
(4585, 199, 'F: 攻擊 player 造成傷害 1'),
(4586, 199, 'player: 攻擊 F 造成傷害 4'),
(4587, 199, 'F已擊敗，玩家贏得勝利'),
(4588, 199, 'player: 攻擊 B 造成傷害 5'),
(4589, 199, 'B: 攻擊 player 造成傷害 1'),
(4590, 199, 'player: 攻擊 B 造成傷害 1'),
(4591, 199, 'B: 攻擊 player 造成傷害 1'),
(4592, 199, 'player: 攻擊 B 造成傷害 4'),
(4593, 199, 'B: 攻擊 player 造成傷害 1'),
(4594, 199, 'player: 攻擊 B 造成傷害 3'),
(4595, 199, 'B: 攻擊 player 造成傷害 1'),
(4596, 199, 'player: 攻擊 B 造成傷害 2'),
(4597, 199, 'B: 攻擊 player 造成傷害 1'),
(4598, 199, 'player: 攻擊 B 造成傷害 2'),
(4599, 199, 'B: 攻擊 player 造成傷害 1'),
(4600, 199, 'player: 攻擊 B 造成傷害 2'),
(4601, 199, 'B: 攻擊 player 造成傷害 1'),
(4602, 199, 'player: 攻擊 B 造成傷害 1'),
(4603, 199, 'B已擊敗，玩家贏得勝利'),
(4604, 199, 'player: 攻擊 J 造成傷害 3'),
(4605, 199, 'player: 攻擊 J 造成傷害 2'),
(4606, 199, 'J: 攻擊 player 造成傷害 4'),
(4607, 199, 'J: 攻擊 player 造成傷害 6'),
(4608, 199, 'player: 攻擊 J 造成傷害 5'),
(4609, 199, 'J: 攻擊 player 造成傷害 5'),
(4610, 199, 'player: 攻擊 J 造成傷害 3'),
(4611, 199, 'J: 攻擊 player 造成傷害 11'),
(4612, 199, 'player: 攻擊 J 造成傷害 2'),
(4613, 199, 'J: 攻擊 player 造成傷害 3'),
(4614, 199, 'player: 攻擊 J 造成傷害 1'),
(4615, 199, 'player: 攻擊 J 造成傷害 1'),
(4616, 199, 'J: 攻擊 player 造成傷害 12'),
(4617, 199, 'player，已死亡'),
(4618, 199, 'J: 攻擊 player 造成傷害 9'),
(4619, 199, 'player，已死亡'),
(4620, 0, 'player: 攻擊 G 造成傷害 2'),
(4621, 0, 'G: 攻擊 player 造成傷害 4'),
(4622, 0, 'player: 攻擊 G 造成傷害 1'),
(4623, 0, 'G: 攻擊 player 造成傷害 1'),
(4624, 0, 'player: 攻擊 G 造成傷害 2'),
(4625, 0, 'G: 攻擊 player 造成傷害 1'),
(4626, 0, 'player: 攻擊 G 造成傷害 2'),
(4627, 0, 'G: 攻擊 player 造成傷害 6'),
(4628, 0, 'player: 攻擊 G 造成傷害 5'),
(4629, 0, 'G: 攻擊 player 造成傷害 5'),
(4630, 0, 'player: 攻擊 G 造成傷害 2'),
(4631, 0, 'G: 攻擊 player 造成傷害 3'),
(4632, 0, 'player: 攻擊 G 造成傷害 3'),
(4633, 0, 'G: 攻擊 player 造成傷害 6'),
(4634, 0, 'player: 攻擊 G 造成傷害 2'),
(4635, 0, 'G: 攻擊 player 造成傷害 4'),
(4636, 0, 'player，已死亡'),
(4637, 0, 'player: 攻擊 J 造成傷害 2'),
(4638, 0, 'J: 攻擊 player 造成傷害 1'),
(4639, 0, 'player: 攻擊 J 造成傷害 5'),
(4640, 0, 'J: 攻擊 player 造成傷害 14'),
(4641, 0, 'player: 攻擊 J 造成傷害 4'),
(4642, 0, 'J: 攻擊 player 造成傷害 12'),
(4643, 0, 'player: 攻擊 J 造成傷害 4'),
(4644, 0, 'J: 攻擊 player 造成傷害 3'),
(4645, 0, 'player，已死亡'),
(4646, 0, 'player: 攻擊 I 造成傷害 4'),
(4647, 0, 'I: 攻擊 player 造成傷害 2'),
(4648, 0, 'player: 攻擊 I 造成傷害 5'),
(4649, 0, 'I: 攻擊 player 造成傷害 2'),
(4650, 0, 'player: 攻擊 I 造成傷害 5'),
(4651, 0, 'I: 攻擊 player 造成傷害 1'),
(4652, 0, 'player: 攻擊 I 造成傷害 4'),
(4653, 0, 'I: 攻擊 player 造成傷害 2'),
(4654, 0, 'player: 攻擊 I 造成傷害 2'),
(4655, 0, 'I: 攻擊 player 造成傷害 1'),
(4656, 0, 'player: 攻擊 I 造成傷害 4'),
(4657, 0, 'I: 攻擊 player 造成傷害 1'),
(4658, 0, 'player: 攻擊 I 造成傷害 4'),
(4659, 0, 'I: 攻擊 player 造成傷害 1'),
(4660, 0, 'player: 攻擊 I 造成傷害 3'),
(4661, 0, 'I: 攻擊 player 造成傷害 1'),
(4662, 0, 'player: 攻擊 I 造成傷害 2'),
(4663, 0, 'I: 攻擊 player 造成傷害 2'),
(4664, 0, 'player: 攻擊 I 造成傷害 5'),
(4665, 0, 'I: 攻擊 player 造成傷害 1'),
(4666, 0, 'player: 攻擊 I 造成傷害 2'),
(4667, 0, 'I: 攻擊 player 造成傷害 1'),
(4668, 0, 'player: 攻擊 I 造成傷害 3'),
(4669, 0, 'I: 攻擊 player 造成傷害 2'),
(4670, 0, 'player: 攻擊 I 造成傷害 4'),
(4671, 0, 'I: 攻擊 player 造成傷害 1'),
(4672, 0, 'player: 攻擊 I 造成傷害 4'),
(4673, 0, 'I: 攻擊 player 造成傷害 1'),
(4674, 0, 'player: 攻擊 I 造成傷害 5'),
(4675, 0, 'I已擊敗，玩家贏得勝利'),
(4676, 200, 'player: 攻擊 J 造成傷害 2'),
(4677, 200, 'J: 攻擊 player 造成傷害 1'),
(4678, 200, 'player: 攻擊 J 造成傷害 5'),
(4679, 200, 'J: 攻擊 player 造成傷害 6'),
(4680, 200, 'player: 攻擊 J 造成傷害 2'),
(4681, 200, 'J: 攻擊 player 造成傷害 11'),
(4682, 200, 'player: 攻擊 J 造成傷害 2'),
(4683, 200, 'J: 攻擊 player 造成傷害 2'),
(4684, 200, 'player: 攻擊 J 造成傷害 1'),
(4685, 200, 'J: 攻擊 player 造成傷害 11'),
(4686, 200, 'player，已死亡'),
(4687, 0, 'player: 攻擊 J 造成傷害 1'),
(4688, 0, 'J: 攻擊 player 造成傷害 4'),
(4689, 0, 'player: 攻擊 J 造成傷害 5'),
(4690, 0, 'J: 攻擊 player 造成傷害 3'),
(4691, 0, 'player: 攻擊 J 造成傷害 3'),
(4692, 0, 'J: 攻擊 player 造成傷害 6'),
(4693, 0, 'player: 攻擊 J 造成傷害 3'),
(4694, 0, 'J: 攻擊 player 造成傷害 3'),
(4695, 0, 'player: 攻擊 J 造成傷害 3'),
(4696, 0, 'J: 攻擊 player 造成傷害 2'),
(4697, 0, 'player: 攻擊 J 造成傷害 5'),
(4698, 0, 'J: 攻擊 player 造成傷害 7'),
(4699, 0, 'player: 攻擊 J 造成傷害 3'),
(4700, 0, 'J: 攻擊 player 造成傷害 5'),
(4701, 0, 'player，已死亡'),
(4702, 0, 'player: 攻擊 G 造成傷害 3'),
(4703, 0, 'G: 攻擊 player 造成傷害 4'),
(4704, 0, 'player: 攻擊 G 造成傷害 5'),
(4705, 0, 'G: 攻擊 player 造成傷害 2'),
(4706, 0, 'player: 攻擊 G 造成傷害 1'),
(4707, 0, 'G: 攻擊 player 造成傷害 1'),
(4708, 0, 'player: 攻擊 G 造成傷害 4'),
(4709, 0, 'G: 攻擊 player 造成傷害 4'),
(4710, 0, 'player: 攻擊 G 造成傷害 5'),
(4711, 0, 'G: 攻擊 player 造成傷害 2'),
(4712, 0, 'player: 攻擊 G 造成傷害 2'),
(4713, 0, 'G: 攻擊 player 造成傷害 6'),
(4714, 0, 'player: 攻擊 G 造成傷害 5'),
(4715, 0, 'G: 攻擊 player 造成傷害 4'),
(4716, 0, 'player: 攻擊 G 造成傷害 4'),
(4717, 0, 'G: 攻擊 player 造成傷害 2'),
(4718, 0, 'player: 攻擊 G 造成傷害 3'),
(4719, 0, 'G: 攻擊 player 造成傷害 1'),
(4720, 0, 'player: 攻擊 G 造成傷害 1'),
(4721, 0, 'G: 攻擊 player 造成傷害 6'),
(4722, 0, 'player，已死亡'),
(4723, 0, 'player: 攻擊 J 造成傷害 2'),
(4724, 0, 'J: 攻擊 player 造成傷害 9'),
(4725, 0, 'player: 攻擊 J 造成傷害 2'),
(4726, 0, 'J: 攻擊 player 造成傷害 14'),
(4727, 0, 'player: 攻擊 J 造成傷害 1'),
(4728, 0, 'J: 攻擊 player 造成傷害 5'),
(4729, 0, 'player: 攻擊 J 造成傷害 1'),
(4730, 0, 'J: 攻擊 player 造成傷害 11'),
(4731, 0, 'player，已死亡'),
(4732, 0, 'player: 攻擊 I 造成傷害 5'),
(4733, 0, 'I: 攻擊 player 造成傷害 1'),
(4734, 0, 'player: 攻擊 I 造成傷害 4'),
(4735, 0, 'I: 攻擊 player 造成傷害 1'),
(4736, 0, 'player: 攻擊 I 造成傷害 4'),
(4737, 0, 'I: 攻擊 player 造成傷害 2'),
(4738, 0, 'player: 攻擊 I 造成傷害 1'),
(4739, 0, 'I: 攻擊 player 造成傷害 1'),
(4740, 0, 'player: 攻擊 I 造成傷害 4'),
(4741, 0, 'I: 攻擊 player 造成傷害 1'),
(4742, 0, 'player: 攻擊 I 造成傷害 2'),
(4743, 0, 'I: 攻擊 player 造成傷害 1'),
(4744, 0, 'player: 攻擊 I 造成傷害 5'),
(4745, 0, 'I: 攻擊 player 造成傷害 2'),
(4746, 0, 'player: 攻擊 I 造成傷害 4'),
(4747, 0, 'I: 攻擊 player 造成傷害 2'),
(4748, 0, 'player: 攻擊 I 造成傷害 5'),
(4749, 0, 'I: 攻擊 player 造成傷害 1'),
(4750, 0, 'player: 攻擊 I 造成傷害 2'),
(4751, 0, 'I: 攻擊 player 造成傷害 2'),
(4752, 0, 'player: 攻擊 I 造成傷害 4'),
(4753, 0, 'I: 攻擊 player 造成傷害 2'),
(4754, 0, 'player: 攻擊 I 造成傷害 5'),
(4755, 0, 'I: 攻擊 player 造成傷害 1'),
(4756, 0, 'player: 攻擊 I 造成傷害 5'),
(4757, 0, 'I: 攻擊 player 造成傷害 2'),
(4758, 0, 'player: 攻擊 I 造成傷害 1'),
(4759, 0, 'I: 攻擊 player 造成傷害 2'),
(4760, 0, 'player: 攻擊 I 造成傷害 4'),
(4761, 0, 'I已擊敗，玩家贏得勝利'),
(4762, 201, 'player: 攻擊 F 造成傷害 4'),
(4763, 201, 'F: 攻擊 player 造成傷害 3'),
(4764, 201, 'player: 攻擊 F 造成傷害 2'),
(4765, 201, 'F: 攻擊 player 造成傷害 1'),
(4766, 201, 'player: 攻擊 F 造成傷害 2'),
(4767, 201, 'F: 攻擊 player 造成傷害 3'),
(4768, 201, 'player: 攻擊 F 造成傷害 3'),
(4769, 201, 'F: 攻擊 player 造成傷害 3'),
(4770, 201, 'player: 攻擊 F 造成傷害 2'),
(4771, 201, 'F: 攻擊 player 造成傷害 2'),
(4772, 201, 'player: 攻擊 F 造成傷害 2'),
(4773, 201, 'F: 攻擊 player 造成傷害 2'),
(4774, 201, 'player: 攻擊 F 造成傷害 1'),
(4775, 201, 'F: 攻擊 player 造成傷害 2'),
(4776, 201, 'player: 攻擊 F 造成傷害 5'),
(4777, 201, 'F: 攻擊 player 造成傷害 3'),
(4778, 201, 'player: 攻擊 F 造成傷害 4'),
(4779, 201, 'F: 攻擊 player 造成傷害 1'),
(4780, 201, 'player: 攻擊 F 造成傷害 4'),
(4781, 201, 'F: 攻擊 player 造成傷害 2'),
(4782, 201, 'player: 攻擊 F 造成傷害 1'),
(4783, 201, 'F: 攻擊 player 造成傷害 1'),
(4784, 201, 'player: 攻擊 F 造成傷害 5'),
(4785, 201, 'F: 攻擊 player 造成傷害 2'),
(4786, 201, 'player: 攻擊 F 造成傷害 4'),
(4787, 201, 'F: 攻擊 player 造成傷害 2'),
(4788, 201, 'player: 攻擊 F 造成傷害 5'),
(4789, 201, 'F已擊敗，玩家贏得勝利'),
(4790, 201, 'player: 攻擊 E 造成傷害 2'),
(4791, 201, 'E: 攻擊 player 造成傷害 1'),
(4792, 201, 'player: 攻擊 E 造成傷害 1'),
(4793, 201, 'E: 攻擊 player 造成傷害 2'),
(4794, 201, 'player: 攻擊 E 造成傷害 5'),
(4795, 201, 'E: 攻擊 player 造成傷害 4'),
(4796, 201, 'player: 攻擊 E 造成傷害 1'),
(4797, 201, 'E: 攻擊 player 造成傷害 1'),
(4798, 201, 'player: 攻擊 E 造成傷害 4'),
(4799, 201, 'E: 攻擊 player 造成傷害 2'),
(4800, 201, 'player: 攻擊 E 造成傷害 4'),
(4801, 201, 'E: 攻擊 player 造成傷害 4'),
(4802, 201, 'player: 攻擊 E 造成傷害 3'),
(4803, 201, 'E: 攻擊 player 造成傷害 3'),
(4804, 201, 'player: 攻擊 E 造成傷害 5'),
(4805, 201, 'E: 攻擊 player 造成傷害 4'),
(4806, 201, 'player: 攻擊 E 造成傷害 4'),
(4807, 201, 'E: 攻擊 player 造成傷害 3'),
(4808, 201, 'player: 攻擊 E 造成傷害 1'),
(4809, 201, 'E: 攻擊 player 造成傷害 1'),
(4810, 201, 'player: 攻擊 E 造成傷害 2'),
(4811, 201, 'E: 攻擊 player 造成傷害 2'),
(4812, 201, 'player: 攻擊 E 造成傷害 1'),
(4813, 201, 'E: 攻擊 player 造成傷害 3'),
(4814, 201, 'player，已死亡'),
(4815, 202, 'player: 攻擊 H 造成傷害 2'),
(4816, 202, 'H: 攻擊 player 造成傷害 3'),
(4817, 202, 'player: 攻擊 H 造成傷害 1'),
(4818, 202, 'H: 攻擊 player 造成傷害 2'),
(4819, 202, 'player: 攻擊 H 造成傷害 3'),
(4820, 202, 'H: 攻擊 player 造成傷害 1'),
(4821, 202, 'player: 攻擊 H 造成傷害 1'),
(4822, 202, 'H: 攻擊 player 造成傷害 2'),
(4823, 202, 'player: 攻擊 H 造成傷害 2'),
(4824, 202, 'H: 攻擊 player 造成傷害 3'),
(4825, 202, 'player: 攻擊 H 造成傷害 3'),
(4826, 202, 'H: 攻擊 player 造成傷害 2'),
(4827, 202, 'player: 攻擊 H 造成傷害 2'),
(4828, 202, 'H: 攻擊 player 造成傷害 1'),
(4829, 202, 'player: 攻擊 H 造成傷害 4'),
(4830, 202, 'H: 攻擊 player 造成傷害 3'),
(4831, 202, 'player: 攻擊 H 造成傷害 1'),
(4832, 202, 'H: 攻擊 player 造成傷害 2'),
(4833, 202, 'player: 攻擊 H 造成傷害 3'),
(4834, 202, 'H: 攻擊 player 造成傷害 1'),
(4835, 202, 'player: 攻擊 H 造成傷害 4'),
(4836, 202, 'H: 攻擊 player 造成傷害 3'),
(4837, 202, 'player: 攻擊 H 造成傷害 3'),
(4838, 202, 'player: 攻擊 H 造成傷害 4'),
(4839, 202, 'H: 攻擊 player 造成傷害 2'),
(4840, 202, 'H: 攻擊 player 造成傷害 3'),
(4841, 202, 'player: 攻擊 H 造成傷害 5'),
(4842, 202, 'H: 攻擊 player 造成傷害 2'),
(4843, 202, 'player: 攻擊 H 造成傷害 4'),
(4844, 202, 'H: 攻擊 player 造成傷害 1'),
(4845, 202, 'player: 攻擊 H 造成傷害 5'),
(4846, 202, 'H: 攻擊 player 造成傷害 2'),
(4847, 202, 'player，已死亡'),
(4848, 202, 'player: 攻擊 J 造成傷害 1'),
(4849, 202, 'J: 攻擊 player 造成傷害 1'),
(4850, 202, 'player: 攻擊 J 造成傷害 5'),
(4851, 202, 'J: 攻擊 player 造成傷害 8'),
(4852, 202, 'player: 攻擊 J 造成傷害 3'),
(4853, 202, 'J: 攻擊 player 造成傷害 5'),
(4854, 202, 'player: 攻擊 J 造成傷害 3'),
(4855, 202, 'J: 攻擊 player 造成傷害 1'),
(4856, 202, 'player: 攻擊 J 造成傷害 3'),
(4857, 202, 'J: 攻擊 player 造成傷害 9'),
(4858, 202, 'player: 攻擊 J 造成傷害 3'),
(4859, 202, 'J: 攻擊 player 造成傷害 2'),
(4860, 202, 'player: 攻擊 J 造成傷害 3'),
(4861, 202, 'player: 攻擊 J 造成傷害 3'),
(4862, 202, 'J: 攻擊 player 造成傷害 5'),
(4863, 202, 'player，已死亡'),
(4864, 202, 'J: 攻擊 player 造成傷害 11'),
(4865, 202, 'player，已死亡'),
(4866, 202, 'player: 攻擊 H 造成傷害 4'),
(4867, 202, 'H: 攻擊 player 造成傷害 3'),
(4868, 202, 'player: 攻擊 H 造成傷害 3'),
(4869, 202, 'H: 攻擊 player 造成傷害 2'),
(4870, 202, 'player: 攻擊 H 造成傷害 1'),
(4871, 202, 'H: 攻擊 player 造成傷害 3'),
(4872, 202, 'player: 攻擊 H 造成傷害 2'),
(4873, 202, 'H: 攻擊 player 造成傷害 1'),
(4874, 202, 'player: 攻擊 H 造成傷害 2'),
(4875, 202, 'H: 攻擊 player 造成傷害 3'),
(4876, 202, 'player: 攻擊 H 造成傷害 5'),
(4877, 202, 'H: 攻擊 player 造成傷害 1'),
(4878, 202, 'player: 攻擊 H 造成傷害 1'),
(4879, 202, 'H: 攻擊 player 造成傷害 2'),
(4880, 202, 'player: 攻擊 H 造成傷害 1'),
(4881, 202, 'H: 攻擊 player 造成傷害 2'),
(4882, 202, 'player: 攻擊 H 造成傷害 1'),
(4883, 202, 'H: 攻擊 player 造成傷害 3'),
(4884, 202, 'player: 攻擊 H 造成傷害 4'),
(4885, 202, 'H: 攻擊 player 造成傷害 2'),
(4886, 202, 'player: 攻擊 H 造成傷害 2'),
(4887, 202, 'H: 攻擊 player 造成傷害 1'),
(4888, 202, 'player: 攻擊 H 造成傷害 3'),
(4889, 202, 'H: 攻擊 player 造成傷害 3'),
(4890, 202, 'player: 攻擊 H 造成傷害 2'),
(4891, 202, 'H: 攻擊 player 造成傷害 3'),
(4892, 202, 'player: 攻擊 H 造成傷害 2'),
(4893, 202, 'H: 攻擊 player 造成傷害 3'),
(4894, 202, 'player，已死亡'),
(4895, 202, 'player: 攻擊 F 造成傷害 1'),
(4896, 202, 'F: 攻擊 player 造成傷害 2'),
(4897, 202, 'player: 攻擊 F 造成傷害 1'),
(4898, 202, 'F: 攻擊 player 造成傷害 1'),
(4899, 202, 'player: 攻擊 F 造成傷害 4'),
(4900, 202, 'F: 攻擊 player 造成傷害 2'),
(4901, 202, 'player: 攻擊 F 造成傷害 1'),
(4902, 202, 'F: 攻擊 player 造成傷害 3'),
(4903, 202, 'player: 攻擊 F 造成傷害 2'),
(4904, 202, 'F: 攻擊 player 造成傷害 3'),
(4905, 202, 'player: 攻擊 F 造成傷害 3'),
(4906, 202, 'F: 攻擊 player 造成傷害 2'),
(4907, 202, 'player: 攻擊 F 造成傷害 2'),
(4908, 202, 'F: 攻擊 player 造成傷害 3'),
(4909, 202, 'player: 攻擊 F 造成傷害 2'),
(4910, 202, 'F: 攻擊 player 造成傷害 3'),
(4911, 202, 'player: 攻擊 F 造成傷害 4'),
(4912, 202, 'F: 攻擊 player 造成傷害 1'),
(4913, 202, 'player: 攻擊 F 造成傷害 5'),
(4914, 202, 'F: 攻擊 player 造成傷害 1'),
(4915, 202, 'player: 攻擊 F 造成傷害 1'),
(4916, 202, 'F: 攻擊 player 造成傷害 3'),
(4917, 202, 'player: 攻擊 F 造成傷害 2'),
(4918, 202, 'F: 攻擊 player 造成傷害 1'),
(4919, 202, 'player: 攻擊 F 造成傷害 2'),
(4920, 202, 'F: 攻擊 player 造成傷害 2'),
(4921, 202, 'player: 攻擊 F 造成傷害 2'),
(4922, 202, 'F: 攻擊 player 造成傷害 1'),
(4923, 202, 'player: 攻擊 F 造成傷害 2'),
(4924, 202, 'F: 攻擊 player 造成傷害 2'),
(4925, 202, 'player，已死亡'),
(4926, 202, 'player: 攻擊 G 造成傷害 5'),
(4927, 202, 'G: 攻擊 player 造成傷害 2'),
(4928, 202, 'player: 攻擊 G 造成傷害 3'),
(4929, 202, 'G: 攻擊 player 造成傷害 1'),
(4930, 202, 'player: 攻擊 G 造成傷害 1'),
(4931, 202, 'G: 攻擊 player 造成傷害 2'),
(4932, 202, 'player: 攻擊 G 造成傷害 3'),
(4933, 202, 'G: 攻擊 player 造成傷害 1'),
(4934, 202, 'player: 攻擊 G 造成傷害 1'),
(4935, 202, 'G: 攻擊 player 造成傷害 3'),
(4936, 202, 'player: 攻擊 G 造成傷害 1'),
(4937, 202, 'G: 攻擊 player 造成傷害 5'),
(4938, 202, 'player: 攻擊 G 造成傷害 5'),
(4939, 202, 'G: 攻擊 player 造成傷害 1'),
(4940, 202, 'player: 攻擊 G 造成傷害 3'),
(4941, 202, 'G: 攻擊 player 造成傷害 2'),
(4942, 202, 'player: 攻擊 G 造成傷害 2'),
(4943, 202, 'G: 攻擊 player 造成傷害 2'),
(4944, 202, 'player: 攻擊 G 造成傷害 3'),
(4945, 202, 'G: 攻擊 player 造成傷害 3'),
(4946, 202, 'player: 攻擊 G 造成傷害 3'),
(4947, 202, 'G: 攻擊 player 造成傷害 4'),
(4948, 202, 'player: 攻擊 G 造成傷害 4'),
(4949, 202, 'G: 攻擊 player 造成傷害 2'),
(4950, 202, 'player: 攻擊 G 造成傷害 4'),
(4951, 202, 'G: 攻擊 player 造成傷害 2'),
(4952, 202, 'player，已死亡'),
(4953, 202, 'player: 攻擊 C 造成傷害 3'),
(4954, 202, 'C: 攻擊 player 造成傷害 3'),
(4955, 202, 'player: 攻擊 C 造成傷害 5'),
(4956, 202, 'C: 攻擊 player 造成傷害 1'),
(4957, 202, 'player: 攻擊 C 造成傷害 4'),
(4958, 202, 'C: 攻擊 player 造成傷害 2'),
(4959, 202, 'player: 攻擊 C 造成傷害 5'),
(4960, 202, 'C: 攻擊 player 造成傷害 3'),
(4961, 202, 'player: 攻擊 C 造成傷害 5'),
(4962, 202, 'C: 攻擊 player 造成傷害 3'),
(4963, 202, 'player: 攻擊 C 造成傷害 3'),
(4964, 202, 'C已擊敗，玩家贏得勝利'),
(4965, 203, 'player: 攻擊 J 造成傷害 2'),
(4966, 203, 'J: 攻擊 player 造成傷害 3'),
(4967, 203, 'player: 攻擊 J 造成傷害 3'),
(4968, 203, 'J: 攻擊 player 造成傷害 5'),
(4969, 203, 'player: 攻擊 J 造成傷害 5'),
(4970, 203, 'J: 攻擊 player 造成傷害 13'),
(4971, 203, 'player: 攻擊 J 造成傷害 3'),
(4972, 203, 'J: 攻擊 player 造成傷害 4'),
(4973, 203, 'player: 攻擊 J 造成傷害 1'),
(4974, 203, 'J: 攻擊 player 造成傷害 13'),
(4975, 203, 'player，已死亡'),
(4976, 203, 'player: 攻擊 F 造成傷害 2'),
(4977, 203, 'F: 攻擊 player 造成傷害 2'),
(4978, 203, 'player: 攻擊 F 造成傷害 4'),
(4979, 203, 'F: 攻擊 player 造成傷害 2'),
(4980, 203, 'player: 攻擊 F 造成傷害 3'),
(4981, 203, 'F: 攻擊 player 造成傷害 3'),
(4982, 203, 'player: 攻擊 F 造成傷害 4'),
(4983, 203, 'F: 攻擊 player 造成傷害 2'),
(4984, 203, 'player: 攻擊 F 造成傷害 1'),
(4985, 203, 'F: 攻擊 player 造成傷害 1'),
(4986, 203, 'player: 攻擊 F 造成傷害 4'),
(4987, 203, 'F: 攻擊 player 造成傷害 3'),
(4988, 203, 'player: 攻擊 F 造成傷害 5'),
(4989, 203, 'F: 攻擊 player 造成傷害 1'),
(4990, 203, 'player: 攻擊 F 造成傷害 4'),
(4991, 203, 'F: 攻擊 player 造成傷害 2'),
(4992, 203, 'player: 攻擊 F 造成傷害 5'),
(4993, 203, 'F: 攻擊 player 造成傷害 3'),
(4994, 203, 'player: 攻擊 F 造成傷害 5'),
(4995, 203, 'F: 攻擊 player 造成傷害 2'),
(4996, 203, 'player: 攻擊 F 造成傷害 2'),
(4997, 203, 'player: 攻擊 F 造成傷害 4'),
(4998, 203, 'F已擊敗，玩家贏得勝利'),
(4999, 203, 'F: 攻擊 player 造成傷害 2'),
(5000, 204, 'player: 攻擊 E 造成傷害 5'),
(5001, 204, 'E: 攻擊 player 造成傷害 3'),
(5002, 204, 'player: 攻擊 E 造成傷害 5'),
(5003, 204, 'E: 攻擊 player 造成傷害 3'),
(5004, 204, 'player: 攻擊 E 造成傷害 2'),
(5005, 204, 'E: 攻擊 player 造成傷害 1'),
(5006, 204, 'player: 攻擊 E 造成傷害 5'),
(5007, 204, 'E: 攻擊 player 造成傷害 2'),
(5008, 204, 'player: 攻擊 E 造成傷害 2'),
(5009, 204, 'E: 攻擊 player 造成傷害 2'),
(5010, 204, 'player: 攻擊 E 造成傷害 3'),
(5011, 204, 'E: 攻擊 player 造成傷害 3'),
(5012, 204, 'player: 攻擊 E 造成傷害 3'),
(5013, 204, 'E: 攻擊 player 造成傷害 3'),
(5014, 204, 'player: 攻擊 E 造成傷害 3'),
(5015, 204, 'E: 攻擊 player 造成傷害 1'),
(5016, 204, 'player: 攻擊 E 造成傷害 2'),
(5017, 204, 'E: 攻擊 player 造成傷害 2'),
(5018, 204, 'player: 攻擊 E 造成傷害 3'),
(5019, 204, 'E: 攻擊 player 造成傷害 3'),
(5020, 204, 'player: 攻擊 E 造成傷害 1'),
(5021, 204, 'E: 攻擊 player 造成傷害 2'),
(5022, 204, 'player: 攻擊 E 造成傷害 1'),
(5023, 204, 'E已擊敗，玩家贏得勝利'),
(5024, 204, 'player: 攻擊 E 造成傷害 5'),
(5025, 204, 'E已擊敗，玩家贏得勝利'),
(5026, 204, 'player: 攻擊 I 造成傷害 4'),
(5027, 204, 'I: 攻擊 player 造成傷害 1'),
(5028, 204, 'player: 攻擊 I 造成傷害 2'),
(5029, 204, 'I: 攻擊 player 造成傷害 2'),
(5030, 204, 'player: 攻擊 I 造成傷害 1'),
(5031, 204, 'I: 攻擊 player 造成傷害 2'),
(5032, 204, 'player: 攻擊 I 造成傷害 3'),
(5033, 204, 'I: 攻擊 player 造成傷害 2'),
(5034, 204, 'player: 攻擊 I 造成傷害 4'),
(5035, 204, 'I: 攻擊 player 造成傷害 1'),
(5036, 204, 'player: 攻擊 I 造成傷害 1'),
(5037, 204, 'I: 攻擊 player 造成傷害 2'),
(5038, 204, 'player: 攻擊 I 造成傷害 1'),
(5039, 204, 'I: 攻擊 player 造成傷害 1'),
(5040, 204, 'player: 攻擊 I 造成傷害 4'),
(5041, 204, 'I: 攻擊 player 造成傷害 1'),
(5042, 204, 'player: 攻擊 I 造成傷害 3'),
(5043, 204, 'I: 攻擊 player 造成傷害 2'),
(5044, 204, 'player: 攻擊 I 造成傷害 4'),
(5045, 204, 'I: 攻擊 player 造成傷害 1'),
(5046, 204, 'player: 攻擊 I 造成傷害 2'),
(5047, 204, 'I: 攻擊 player 造成傷害 2'),
(5048, 204, 'player: 攻擊 I 造成傷害 3'),
(5049, 204, 'I: 攻擊 player 造成傷害 2'),
(5050, 204, 'player: 攻擊 I 造成傷害 1'),
(5051, 204, 'I: 攻擊 player 造成傷害 2'),
(5052, 204, 'player: 攻擊 I 造成傷害 2'),
(5053, 204, 'I: 攻擊 player 造成傷害 2'),
(5054, 204, 'player: 攻擊 I 造成傷害 4'),
(5055, 204, 'I: 攻擊 player 造成傷害 1'),
(5056, 204, 'player: 攻擊 I 造成傷害 5'),
(5057, 204, 'I: 攻擊 player 造成傷害 1'),
(5058, 204, 'player: 攻擊 I 造成傷害 2'),
(5059, 204, 'I: 攻擊 player 造成傷害 1'),
(5060, 204, 'player: 攻擊 I 造成傷害 4'),
(5061, 204, 'I: 攻擊 player 造成傷害 2'),
(5062, 204, 'player: 攻擊 I 造成傷害 4'),
(5063, 204, 'I: 攻擊 player 造成傷害 1'),
(5064, 204, 'player: 攻擊 I 造成傷害 3'),
(5065, 204, 'I已擊敗，玩家贏得勝利'),
(5066, 204, 'player: 攻擊 A 造成傷害 1'),
(5067, 204, 'A: 攻擊 player 造成傷害 1'),
(5068, 204, 'player: 攻擊 A 造成傷害 2'),
(5069, 204, 'A: 攻擊 player 造成傷害 1'),
(5070, 204, 'player: 攻擊 A 造成傷害 1'),
(5071, 204, 'A: 攻擊 player 造成傷害 1'),
(5072, 204, 'player: 攻擊 A 造成傷害 3'),
(5073, 204, 'A: 攻擊 player 造成傷害 1'),
(5074, 204, 'player: 攻擊 A 造成傷害 5'),
(5075, 204, 'A已擊敗，玩家贏得勝利'),
(5076, 204, 'player: 攻擊 E 造成傷害 5'),
(5077, 204, 'E: 攻擊 player 造成傷害 2'),
(5078, 204, 'player: 攻擊 E 造成傷害 4'),
(5079, 204, 'E: 攻擊 player 造成傷害 3'),
(5080, 204, 'player: 攻擊 E 造成傷害 3'),
(5081, 204, 'E: 攻擊 player 造成傷害 1'),
(5082, 204, 'player: 攻擊 E 造成傷害 5'),
(5083, 204, 'E: 攻擊 player 造成傷害 4'),
(5084, 204, 'player: 攻擊 E 造成傷害 1'),
(5085, 204, 'E: 攻擊 player 造成傷害 4'),
(5086, 204, 'player: 攻擊 E 造成傷害 5'),
(5087, 204, 'E: 攻擊 player 造成傷害 4'),
(5088, 204, 'player: 攻擊 E 造成傷害 4'),
(5089, 204, 'E: 攻擊 player 造成傷害 4'),
(5090, 204, 'player: 攻擊 E 造成傷害 3'),
(5091, 204, 'E: 攻擊 player 造成傷害 2'),
(5092, 204, 'player: 攻擊 E 造成傷害 5'),
(5093, 204, 'E已擊敗，玩家贏得勝利'),
(5094, 204, 'player: 攻擊 C 造成傷害 4'),
(5095, 204, 'player: 攻擊 C 造成傷害 2'),
(5096, 204, 'C: 攻擊 player 造成傷害 2'),
(5097, 204, 'C: 攻擊 player 造成傷害 2'),
(5098, 204, 'player: 攻擊 C 造成傷害 1'),
(5099, 204, 'C: 攻擊 player 造成傷害 3'),
(5100, 204, 'player: 攻擊 C 造成傷害 5'),
(5101, 204, 'C: 攻擊 player 造成傷害 2'),
(5102, 204, 'player: 攻擊 C 造成傷害 2'),
(5103, 204, 'C: 攻擊 player 造成傷害 1'),
(5104, 204, 'player: 攻擊 C 造成傷害 4'),
(5105, 204, 'C: 攻擊 player 造成傷害 2'),
(5106, 204, 'player: 攻擊 C 造成傷害 4'),
(5107, 204, 'C: 攻擊 player 造成傷害 3'),
(5108, 204, 'player: 攻擊 C 造成傷害 2'),
(5109, 204, 'C: 攻擊 player 造成傷害 3'),
(5110, 204, 'player: 攻擊 C 造成傷害 2'),
(5111, 204, 'C: 攻擊 player 造成傷害 1'),
(5112, 204, 'player: 攻擊 C 造成傷害 1'),
(5113, 204, 'C: 攻擊 player 造成傷害 1'),
(5114, 204, 'player: 攻擊 C 造成傷害 3'),
(5115, 204, 'C已擊敗，玩家贏得勝利'),
(5116, 204, 'player: 攻擊 E 造成傷害 5'),
(5117, 204, 'E: 攻擊 player 造成傷害 2'),
(5118, 204, 'player: 攻擊 E 造成傷害 2'),
(5119, 204, 'E: 攻擊 player 造成傷害 3'),
(5120, 204, 'player: 攻擊 E 造成傷害 4'),
(5121, 204, 'E: 攻擊 player 造成傷害 3'),
(5122, 204, 'player: 攻擊 E 造成傷害 1'),
(5123, 204, 'E: 攻擊 player 造成傷害 1'),
(5124, 204, 'player: 攻擊 E 造成傷害 1'),
(5125, 204, 'E: 攻擊 player 造成傷害 4'),
(5126, 204, 'player: 攻擊 E 造成傷害 4'),
(5127, 204, 'E: 攻擊 player 造成傷害 3'),
(5128, 204, 'player: 攻擊 E 造成傷害 1'),
(5129, 204, 'E: 攻擊 player 造成傷害 2'),
(5130, 204, 'player: 攻擊 E 造成傷害 4'),
(5131, 204, 'E: 攻擊 player 造成傷害 4'),
(5132, 204, 'player: 攻擊 E 造成傷害 4'),
(5133, 204, 'E: 攻擊 player 造成傷害 3'),
(5134, 204, 'player: 攻擊 E 造成傷害 4'),
(5135, 204, 'E: 攻擊 player 造成傷害 3'),
(5136, 204, 'player: 攻擊 E 造成傷害 1'),
(5137, 204, 'E: 攻擊 player 造成傷害 1'),
(5138, 204, 'player: 攻擊 E 造成傷害 3'),
(5139, 204, 'E: 攻擊 player 造成傷害 2'),
(5140, 204, 'player，已死亡'),
(5141, 204, 'player: 攻擊 A 造成傷害 1'),
(5142, 204, 'A: 攻擊 player 造成傷害 1'),
(5143, 204, 'player: 攻擊 A 造成傷害 1'),
(5144, 204, 'A: 攻擊 player 造成傷害 1'),
(5145, 204, 'player: 攻擊 A 造成傷害 5'),
(5146, 204, 'A: 攻擊 player 造成傷害 1'),
(5147, 204, 'player: 攻擊 A 造成傷害 3'),
(5148, 204, 'A已擊敗，玩家贏得勝利'),
(5149, 204, 'player: 攻擊 J 造成傷害 4'),
(5150, 204, 'player: 攻擊 J 造成傷害 4'),
(5151, 204, 'J: 攻擊 player 造成傷害 8'),
(5152, 204, 'J: 攻擊 player 造成傷害 11'),
(5153, 204, 'player: 攻擊 J 造成傷害 4'),
(5154, 204, 'J: 攻擊 player 造成傷害 10'),
(5155, 204, 'player: 攻擊 J 造成傷害 3'),
(5156, 204, 'J: 攻擊 player 造成傷害 3'),
(5157, 204, 'player: 攻擊 J 造成傷害 3'),
(5158, 204, 'player: 攻擊 J 造成傷害 4'),
(5159, 204, 'J: 攻擊 player 造成傷害 11'),
(5160, 204, 'player，已死亡'),
(5161, 204, 'J: 攻擊 player 造成傷害 7'),
(5162, 204, 'player，已死亡'),
(5163, 204, 'player: 攻擊 A 造成傷害 4'),
(5164, 204, 'A: 攻擊 player 造成傷害 1'),
(5165, 204, 'player: 攻擊 A 造成傷害 3'),
(5166, 204, 'A: 攻擊 player 造成傷害 1'),
(5167, 204, 'player: 攻擊 A 造成傷害 1'),
(5168, 204, 'A: 攻擊 player 造成傷害 1'),
(5169, 204, 'player: 攻擊 A 造成傷害 2'),
(5170, 204, 'A已擊敗，玩家贏得勝利'),
(5171, 204, 'player: 攻擊 E 造成傷害 5'),
(5172, 204, 'E: 攻擊 player 造成傷害 3'),
(5173, 204, 'player: 攻擊 E 造成傷害 4'),
(5174, 204, 'E: 攻擊 player 造成傷害 3'),
(5175, 204, 'player: 攻擊 E 造成傷害 3'),
(5176, 204, 'E: 攻擊 player 造成傷害 2'),
(5177, 204, 'player: 攻擊 E 造成傷害 1'),
(5178, 204, 'E: 攻擊 player 造成傷害 4'),
(5179, 204, 'player: 攻擊 E 造成傷害 2'),
(5180, 204, 'E: 攻擊 player 造成傷害 1'),
(5181, 204, 'player: 攻擊 E 造成傷害 1'),
(5182, 204, 'E: 攻擊 player 造成傷害 4'),
(5183, 204, 'player: 攻擊 E 造成傷害 5'),
(5184, 204, 'E: 攻擊 player 造成傷害 4'),
(5185, 204, 'player: 攻擊 E 造成傷害 5'),
(5186, 204, 'E: 攻擊 player 造成傷害 2'),
(5187, 204, 'player: 攻擊 E 造成傷害 4'),
(5188, 204, 'E: 攻擊 player 造成傷害 2'),
(5189, 204, 'player: 攻擊 E 造成傷害 2'),
(5190, 204, 'E: 攻擊 player 造成傷害 1'),
(5191, 204, 'player: 攻擊 E 造成傷害 3'),
(5192, 204, 'E已擊敗，玩家贏得勝利'),
(5193, 205, 'player: 攻擊 G 造成傷害 2'),
(5194, 205, 'G: 攻擊 player 造成傷害 5'),
(5195, 205, 'player: 攻擊 G 造成傷害 1'),
(5196, 205, 'G: 攻擊 player 造成傷害 2'),
(5197, 205, 'player: 攻擊 G 造成傷害 5'),
(5198, 205, 'G: 攻擊 player 造成傷害 2'),
(5199, 205, 'player: 攻擊 G 造成傷害 5'),
(5200, 205, 'G: 攻擊 player 造成傷害 1'),
(5201, 205, 'player: 攻擊 G 造成傷害 4'),
(5202, 205, 'G: 攻擊 player 造成傷害 5'),
(5203, 205, 'player: 攻擊 G 造成傷害 5'),
(5204, 205, 'G: 攻擊 player 造成傷害 5'),
(5205, 205, 'player: 攻擊 G 造成傷害 4'),
(5206, 205, 'G: 攻擊 player 造成傷害 2'),
(5207, 205, 'player: 攻擊 G 造成傷害 5'),
(5208, 205, 'G: 攻擊 player 造成傷害 2'),
(5209, 205, 'player: 攻擊 G 造成傷害 5'),
(5210, 205, 'G: 攻擊 player 造成傷害 5'),
(5211, 205, 'player: 攻擊 G 造成傷害 1'),
(5212, 205, 'G: 攻擊 player 造成傷害 2'),
(5213, 205, 'player，已死亡'),
(5214, 205, 'player: 攻擊 F 造成傷害 4'),
(5215, 205, 'F: 攻擊 player 造成傷害 2'),
(5216, 205, 'player: 攻擊 F 造成傷害 1'),
(5217, 205, 'F: 攻擊 player 造成傷害 1'),
(5218, 205, 'player: 攻擊 F 造成傷害 3'),
(5219, 205, 'F: 攻擊 player 造成傷害 1'),
(5220, 205, 'player: 攻擊 F 造成傷害 2'),
(5221, 205, 'F: 攻擊 player 造成傷害 2'),
(5222, 205, 'player: 攻擊 F 造成傷害 1'),
(5223, 205, 'F: 攻擊 player 造成傷害 1'),
(5224, 205, 'player: 攻擊 F 造成傷害 1'),
(5225, 205, 'F: 攻擊 player 造成傷害 1'),
(5226, 205, 'player: 攻擊 F 造成傷害 4'),
(5227, 205, 'F: 攻擊 player 造成傷害 1'),
(5228, 205, 'player: 攻擊 F 造成傷害 3'),
(5229, 205, 'F: 攻擊 player 造成傷害 1'),
(5230, 205, 'player: 攻擊 F 造成傷害 2'),
(5231, 205, 'F: 攻擊 player 造成傷害 1'),
(5232, 205, 'player: 攻擊 F 造成傷害 2'),
(5233, 205, 'F: 攻擊 player 造成傷害 1'),
(5234, 205, 'player: 攻擊 F 造成傷害 5'),
(5235, 205, 'F: 攻擊 player 造成傷害 2'),
(5236, 205, 'player: 攻擊 F 造成傷害 1'),
(5237, 205, 'F: 攻擊 player 造成傷害 2'),
(5238, 205, 'player: 攻擊 F 造成傷害 2'),
(5239, 205, 'F: 攻擊 player 造成傷害 1'),
(5240, 205, 'player: 攻擊 F 造成傷害 1'),
(5241, 205, 'F: 攻擊 player 造成傷害 3'),
(5242, 205, 'player: 攻擊 F 造成傷害 3'),
(5243, 205, 'F: 攻擊 player 造成傷害 3'),
(5244, 205, 'player: 攻擊 F 造成傷害 2'),
(5245, 205, 'F: 攻擊 player 造成傷害 1'),
(5246, 205, 'player: 攻擊 F 造成傷害 1'),
(5247, 205, 'F: 攻擊 player 造成傷害 3'),
(5248, 205, 'player: 攻擊 F 造成傷害 4'),
(5249, 205, 'F已擊敗，玩家贏得勝利'),
(5250, 205, 'player: 攻擊 F 造成傷害 5'),
(5251, 205, 'F: 攻擊 player 造成傷害 3'),
(5252, 205, 'player: 攻擊 F 造成傷害 4'),
(5253, 205, 'F: 攻擊 player 造成傷害 3'),
(5254, 205, 'player: 攻擊 F 造成傷害 5'),
(5255, 205, 'F: 攻擊 player 造成傷害 1'),
(5256, 205, 'player: 攻擊 F 造成傷害 2'),
(5257, 205, 'F: 攻擊 player 造成傷害 3'),
(5258, 205, 'player: 攻擊 F 造成傷害 5'),
(5259, 205, 'F: 攻擊 player 造成傷害 1'),
(5260, 205, 'player: 攻擊 F 造成傷害 2'),
(5261, 205, 'F: 攻擊 player 造成傷害 1'),
(5262, 205, 'player: 攻擊 F 造成傷害 3'),
(5263, 205, 'F: 攻擊 player 造成傷害 3'),
(5264, 205, 'player: 攻擊 F 造成傷害 1'),
(5265, 205, 'F: 攻擊 player 造成傷害 2'),
(5266, 205, 'player: 攻擊 F 造成傷害 1'),
(5267, 205, 'F: 攻擊 player 造成傷害 2'),
(5268, 205, 'player: 攻擊 F 造成傷害 2'),
(5269, 205, 'F: 攻擊 player 造成傷害 3'),
(5270, 205, 'player: 攻擊 F 造成傷害 1'),
(5271, 205, 'F: 攻擊 player 造成傷害 3'),
(5272, 205, 'player: 攻擊 F 造成傷害 5'),
(5273, 205, 'F: 攻擊 player 造成傷害 1'),
(5274, 205, 'player: 攻擊 F 造成傷害 1'),
(5275, 205, 'F: 攻擊 player 造成傷害 2'),
(5276, 205, 'player: 攻擊 F 造成傷害 1'),
(5277, 205, 'F: 攻擊 player 造成傷害 2'),
(5278, 205, 'player，已死亡'),
(5279, 205, 'player: 攻擊 G 造成傷害 2'),
(5280, 205, 'G: 攻擊 player 造成傷害 1'),
(5281, 205, 'player: 攻擊 G 造成傷害 2'),
(5282, 205, 'G: 攻擊 player 造成傷害 2'),
(5283, 205, 'player: 攻擊 G 造成傷害 5'),
(5284, 205, 'G: 攻擊 player 造成傷害 5'),
(5285, 205, 'player: 攻擊 G 造成傷害 3'),
(5286, 205, 'G: 攻擊 player 造成傷害 5'),
(5287, 205, 'player: 攻擊 G 造成傷害 3'),
(5288, 205, 'G: 攻擊 player 造成傷害 1'),
(5289, 205, 'player: 攻擊 G 造成傷害 5'),
(5290, 205, 'G: 攻擊 player 造成傷害 3'),
(5291, 205, 'player: 攻擊 G 造成傷害 2'),
(5292, 205, 'G: 攻擊 player 造成傷害 6'),
(5293, 205, 'player: 攻擊 G 造成傷害 5'),
(5294, 205, 'G: 攻擊 player 造成傷害 1'),
(5295, 205, 'player: 攻擊 G 造成傷害 5'),
(5296, 205, 'G: 攻擊 player 造成傷害 6'),
(5297, 205, 'player，已死亡'),
(5298, 205, 'player: 攻擊 A 造成傷害 3'),
(5299, 205, 'A: 攻擊 player 造成傷害 1'),
(5300, 205, 'player: 攻擊 A 造成傷害 1'),
(5301, 205, 'A: 攻擊 player 造成傷害 1'),
(5302, 205, 'player: 攻擊 A 造成傷害 4'),
(5303, 205, 'A: 攻擊 player 造成傷害 1'),
(5304, 205, 'player: 攻擊 A 造成傷害 2'),
(5305, 205, 'A已擊敗，玩家贏得勝利'),
(5306, 205, 'player: 攻擊 E 造成傷害 1'),
(5307, 205, 'E: 攻擊 player 造成傷害 3'),
(5308, 205, 'player: 攻擊 E 造成傷害 3'),
(5309, 205, 'E: 攻擊 player 造成傷害 3'),
(5310, 205, 'player: 攻擊 E 造成傷害 5'),
(5311, 205, 'E: 攻擊 player 造成傷害 2'),
(5312, 205, 'player: 攻擊 E 造成傷害 3'),
(5313, 205, 'E: 攻擊 player 造成傷害 1'),
(5314, 205, 'player: 攻擊 E 造成傷害 1'),
(5315, 205, 'E: 攻擊 player 造成傷害 3'),
(5316, 205, 'player: 攻擊 E 造成傷害 1'),
(5317, 205, 'E: 攻擊 player 造成傷害 1'),
(5318, 205, 'player: 攻擊 E 造成傷害 5'),
(5319, 205, 'E: 攻擊 player 造成傷害 4'),
(5320, 205, 'player: 攻擊 E 造成傷害 3'),
(5321, 205, 'E: 攻擊 player 造成傷害 1'),
(5322, 205, 'player: 攻擊 E 造成傷害 4'),
(5323, 205, 'E: 攻擊 player 造成傷害 1'),
(5324, 205, 'player: 攻擊 E 造成傷害 4'),
(5325, 205, 'E: 攻擊 player 造成傷害 3'),
(5326, 205, 'player: 攻擊 E 造成傷害 2'),
(5327, 205, 'E: 攻擊 player 造成傷害 4'),
(5328, 205, 'player: 攻擊 E 造成傷害 1'),
(5329, 205, 'E: 攻擊 player 造成傷害 1'),
(5330, 205, 'player: 攻擊 E 造成傷害 2'),
(5331, 205, 'E已擊敗，玩家贏得勝利'),
(5332, 205, 'player: 攻擊 G 造成傷害 1'),
(5333, 205, 'G: 攻擊 player 造成傷害 4'),
(5334, 205, 'player: 攻擊 G 造成傷害 1'),
(5335, 205, 'G: 攻擊 player 造成傷害 5'),
(5336, 205, 'player: 攻擊 G 造成傷害 2'),
(5337, 205, 'G: 攻擊 player 造成傷害 6'),
(5338, 205, 'player: 攻擊 G 造成傷害 2'),
(5339, 205, 'G: 攻擊 player 造成傷害 1'),
(5340, 205, 'player: 攻擊 G 造成傷害 2'),
(5341, 205, 'G: 攻擊 player 造成傷害 1'),
(5342, 205, 'player: 攻擊 G 造成傷害 2'),
(5343, 205, 'G: 攻擊 player 造成傷害 1'),
(5344, 205, 'player: 攻擊 G 造成傷害 3'),
(5345, 205, 'G: 攻擊 player 造成傷害 6'),
(5346, 205, 'player: 攻擊 G 造成傷害 1'),
(5347, 205, 'G: 攻擊 player 造成傷害 1'),
(5348, 205, 'player: 攻擊 G 造成傷害 4'),
(5349, 205, 'G: 攻擊 player 造成傷害 1'),
(5350, 205, 'player: 攻擊 G 造成傷害 1'),
(5351, 205, 'G: 攻擊 player 造成傷害 3'),
(5352, 205, 'player: 攻擊 G 造成傷害 2'),
(5353, 205, 'G: 攻擊 player 造成傷害 3'),
(5354, 205, 'player，已死亡'),
(5355, 205, 'player: 攻擊 A 造成傷害 2'),
(5356, 205, 'A: 攻擊 player 造成傷害 1'),
(5357, 205, 'player: 攻擊 A 造成傷害 4'),
(5358, 205, 'A: 攻擊 player 造成傷害 1'),
(5359, 205, 'player: 攻擊 A 造成傷害 4'),
(5360, 205, 'A已擊敗，玩家贏得勝利'),
(5361, 205, 'player: 攻擊 H 造成傷害 1'),
(5362, 205, 'H: 攻擊 player 造成傷害 3'),
(5363, 205, 'player: 攻擊 H 造成傷害 5'),
(5364, 205, 'H: 攻擊 player 造成傷害 3'),
(5365, 205, 'player: 攻擊 H 造成傷害 1'),
(5366, 205, 'H: 攻擊 player 造成傷害 1'),
(5367, 205, 'player: 攻擊 H 造成傷害 2'),
(5368, 205, 'H: 攻擊 player 造成傷害 1'),
(5369, 205, 'player: 攻擊 H 造成傷害 3'),
(5370, 205, 'H: 攻擊 player 造成傷害 1'),
(5371, 205, 'player: 攻擊 H 造成傷害 4'),
(5372, 205, 'H: 攻擊 player 造成傷害 2'),
(5373, 205, 'player: 攻擊 H 造成傷害 3'),
(5374, 205, 'H: 攻擊 player 造成傷害 1'),
(5375, 205, 'player: 攻擊 H 造成傷害 5'),
(5376, 205, 'H: 攻擊 player 造成傷害 3'),
(5377, 205, 'player: 攻擊 H 造成傷害 3'),
(5378, 205, 'H: 攻擊 player 造成傷害 1'),
(5379, 205, 'player: 攻擊 H 造成傷害 3'),
(5380, 205, 'H: 攻擊 player 造成傷害 1'),
(5381, 205, 'player: 攻擊 H 造成傷害 5'),
(5382, 205, 'H: 攻擊 player 造成傷害 2'),
(5383, 205, 'player: 攻擊 H 造成傷害 4'),
(5384, 205, 'H: 攻擊 player 造成傷害 2'),
(5385, 205, 'player: 攻擊 H 造成傷害 4'),
(5386, 205, 'H: 攻擊 player 造成傷害 3'),
(5387, 205, 'player: 攻擊 H 造成傷害 2'),
(5388, 205, 'H: 攻擊 player 造成傷害 1'),
(5389, 205, 'player: 攻擊 H 造成傷害 1'),
(5390, 205, 'H: 攻擊 player 造成傷害 2'),
(5391, 205, 'player: 攻擊 H 造成傷害 3'),
(5392, 205, 'H: 攻擊 player 造成傷害 1'),
(5393, 205, 'player: 攻擊 H 造成傷害 2'),
(5394, 205, 'H已擊敗，玩家贏得勝利'),
(5395, 205, 'player: 攻擊 C 造成傷害 5'),
(5396, 205, 'C: 攻擊 player 造成傷害 3'),
(5397, 205, 'player: 攻擊 C 造成傷害 5'),
(5398, 205, 'C: 攻擊 player 造成傷害 1'),
(5399, 205, 'player: 攻擊 C 造成傷害 3'),
(5400, 205, 'C: 攻擊 player 造成傷害 3'),
(5401, 205, 'player: 攻擊 C 造成傷害 2'),
(5402, 205, 'C: 攻擊 player 造成傷害 3'),
(5403, 205, 'player: 攻擊 C 造成傷害 4'),
(5404, 205, 'C: 攻擊 player 造成傷害 1'),
(5405, 205, 'player: 攻擊 C 造成傷害 2'),
(5406, 205, 'C: 攻擊 player 造成傷害 3'),
(5407, 205, 'player: 攻擊 C 造成傷害 4'),
(5408, 205, 'C已擊敗，玩家贏得勝利'),
(5409, 205, 'player: 攻擊 B 造成傷害 5'),
(5410, 205, 'B: 攻擊 player 造成傷害 1'),
(5411, 205, 'player: 攻擊 B 造成傷害 4'),
(5412, 205, 'B: 攻擊 player 造成傷害 1'),
(5413, 205, 'player: 攻擊 B 造成傷害 1'),
(5414, 205, 'B: 攻擊 player 造成傷害 1'),
(5415, 205, 'player: 攻擊 B 造成傷害 3'),
(5416, 205, 'B: 攻擊 player 造成傷害 1'),
(5417, 205, 'player: 攻擊 B 造成傷害 4'),
(5418, 205, 'B: 攻擊 player 造成傷害 1'),
(5419, 205, 'player: 攻擊 B 造成傷害 4'),
(5420, 205, 'B已擊敗，玩家贏得勝利'),
(5421, 205, 'player: 攻擊 H 造成傷害 1'),
(5422, 205, 'H: 攻擊 player 造成傷害 1'),
(5423, 205, 'player: 攻擊 H 造成傷害 4'),
(5424, 205, 'H: 攻擊 player 造成傷害 1'),
(5425, 205, 'player: 攻擊 H 造成傷害 1'),
(5426, 205, 'H: 攻擊 player 造成傷害 1'),
(5427, 205, 'player: 攻擊 H 造成傷害 2'),
(5428, 205, 'H: 攻擊 player 造成傷害 1'),
(5429, 205, 'player: 攻擊 H 造成傷害 3'),
(5430, 205, 'H: 攻擊 player 造成傷害 1'),
(5431, 205, 'player: 攻擊 H 造成傷害 4'),
(5432, 205, 'H: 攻擊 player 造成傷害 1'),
(5433, 205, 'player: 攻擊 H 造成傷害 2'),
(5434, 205, 'H: 攻擊 player 造成傷害 2'),
(5435, 205, 'player: 攻擊 H 造成傷害 1'),
(5436, 205, 'H: 攻擊 player 造成傷害 2'),
(5437, 205, 'player: 攻擊 H 造成傷害 3'),
(5438, 205, 'H: 攻擊 player 造成傷害 3'),
(5439, 205, 'player: 攻擊 H 造成傷害 2'),
(5440, 205, 'H: 攻擊 player 造成傷害 3'),
(5441, 205, 'player: 攻擊 H 造成傷害 4'),
(5442, 205, 'player: 攻擊 H 造成傷害 4'),
(5443, 205, 'H: 攻擊 player 造成傷害 3'),
(5444, 205, 'H: 攻擊 player 造成傷害 3'),
(5445, 205, 'player: 攻擊 H 造成傷害 4'),
(5446, 205, 'H: 攻擊 player 造成傷害 3'),
(5447, 205, 'player: 攻擊 H 造成傷害 4'),
(5448, 205, 'H: 攻擊 player 造成傷害 1'),
(5449, 205, 'player: 攻擊 H 造成傷害 3'),
(5450, 205, 'H: 攻擊 player 造成傷害 2'),
(5451, 205, 'player: 攻擊 H 造成傷害 1'),
(5452, 205, 'H: 攻擊 player 造成傷害 2'),
(5453, 205, 'player: 攻擊 H 造成傷害 2'),
(5454, 205, 'H: 攻擊 player 造成傷害 2'),
(5455, 205, 'player: 攻擊 H 造成傷害 2'),
(5456, 205, 'H: 攻擊 player 造成傷害 3'),
(5457, 205, 'player，已死亡'),
(5458, 205, 'player: 攻擊 A 造成傷害 4'),
(5459, 205, 'A: 攻擊 player 造成傷害 1'),
(5460, 205, 'player: 攻擊 A 造成傷害 2'),
(5461, 205, 'A: 攻擊 player 造成傷害 1'),
(5462, 205, 'player: 攻擊 A 造成傷害 5'),
(5463, 205, 'A已擊敗，玩家贏得勝利'),
(5464, 205, 'player: 攻擊 E 造成傷害 3'),
(5465, 205, 'E: 攻擊 player 造成傷害 4'),
(5466, 205, 'player: 攻擊 E 造成傷害 3'),
(5467, 205, 'E: 攻擊 player 造成傷害 4'),
(5468, 205, 'player: 攻擊 E 造成傷害 4'),
(5469, 205, 'E: 攻擊 player 造成傷害 1'),
(5470, 205, 'player: 攻擊 E 造成傷害 4'),
(5471, 205, 'E: 攻擊 player 造成傷害 4'),
(5472, 205, 'player: 攻擊 E 造成傷害 3'),
(5473, 205, 'E: 攻擊 player 造成傷害 4'),
(5474, 205, 'player: 攻擊 E 造成傷害 4'),
(5475, 205, 'E: 攻擊 player 造成傷害 4'),
(5476, 205, 'player: 攻擊 E 造成傷害 3'),
(5477, 205, 'E: 攻擊 player 造成傷害 3'),
(5478, 205, 'player: 攻擊 E 造成傷害 2'),
(5479, 205, 'E: 攻擊 player 造成傷害 3'),
(5480, 205, 'player: 攻擊 E 造成傷害 5'),
(5481, 205, 'E: 攻擊 player 造成傷害 4'),
(5482, 205, 'player，已死亡'),
(5483, 205, 'player: 攻擊 C 造成傷害 4'),
(5484, 205, 'C: 攻擊 player 造成傷害 2'),
(5485, 205, 'player: 攻擊 C 造成傷害 2'),
(5486, 205, 'C: 攻擊 player 造成傷害 2'),
(5487, 205, 'player: 攻擊 C 造成傷害 4'),
(5488, 205, 'C: 攻擊 player 造成傷害 1'),
(5489, 205, 'player: 攻擊 C 造成傷害 3'),
(5490, 205, 'C: 攻擊 player 造成傷害 2'),
(5491, 205, 'player: 攻擊 C 造成傷害 3'),
(5492, 205, 'C: 攻擊 player 造成傷害 3'),
(5493, 205, 'player: 攻擊 C 造成傷害 1'),
(5494, 205, 'player: 攻擊 C 造成傷害 3'),
(5495, 205, 'C: 攻擊 player 造成傷害 3'),
(5496, 205, 'C: 攻擊 player 造成傷害 3'),
(5497, 205, 'player: 攻擊 C 造成傷害 3'),
(5498, 205, 'C: 攻擊 player 造成傷害 3'),
(5499, 205, 'player: 攻擊 C 造成傷害 4'),
(5500, 205, 'C已擊敗，玩家贏得勝利'),
(5501, 205, 'player: 攻擊 A 造成傷害 3'),
(5502, 205, 'A: 攻擊 player 造成傷害 1'),
(5503, 205, 'player: 攻擊 A 造成傷害 1'),
(5504, 205, 'A: 攻擊 player 造成傷害 1'),
(5505, 205, 'player: 攻擊 A 造成傷害 1'),
(5506, 205, 'A: 攻擊 player 造成傷害 1'),
(5507, 205, 'player: 攻擊 A 造成傷害 4'),
(5508, 205, 'A: 攻擊 player 造成傷害 1'),
(5509, 205, 'player: 攻擊 A 造成傷害 4'),
(5510, 205, 'A已擊敗，玩家贏得勝利'),
(5511, 205, 'player: 攻擊 C 造成傷害 3'),
(5512, 205, 'C: 攻擊 player 造成傷害 1'),
(5513, 205, 'player: 攻擊 C 造成傷害 3'),
(5514, 205, 'C: 攻擊 player 造成傷害 1'),
(5515, 205, 'player: 攻擊 C 造成傷害 2'),
(5516, 205, 'C: 攻擊 player 造成傷害 2'),
(5517, 205, 'player: 攻擊 C 造成傷害 4'),
(5518, 205, 'C: 攻擊 player 造成傷害 1'),
(5519, 205, 'player: 攻擊 C 造成傷害 5'),
(5520, 205, 'C: 攻擊 player 造成傷害 2'),
(5521, 205, 'player: 攻擊 C 造成傷害 3'),
(5522, 205, 'C: 攻擊 player 造成傷害 1'),
(5523, 205, 'player: 攻擊 C 造成傷害 5'),
(5524, 205, 'C已擊敗，玩家贏得勝利'),
(5525, 205, 'player: 攻擊 F 造成傷害 1'),
(5526, 205, 'player: 攻擊 F 造成傷害 5'),
(5527, 205, 'player: 攻擊 F 造成傷害 3'),
(5528, 205, 'player: 攻擊 F 造成傷害 1'),
(5529, 205, 'F: 攻擊 player 造成傷害 1'),
(5530, 205, 'player: 攻擊 F 造成傷害 1'),
(5531, 205, 'F: 攻擊 player 造成傷害 3'),
(5532, 205, 'player: 攻擊 F 造成傷害 1'),
(5533, 205, 'F: 攻擊 player 造成傷害 3'),
(5534, 205, 'player: 攻擊 F 造成傷害 2'),
(5535, 205, 'F: 攻擊 player 造成傷害 1'),
(5536, 205, 'player: 攻擊 F 造成傷害 3'),
(5537, 205, 'F: 攻擊 player 造成傷害 1'),
(5538, 205, 'player: 攻擊 F 造成傷害 2'),
(5539, 205, 'F: 攻擊 player 造成傷害 3'),
(5540, 205, 'player: 攻擊 F 造成傷害 1'),
(5541, 205, 'F: 攻擊 player 造成傷害 3'),
(5542, 205, 'player: 攻擊 F 造成傷害 4'),
(5543, 205, 'F: 攻擊 player 造成傷害 1'),
(5544, 205, 'player: 攻擊 F 造成傷害 2'),
(5545, 205, 'F: 攻擊 player 造成傷害 1'),
(5546, 205, 'player: 攻擊 F 造成傷害 4'),
(5547, 205, 'F: 攻擊 player 造成傷害 3'),
(5548, 205, 'player: 攻擊 F 造成傷害 3'),
(5549, 205, 'F: 攻擊 player 造成傷害 3'),
(5550, 205, 'player: 攻擊 F 造成傷害 2'),
(5551, 205, 'F: 攻擊 player 造成傷害 2'),
(5552, 205, 'player: 攻擊 F 造成傷害 2'),
(5553, 205, 'F: 攻擊 player 造成傷害 2'),
(5554, 205, 'player: 攻擊 F 造成傷害 5'),
(5555, 205, 'F: 攻擊 player 造成傷害 2'),
(5556, 205, 'player: 攻擊 F 造成傷害 5'),
(5557, 205, 'F: 攻擊 player 造成傷害 2'),
(5558, 205, 'player，已死亡'),
(5559, 205, 'player: 攻擊 C 造成傷害 5'),
(5560, 205, 'C: 攻擊 player 造成傷害 3'),
(5561, 205, 'player: 攻擊 C 造成傷害 3'),
(5562, 205, 'C: 攻擊 player 造成傷害 3'),
(5563, 205, 'player: 攻擊 C 造成傷害 5'),
(5564, 205, 'C: 攻擊 player 造成傷害 1'),
(5565, 205, 'player: 攻擊 C 造成傷害 2'),
(5566, 205, 'C: 攻擊 player 造成傷害 3'),
(5567, 205, 'player: 攻擊 C 造成傷害 4'),
(5568, 205, 'C: 攻擊 player 造成傷害 3'),
(5569, 205, 'player: 攻擊 C 造成傷害 3'),
(5570, 205, 'C: 攻擊 player 造成傷害 3'),
(5571, 205, 'player: 攻擊 C 造成傷害 1'),
(5572, 205, 'C: 攻擊 player 造成傷害 1'),
(5573, 205, 'player: 攻擊 C 造成傷害 2'),
(5574, 205, 'C已擊敗，玩家贏得勝利'),
(5575, 205, 'player: 攻擊 A 造成傷害 3'),
(5576, 205, 'A: 攻擊 player 造成傷害 1'),
(5577, 205, 'player: 攻擊 A 造成傷害 2'),
(5578, 205, 'A: 攻擊 player 造成傷害 1'),
(5579, 205, 'player: 攻擊 A 造成傷害 1'),
(5580, 205, 'A: 攻擊 player 造成傷害 1'),
(5581, 205, 'player: 攻擊 A 造成傷害 5'),
(5582, 205, 'A已擊敗，玩家贏得勝利'),
(5583, 205, 'player: 攻擊 B 造成傷害 3'),
(5584, 205, 'B: 攻擊 player 造成傷害 1'),
(5585, 205, 'player: 攻擊 B 造成傷害 4'),
(5586, 205, 'B: 攻擊 player 造成傷害 1'),
(5587, 205, 'player: 攻擊 B 造成傷害 1'),
(5588, 205, 'B: 攻擊 player 造成傷害 1'),
(5589, 205, 'player: 攻擊 B 造成傷害 1'),
(5590, 205, 'B: 攻擊 player 造成傷害 1'),
(5591, 205, 'player: 攻擊 B 造成傷害 3'),
(5592, 205, 'B: 攻擊 player 造成傷害 1'),
(5593, 205, 'player: 攻擊 B 造成傷害 3'),
(5594, 205, 'B: 攻擊 player 造成傷害 1'),
(5595, 205, 'player: 攻擊 B 造成傷害 3'),
(5596, 205, 'B: 攻擊 player 造成傷害 1'),
(5597, 205, 'player: 攻擊 B 造成傷害 4'),
(5598, 205, 'B已擊敗，玩家贏得勝利'),
(5599, 205, 'player: 攻擊 J 造成傷害 5'),
(5600, 205, 'J: 攻擊 player 造成傷害 5'),
(5601, 205, 'player: 攻擊 J 造成傷害 5'),
(5602, 205, 'J: 攻擊 player 造成傷害 8'),
(5603, 205, 'player: 攻擊 J 造成傷害 3'),
(5604, 205, 'J: 攻擊 player 造成傷害 4'),
(5605, 205, 'player: 攻擊 J 造成傷害 3'),
(5606, 205, 'J: 攻擊 player 造成傷害 5'),
(5607, 205, 'player: 攻擊 J 造成傷害 2'),
(5608, 205, 'J: 攻擊 player 造成傷害 11'),
(5609, 205, 'player，已死亡'),
(5610, 205, 'player: 攻擊 D 造成傷害 3'),
(5611, 205, 'D: 攻擊 player 造成傷害 1'),
(5612, 205, 'player: 攻擊 D 造成傷害 2'),
(5613, 205, 'D: 攻擊 player 造成傷害 2'),
(5614, 205, 'player: 攻擊 D 造成傷害 3'),
(5615, 205, 'D: 攻擊 player 造成傷害 1'),
(5616, 205, 'player: 攻擊 D 造成傷害 5'),
(5617, 205, 'D: 攻擊 player 造成傷害 2'),
(5618, 205, 'player: 攻擊 D 造成傷害 5'),
(5619, 205, 'D: 攻擊 player 造成傷害 1'),
(5620, 205, 'player: 攻擊 D 造成傷害 5'),
(5621, 205, 'D: 攻擊 player 造成傷害 2'),
(5622, 205, 'player: 攻擊 D 造成傷害 5'),
(5623, 205, 'D: 攻擊 player 造成傷害 2'),
(5624, 205, 'player: 攻擊 D 造成傷害 3'),
(5625, 205, 'D已擊敗，玩家贏得勝利'),
(5626, 205, 'player: 攻擊 E 造成傷害 5'),
(5627, 205, 'E: 攻擊 player 造成傷害 4'),
(5628, 205, 'player: 攻擊 E 造成傷害 5'),
(5629, 205, 'E: 攻擊 player 造成傷害 2'),
(5630, 205, 'player: 攻擊 E 造成傷害 1'),
(5631, 205, 'E: 攻擊 player 造成傷害 2'),
(5632, 205, 'player: 攻擊 E 造成傷害 4'),
(5633, 205, 'E: 攻擊 player 造成傷害 2'),
(5634, 205, 'player: 攻擊 E 造成傷害 3'),
(5635, 205, 'E: 攻擊 player 造成傷害 3'),
(5636, 205, 'player: 攻擊 E 造成傷害 2'),
(5637, 205, 'E: 攻擊 player 造成傷害 2'),
(5638, 205, 'player: 攻擊 E 造成傷害 1'),
(5639, 205, 'E: 攻擊 player 造成傷害 4'),
(5640, 205, 'player: 攻擊 E 造成傷害 1'),
(5641, 205, 'E: 攻擊 player 造成傷害 2'),
(5642, 205, 'player: 攻擊 E 造成傷害 4'),
(5643, 205, 'E: 攻擊 player 造成傷害 1'),
(5644, 205, 'player: 攻擊 E 造成傷害 4'),
(5645, 205, 'E: 攻擊 player 造成傷害 3'),
(5646, 205, 'player: 攻擊 E 造成傷害 2'),
(5647, 205, 'E: 攻擊 player 造成傷害 1'),
(5648, 205, 'player: 攻擊 E 造成傷害 3'),
(5649, 205, 'E已擊敗，玩家贏得勝利'),
(5650, 205, 'player: 攻擊 B 造成傷害 1'),
(5651, 205, 'player: 攻擊 B 造成傷害 1'),
(5652, 205, 'B: 攻擊 player 造成傷害 1'),
(5653, 205, 'B: 攻擊 player 造成傷害 1'),
(5654, 205, 'player: 攻擊 B 造成傷害 2'),
(5655, 205, 'B: 攻擊 player 造成傷害 1'),
(5656, 205, 'player: 攻擊 B 造成傷害 4'),
(5657, 205, 'B: 攻擊 player 造成傷害 1'),
(5658, 205, 'player: 攻擊 B 造成傷害 4'),
(5659, 205, 'B: 攻擊 player 造成傷害 1'),
(5660, 205, 'player: 攻擊 B 造成傷害 2'),
(5661, 205, 'B: 攻擊 player 造成傷害 1'),
(5662, 205, 'player: 攻擊 B 造成傷害 4'),
(5663, 205, 'B: 攻擊 player 造成傷害 1'),
(5664, 205, 'player: 攻擊 B 造成傷害 3'),
(5665, 205, 'B已擊敗，玩家贏得勝利'),
(5666, 205, 'player: 攻擊 A 造成傷害 5'),
(5667, 205, 'A: 攻擊 player 造成傷害 1'),
(5668, 205, 'player: 攻擊 A 造成傷害 2'),
(5669, 205, 'A: 攻擊 player 造成傷害 1'),
(5670, 205, 'player: 攻擊 A 造成傷害 1'),
(5671, 205, 'A: 攻擊 player 造成傷害 1'),
(5672, 205, 'player: 攻擊 A 造成傷害 2'),
(5673, 205, 'A已擊敗，玩家贏得勝利'),
(5674, 205, 'player: 攻擊 A 造成傷害 4'),
(5675, 205, 'A: 攻擊 player 造成傷害 1'),
(5676, 205, 'player: 攻擊 A 造成傷害 4'),
(5677, 205, 'A: 攻擊 player 造成傷害 1'),
(5678, 205, 'player: 攻擊 A 造成傷害 3'),
(5679, 205, 'A已擊敗，玩家贏得勝利'),
(5680, 205, 'player: 攻擊 G 造成傷害 2'),
(5681, 205, 'G: 攻擊 player 造成傷害 4'),
(5682, 205, 'player: 攻擊 G 造成傷害 1'),
(5683, 205, 'G: 攻擊 player 造成傷害 3'),
(5684, 205, 'player: 攻擊 G 造成傷害 3'),
(5685, 205, 'G: 攻擊 player 造成傷害 2'),
(5686, 205, 'player: 攻擊 G 造成傷害 3'),
(5687, 205, 'G: 攻擊 player 造成傷害 5'),
(5688, 205, 'player: 攻擊 G 造成傷害 4'),
(5689, 205, 'G: 攻擊 player 造成傷害 5'),
(5690, 205, 'player: 攻擊 G 造成傷害 2'),
(5691, 205, 'G: 攻擊 player 造成傷害 6'),
(5692, 205, 'player: 攻擊 G 造成傷害 5'),
(5693, 205, 'G: 攻擊 player 造成傷害 3'),
(5694, 205, 'player: 攻擊 G 造成傷害 2'),
(5695, 205, 'G: 攻擊 player 造成傷害 1'),
(5696, 205, 'player: 攻擊 G 造成傷害 2'),
(5697, 205, 'G: 攻擊 player 造成傷害 5'),
(5698, 205, 'player，已死亡'),
(5699, 205, 'player: 攻擊 G 造成傷害 2'),
(5700, 205, 'G: 攻擊 player 造成傷害 1'),
(5701, 205, 'player: 攻擊 G 造成傷害 3'),
(5702, 205, 'G: 攻擊 player 造成傷害 5'),
(5703, 205, 'player: 攻擊 G 造成傷害 3'),
(5704, 205, 'G: 攻擊 player 造成傷害 4'),
(5705, 205, 'player: 攻擊 G 造成傷害 3'),
(5706, 205, 'G: 攻擊 player 造成傷害 3'),
(5707, 205, 'player: 攻擊 G 造成傷害 1'),
(5708, 205, 'G: 攻擊 player 造成傷害 5'),
(5709, 205, 'player: 攻擊 G 造成傷害 1'),
(5710, 205, 'G: 攻擊 player 造成傷害 5'),
(5711, 205, 'player: 攻擊 G 造成傷害 2'),
(5712, 205, 'G: 攻擊 player 造成傷害 1'),
(5713, 205, 'player: 攻擊 G 造成傷害 2'),
(5714, 205, 'G: 攻擊 player 造成傷害 6'),
(5715, 205, 'player，已死亡'),
(5716, 205, 'player: 攻擊 G 造成傷害 3'),
(5717, 205, 'G: 攻擊 player 造成傷害 2'),
(5718, 205, 'player，已死亡'),
(5719, 205, 'player: 攻擊 E 造成傷害 5'),
(5720, 205, 'player: 攻擊 E 造成傷害 5'),
(5721, 205, 'E: 攻擊 player 造成傷害 4'),
(5722, 205, 'E: 攻擊 player 造成傷害 4'),
(5723, 205, 'player: 攻擊 E 造成傷害 3'),
(5724, 205, 'E: 攻擊 player 造成傷害 2'),
(5725, 205, 'player: 攻擊 E 造成傷害 2'),
(5726, 205, 'E: 攻擊 player 造成傷害 2'),
(5727, 205, 'player: 攻擊 E 造成傷害 1'),
(5728, 205, 'E: 攻擊 player 造成傷害 4'),
(5729, 205, 'player: 攻擊 E 造成傷害 1'),
(5730, 205, 'E: 攻擊 player 造成傷害 3'),
(5731, 205, 'player: 攻擊 E 造成傷害 3'),
(5732, 205, 'E: 攻擊 player 造成傷害 1'),
(5733, 205, 'player: 攻擊 E 造成傷害 3'),
(5734, 205, 'E: 攻擊 player 造成傷害 2'),
(5735, 205, 'player: 攻擊 E 造成傷害 4'),
(5736, 205, 'E: 攻擊 player 造成傷害 4'),
(5737, 205, 'player: 攻擊 E 造成傷害 3'),
(5738, 205, 'E: 攻擊 player 造成傷害 1'),
(5739, 205, 'player: 攻擊 E 造成傷害 4'),
(5740, 205, 'E: 攻擊 player 造成傷害 2'),
(5741, 205, 'player: 攻擊 E 造成傷害 4'),
(5742, 205, 'E: 攻擊 player 造成傷害 4'),
(5743, 205, 'player: 攻擊 E 造成傷害 1'),
(5744, 205, 'E: 攻擊 player 造成傷害 1'),
(5745, 205, 'player，已死亡'),
(5746, 205, 'player: 攻擊 D 造成傷害 3'),
(5747, 205, 'D: 攻擊 player 造成傷害 2'),
(5748, 205, 'player: 攻擊 D 造成傷害 4'),
(5749, 205, 'D: 攻擊 player 造成傷害 2'),
(5750, 205, 'player: 攻擊 D 造成傷害 5'),
(5751, 205, 'D: 攻擊 player 造成傷害 2'),
(5752, 205, 'player: 攻擊 D 造成傷害 4'),
(5753, 205, 'D: 攻擊 player 造成傷害 1'),
(5754, 205, 'player: 攻擊 D 造成傷害 1'),
(5755, 205, 'D: 攻擊 player 造成傷害 1'),
(5756, 205, 'player: 攻擊 D 造成傷害 4'),
(5757, 205, 'D: 攻擊 player 造成傷害 1'),
(5758, 205, 'player: 攻擊 D 造成傷害 5'),
(5759, 205, 'D: 攻擊 player 造成傷害 1'),
(5760, 205, 'player: 攻擊 D 造成傷害 2'),
(5761, 205, 'D: 攻擊 player 造成傷害 2'),
(5762, 205, 'player: 攻擊 D 造成傷害 3'),
(5763, 205, 'D已擊敗，玩家贏得勝利'),
(5764, 206, 'player: 攻擊 G 造成傷害 2'),
(5765, 206, 'G: 攻擊 player 造成傷害 5'),
(5766, 206, 'player，已死亡'),
(5767, 206, 'player: 攻擊 I 造成傷害 5'),
(5768, 206, 'I: 攻擊 player 造成傷害 2'),
(5769, 206, 'player: 攻擊 I 造成傷害 4'),
(5770, 206, 'I: 攻擊 player 造成傷害 1'),
(5771, 206, 'player: 攻擊 I 造成傷害 4'),
(5772, 206, 'I: 攻擊 player 造成傷害 2'),
(5773, 206, 'player: 攻擊 I 造成傷害 2'),
(5774, 206, 'I: 攻擊 player 造成傷害 1'),
(5775, 206, 'player: 攻擊 I 造成傷害 5'),
(5776, 206, 'I: 攻擊 player 造成傷害 1'),
(5777, 206, 'player: 攻擊 I 造成傷害 5'),
(5778, 206, 'I: 攻擊 player 造成傷害 2'),
(5779, 206, 'player: 攻擊 I 造成傷害 5'),
(5780, 206, 'I: 攻擊 player 造成傷害 1'),
(5781, 206, 'player: 攻擊 I 造成傷害 2'),
(5782, 206, 'I: 攻擊 player 造成傷害 1'),
(5783, 206, 'player: 攻擊 I 造成傷害 4'),
(5784, 206, 'I: 攻擊 player 造成傷害 2'),
(5785, 207, 'player: 攻擊 C 造成傷害 4'),
(5786, 207, 'C: 攻擊 player 造成傷害 2'),
(5787, 207, 'player: 攻擊 C 造成傷害 1'),
(5788, 207, 'C: 攻擊 player 造成傷害 1'),
(5789, 207, 'player: 攻擊 C 造成傷害 3'),
(5790, 207, 'C: 攻擊 player 造成傷害 2'),
(5791, 207, 'player: 攻擊 C 造成傷害 3'),
(5792, 207, 'C: 攻擊 player 造成傷害 2'),
(5793, 207, 'player: 攻擊 C 造成傷害 4'),
(5794, 207, 'C: 攻擊 player 造成傷害 2'),
(5795, 207, 'player: 攻擊 C 造成傷害 2'),
(5796, 207, 'C: 攻擊 player 造成傷害 1'),
(5797, 207, 'player: 攻擊 C 造成傷害 2'),
(5798, 207, 'C: 攻擊 player 造成傷害 1'),
(5799, 207, 'player: 攻擊 C 造成傷害 4'),
(5800, 207, 'C: 攻擊 player 造成傷害 1'),
(5801, 207, 'player: 攻擊 C 造成傷害 4'),
(5802, 207, 'C已擊敗，玩家贏得勝利'),
(5803, 207, 'player: 攻擊 C 造成傷害 5'),
(5804, 207, 'C: 攻擊 player 造成傷害 3'),
(5805, 207, 'player: 攻擊 C 造成傷害 3'),
(5806, 207, 'C: 攻擊 player 造成傷害 1'),
(5807, 207, 'player: 攻擊 C 造成傷害 2'),
(5808, 207, 'C: 攻擊 player 造成傷害 2'),
(5809, 207, 'player: 攻擊 C 造成傷害 3'),
(5810, 207, 'C: 攻擊 player 造成傷害 2');

-- --------------------------------------------------------

--
-- 資料表結構 `player_tab`
--

CREATE TABLE `player_tab` (
  `py_id` bigint(20) NOT NULL,
  `py_name` varchar(20) NOT NULL,
  `py_attack` int(20) NOT NULL,
  `py_hp` int(20) NOT NULL,
  `py_date` date NOT NULL
) ENGINE=InnoDB DEFAULT CHARSET=utf8;

--
-- 傾印資料表的資料 `player_tab`
--

INSERT INTO `player_tab` (`py_id`, `py_name`, `py_attack`, `py_hp`, `py_date`) VALUES
(1, 'player', 5, 30, '2022-02-13');

-- --------------------------------------------------------

--
-- 資料表結構 `register_tab`
--

CREATE TABLE `register_tab` (
  `rg_id` bigint(20) NOT NULL,
  `rg_name` varchar(20) NOT NULL,
  `rg_acount` varchar(20) NOT NULL,
  `rg_pwd` varchar(20) NOT NULL,
  `rg_date` date NOT NULL
) ENGINE=InnoDB DEFAULT CHARSET=utf8;

--
-- 傾印資料表的資料 `register_tab`
--

INSERT INTO `register_tab` (`rg_id`, `rg_name`, `rg_acount`, `rg_pwd`, `rg_date`) VALUES
(1, '9513', 'asd50157', '123456', '2022-02-15');

-- --------------------------------------------------------

--
-- 資料表結構 `startgame_tab`
--

CREATE TABLE `startgame_tab` (
  `sg_id` bigint(20) NOT NULL,
  `sg_player_id` bigint(20) NOT NULL,
  `sg_date` date NOT NULL
) ENGINE=InnoDB DEFAULT CHARSET=utf8;

--
-- 傾印資料表的資料 `startgame_tab`
--

INSERT INTO `startgame_tab` (`sg_id`, `sg_player_id`, `sg_date`) VALUES
(59, 1, '2022-02-13'),
(60, 1, '2022-02-13'),
(61, 1, '2022-02-14'),
(62, 1, '2022-02-14'),
(63, 1, '2022-02-14'),
(64, 1, '2022-02-14'),
(65, 1, '2022-02-14'),
(66, 1, '2022-02-14'),
(67, 1, '2022-02-14'),
(68, 1, '2022-02-14'),
(69, 1, '2022-02-14'),
(70, 1, '2022-02-14'),
(71, 1, '2022-02-14'),
(72, 1, '2022-02-14'),
(73, 1, '2022-02-14'),
(74, 1, '2022-02-14'),
(75, 1, '2022-02-14'),
(76, 1, '2022-02-14'),
(77, 1, '2022-02-14'),
(78, 1, '2022-02-14'),
(79, 1, '2022-02-14'),
(80, 1, '2022-02-14'),
(81, 1, '2022-02-14'),
(82, 1, '2022-02-14'),
(83, 1, '2022-02-14'),
(84, 1, '2022-02-14'),
(85, 1, '2022-02-14'),
(86, 1, '2022-02-14'),
(87, 1, '2022-02-14'),
(88, 1, '2022-02-14'),
(89, 1, '2022-02-14'),
(90, 1, '2022-02-14'),
(91, 1, '2022-02-14'),
(92, 1, '2022-02-14'),
(93, 1, '2022-02-14'),
(94, 1, '2022-02-14'),
(95, 1, '2022-02-14'),
(96, 1, '2022-02-14'),
(97, 1, '2022-02-14'),
(98, 1, '2022-02-14'),
(99, 1, '2022-02-14'),
(100, 1, '2022-02-14'),
(101, 1, '2022-02-14'),
(102, 1, '2022-02-14'),
(103, 1, '2022-02-14'),
(104, 1, '2022-02-14'),
(105, 1, '2022-02-14'),
(106, 1, '2022-02-14'),
(107, 1, '2022-02-14'),
(108, 1, '2022-02-14'),
(109, 1, '2022-02-14'),
(110, 1, '2022-02-14'),
(111, 1, '2022-02-14'),
(112, 1, '2022-02-14'),
(113, 1, '2022-02-14'),
(114, 1, '2022-02-14'),
(115, 1, '2022-02-14'),
(116, 1, '2022-02-14'),
(117, 1, '2022-02-14'),
(118, 1, '2022-02-14'),
(119, 1, '2022-02-14'),
(120, 1, '2022-02-14'),
(121, 1, '2022-02-14'),
(122, 1, '2022-02-14'),
(123, 1, '2022-02-14'),
(124, 1, '2022-02-14'),
(125, 1, '2022-02-14'),
(126, 1, '2022-02-14'),
(127, 1, '2022-02-14'),
(128, 1, '2022-02-14'),
(129, 1, '2022-02-14'),
(130, 1, '2022-02-14'),
(131, 1, '2022-02-14'),
(132, 1, '2022-02-14'),
(133, 1, '2022-02-14'),
(134, 1, '2022-02-14'),
(135, 1, '2022-02-14'),
(136, 1, '2022-02-14'),
(137, 1, '2022-02-14'),
(138, 1, '2022-02-14'),
(139, 1, '2022-02-14'),
(140, 1, '2022-02-14'),
(141, 1, '2022-02-14'),
(142, 1, '2022-02-14'),
(143, 1, '2022-02-14'),
(144, 1, '2022-02-14'),
(145, 1, '2022-02-14'),
(146, 1, '2022-02-14'),
(147, 1, '2022-02-14'),
(148, 1, '2022-02-14'),
(149, 1, '2022-02-14'),
(150, 1, '2022-02-14'),
(151, 1, '2022-02-14'),
(152, 1, '2022-02-14'),
(153, 1, '2022-02-14'),
(154, 1, '2022-02-14'),
(155, 1, '2022-02-14'),
(156, 1, '2022-02-14'),
(157, 1, '2022-02-14'),
(158, 1, '2022-02-14'),
(159, 1, '2022-02-14'),
(160, 1, '2022-02-14'),
(161, 1, '2022-02-14'),
(162, 1, '2022-02-14'),
(163, 1, '2022-02-14'),
(164, 1, '2022-02-14'),
(165, 1, '2022-02-14'),
(166, 1, '2022-02-14'),
(167, 1, '2022-02-14'),
(168, 1, '2022-02-14'),
(169, 1, '2022-02-14'),
(170, 1, '2022-02-14'),
(171, 1, '2022-02-14'),
(172, 1, '2022-02-14'),
(173, 1, '2022-02-14'),
(174, 1, '2022-02-14'),
(175, 1, '2022-02-14'),
(176, 1, '2022-02-14'),
(177, 1, '2022-02-14'),
(178, 1, '2022-02-14'),
(179, 1, '2022-02-14'),
(180, 1, '2022-02-14'),
(181, 1, '2022-02-14'),
(182, 1, '2022-02-14'),
(183, 1, '2022-02-14'),
(184, 1, '2022-02-14'),
(185, 1, '2022-02-14'),
(186, 1, '2022-02-14'),
(187, 1, '2022-02-14'),
(188, 1, '2022-02-14'),
(189, 1, '2022-02-14'),
(190, 1, '2022-02-14'),
(191, 1, '2022-02-14'),
(192, 1, '2022-02-14'),
(193, 1, '2022-02-15'),
(194, 1, '2022-02-15'),
(195, 1, '2022-02-15'),
(196, 1, '2022-02-15'),
(197, 1, '2022-02-15'),
(198, 1, '2022-02-15'),
(199, 1, '2022-02-15'),
(200, 1, '2022-02-15'),
(201, 1, '2022-02-15'),
(202, 1, '2022-02-15'),
(203, 1, '2022-02-15'),
(204, 1, '2022-02-15'),
(205, 1, '2022-02-15'),
(206, 1, '2022-02-15'),
(207, 1, '2022-02-15');

--
-- 已傾印資料表的索引
--

--
-- 資料表索引 `arms_tab`
--
ALTER TABLE `arms_tab`
  ADD PRIMARY KEY (`as_id`);

--
-- 資料表索引 `monster_tab`
--
ALTER TABLE `monster_tab`
  ADD PRIMARY KEY (`ms_id`);

--
-- 資料表索引 `msg_tab`
--
ALTER TABLE `msg_tab`
  ADD PRIMARY KEY (`msg_id`);

--
-- 資料表索引 `player_tab`
--
ALTER TABLE `player_tab`
  ADD PRIMARY KEY (`py_id`);

--
-- 資料表索引 `register_tab`
--
ALTER TABLE `register_tab`
  ADD PRIMARY KEY (`rg_id`);

--
-- 資料表索引 `startgame_tab`
--
ALTER TABLE `startgame_tab`
  ADD PRIMARY KEY (`sg_id`);

--
-- 在傾印的資料表使用自動遞增(AUTO_INCREMENT)
--

--
-- 使用資料表自動遞增(AUTO_INCREMENT) `arms_tab`
--
ALTER TABLE `arms_tab`
  MODIFY `as_id` bigint(20) NOT NULL AUTO_INCREMENT, AUTO_INCREMENT=11;

--
-- 使用資料表自動遞增(AUTO_INCREMENT) `monster_tab`
--
ALTER TABLE `monster_tab`
  MODIFY `ms_id` bigint(20) NOT NULL AUTO_INCREMENT, AUTO_INCREMENT=11;

--
-- 使用資料表自動遞增(AUTO_INCREMENT) `msg_tab`
--
ALTER TABLE `msg_tab`
  MODIFY `msg_id` bigint(20) NOT NULL AUTO_INCREMENT, AUTO_INCREMENT=5811;

--
-- 使用資料表自動遞增(AUTO_INCREMENT) `player_tab`
--
ALTER TABLE `player_tab`
  MODIFY `py_id` bigint(20) NOT NULL AUTO_INCREMENT, AUTO_INCREMENT=2;

--
-- 使用資料表自動遞增(AUTO_INCREMENT) `register_tab`
--
ALTER TABLE `register_tab`
  MODIFY `rg_id` bigint(20) NOT NULL AUTO_INCREMENT, AUTO_INCREMENT=2;

--
-- 使用資料表自動遞增(AUTO_INCREMENT) `startgame_tab`
--
ALTER TABLE `startgame_tab`
  MODIFY `sg_id` bigint(20) NOT NULL AUTO_INCREMENT, AUTO_INCREMENT=208;
COMMIT;

/*!40101 SET CHARACTER_SET_CLIENT=@OLD_CHARACTER_SET_CLIENT */;
/*!40101 SET CHARACTER_SET_RESULTS=@OLD_CHARACTER_SET_RESULTS */;
/*!40101 SET COLLATION_CONNECTION=@OLD_COLLATION_CONNECTION */;
